[
  {
    "id": 1,
    "tema": "NET/SJS",
    "pregunta": "Una paciente en la UCI con sepsis grave desarrolla rápidamente ampollas flácidas, grandes áreas de despegamiento epidérmico y signo de Nikolsky positivo. La sospecha diagnóstica prioritaria es:",
    "opciones": {
      "a": "Pénfigo Vulgar",
      "b": "Síndrome de Stevens-Johnson (SJS)",
      "c": "Necrólisis Epidérmica Tóxica (NET)",
      "d": "Dermatitis por Contacto Alérgica"
    },
    "respuesta_correcta": "c",
    "justificacion": "La Necrólisis Epidérmica Tóxica (NET) se presenta con ampollas flácidas y despegamiento epidérmico masivo (>30% de SCQ) y es la emergencia dermatológica más grave en la UCI, frecuentemente asociada a fármacos y sepsis."
  },
  {
    "id": 2,
    "tema": "Leyes de Trasplante",
    "pregunta": "Según la Ley de Trasplante y Donación de Órganos (Ej. Ley 27447 - Argentina), la donación de órganos es considerada:",
    "opciones": {
      "a": "Donación Opt-in (debe manifestarse la voluntad de donar).",
      "b": "Donación Opt-out (donante presunto, salvo manifestación en contrario).",
      "c": "Dependiente exclusivamente de la decisión familiar post-mortem.",
      "d": "Solo permitida para donantes vivos relacionados."
    },
    "respuesta_correcta": "b",
    "justificacion": "La Ley Justina (Argentina) establece el consentimiento presunto (Opt-out), donde toda persona mayor de 18 años es considerada donante, salvo que haya dejado constancia expresa de lo contrario."
  },
  {
    "id": 3,
    "tema": "Manejo UCI / UPP",
    "pregunta": "En un paciente ventilado, la prevención de úlceras por presión (UPP) en la zona sacra y talones incluye, como estándar de cuidado, lo siguiente, EXCEPTO:",
    "opciones": {
      "a": "Rotación y cambios posturales programados cada 2-3 horas.",
      "b": "Uso de colchones y cojines de alivio de presión (ej. de presión alterna).",
      "c": "Inspección diaria de la piel.",
      "d": "Masaje vigoroso en prominencias óseas para mejorar la circulación."
    },
    "respuesta_correcta": "d",
    "justificacion": "Masajear vigorosamente las prominencias óseas está contraindicado ya que puede causar daño tisular adicional debido a la fragilidad de la piel y el tejido subyacente por isquemia."
  },
  {
    "id": 4,
    "tema": "NET/SJS",
    "pregunta": "Una paciente en la UCI con sepsis grave desarrolla rápidamente ampollas flácidas, grandes áreas de despegamiento epidérmico y signo de Nikolsky positivo. La sospecha diagnóstica prioritaria es:",
    "opciones": {
      "a": "Pénfigo Vulgar",
      "b": "Síndrome de Stevens-Johnson (SJS)",
      "c": "Necrólisis Epidérmica Tóxica (NET)",
      "d": "Dermatitis por Contacto Alérgica"
    },
    "respuesta_correcta": "c",
    "justificacion": "La Necrólisis Epidérmica Tóxica (NET) se presenta con ampollas flácidas y despegamiento epidérmico masivo (>30% de SCQ) y es la emergencia dermatológica más grave en la UCI, frecuentemente asociada a fármacos y sepsis."
  },
  {
    "id": 5,
    "tema": "Leyes de Trasplante",
    "pregunta": "Según la Ley de Trasplante y Donación de Órganos (Ej. Ley 27447 - Argentina), la donación de órganos es considerada:",
    "opciones": {
      "a": "Donación Opt-in (debe manifestarse la voluntad de donar).",
      "b": "Donación Opt-out (donante presunto, salvo manifestación en contrario).",
      "c": "Dependiente exclusivamente de la decisión familiar post-mortem.",
      "d": "Solo permitida para donantes vivos relacionados."
    },
    "respuesta_correcta": "b",
    "justificacion": "La Ley Justina (Argentina) establece el consentimiento presunto (Opt-out), donde toda persona mayor de 18 años es considerada donante, salvo que haya dejado constancia expresa de lo contrario."
  },
  {
    "id": 6,
    "tema": "Manejo UCI / UPP",
    "pregunta": "En un paciente ventilado, la prevención de úlceras por presión (UPP) en la zona sacra y talones incluye, como estándar de cuidado, lo siguiente, EXCEPTO:",
    "opciones": {
      "a": "Rotación y cambios posturales programados cada 2-3 horas.",
      "b": "Uso de colchones y cojines de alivio de presión (ej. de presión alterna).",
      "c": "Inspección diaria de la piel.",
      "d": "Masaje vigoroso en prominencias óseas para mejorar la circulación."
    },
    "respuesta_correcta": "d",
    "justificacion": "Masajear vigorosamente las prominencias óseas está contraindicado ya que puede causar daño tisular adicional debido a la fragilidad de la piel y el tejido subyacente por isquemia."
  },
  {
    "id": 7,
    "tema": "NET/SJS",
    "pregunta": "Una paciente en la UCI con sepsis grave desarrolla rápidamente ampollas flácidas, grandes áreas de despegamiento epidérmico y signo de Nikolsky positivo. La sospecha diagnóstica prioritaria es:",
    "opciones": {
      "a": "Pénfigo Vulgar",
      "b": "Síndrome de Stevens-Johnson (SJS)",
      "c": "Necrólisis Epidérmica Tóxica (NET)",
      "d": "Dermatitis por Contacto Alérgica"
    },
    "respuesta_correcta": "c",
    "justificacion": "La Necrólisis Epidérmica Tóxica (NET) se presenta con ampollas flácidas y despegamiento epidérmico masivo (>30% de SCQ) y es la emergencia dermatológica más grave en la UCI, frecuentemente asociada a fármacos y sepsis."
  },
  {
    "id": 8,
    "tema": "Leyes de Trasplante",
    "pregunta": "Según la Ley de Trasplante y Donación de Órganos (Ej. Ley 27447 - Argentina), la donación de órganos es considerada:",
    "opciones": {
      "a": "Donación Opt-in (debe manifestarse la voluntad de donar).",
      "b": "Donación Opt-out (donante presunto, salvo manifestación en contrario).",
      "c": "Dependiente exclusivamente de la decisión familiar post-mortem.",
      "d": "Solo permitida para donantes vivos relacionados."
    },
    "respuesta_correcta": "b",
    "justificacion": "La Ley Justina (Argentina) establece el consentimiento presunto (Opt-out), donde toda persona mayor de 18 años es considerada donante, salvo que haya dejado constancia expresa de lo contrario."
  },
  {
    "id": 9,
    "tema": "Manejo UCI / UPP",
    "pregunta": "En un paciente ventilado, la prevención de úlceras por presión (UPP) en la zona sacra y talones incluye, como estándar de cuidado, lo siguiente, EXCEPTO:",
    "opciones": {
      "a": "Rotación y cambios posturales programados cada 2-3 horas.",
      "b": "Uso de colchones y cojines de alivio de presión (ej. de presión alterna).",
      "c": "Inspección diaria de la piel.",
      "d": "Masaje vigoroso en prominencias óseas para mejorar la circulación."
    },
    "respuesta_correcta": "d",
    "justificacion": "Masajear vigorosamente las prominencias óseas está contraindicado ya que puede causar daño tisular adicional debido a la fragilidad de la piel y el tejido subyacente por isquemia."
  },
  {
    "id": 10,
    "tema": "NET/SJS",
    "pregunta": "Una paciente en la UCI con sepsis grave desarrolla rápidamente ampollas flácidas, grandes áreas de despegamiento epidérmico y signo de Nikolsky positivo. La sospecha diagnóstica prioritaria es:",
    "opciones": {
      "a": "Pénfigo Vulgar",
      "b": "Síndrome de Stevens-Johnson (SJS)",
      "c": "Necrólisis Epidérmica Tóxica (NET)",
      "d": "Dermatitis por Contacto Alérgica"
    },
    "respuesta_correcta": "c",
    "justificacion": "La Necrólisis Epidérmica Tóxica (NET) se presenta con ampollas flácidas y despegamiento epidérmico masivo (>30% de SCQ) y es la emergencia dermatológica más grave en la UCI, frecuentemente asociada a fármacos y sepsis."
  },
  {
    "id": 11,
    "tema": "Leyes de Trasplante",
    "pregunta": "Según la Ley de Trasplante y Donación de Órganos (Ej. Ley 27447 - Argentina), la donación de órganos es considerada:",
    "opciones": {
      "a": "Donación Opt-in (debe manifestarse la voluntad de donar).",
      "b": "Donación Opt-out (donante presunto, salvo manifestación en contrario).",
      "c": "Dependiente exclusivamente de la decisión familiar post-mortem.",
      "d": "Solo permitida para donantes vivos relacionados."
    },
    "respuesta_correcta": "b",
    "justificacion": "La Ley Justina (Argentina) establece el consentimiento presunto (Opt-out), donde toda persona mayor de 18 años es considerada donante, salvo que haya dejado constancia expresa de lo contrario."
  },
  {
    "id": 12,
    "tema": "Manejo UCI / UPP",
    "pregunta": "En un paciente ventilado, la prevención de úlceras por presión (UPP) en la zona sacra y talones incluye, como estándar de cuidado, lo siguiente, EXCEPTO:",
    "opciones": {
      "a": "Rotación y cambios posturales programados cada 2-3 horas.",
      "b": "Uso de colchones y cojines de alivio de presión (ej. de presión alterna).",
      "c": "Inspección diaria de la piel.",
      "d": "Masaje vigoroso en prominencias óseas para mejorar la circulación."
    },
    "respuesta_correcta": "d",
    "justificacion": "Masajear vigorosamente las prominencias óseas está contraindicado ya que puede causar daño tisular adicional debido a la fragilidad de la piel y el tejido subyacente por isquemia."
  },
  {
    "id": 13,
    "tema": "NET/SJS",
    "pregunta": "Una paciente en la UCI con sepsis grave desarrolla rápidamente ampollas flácidas, grandes áreas de despegamiento epidérmico y signo de Nikolsky positivo. La sospecha diagnóstica prioritaria es:",
    "opciones": {
      "a": "Pénfigo Vulgar",
      "b": "Síndrome de Stevens-Johnson (SJS)",
      "c": "Necrólisis Epidérmica Tóxica (NET)",
      "d": "Dermatitis por Contacto Alérgica"
    },
    "respuesta_correcta": "c",
    "justificacion": "La Necrólisis Epidérmica Tóxica (NET) se presenta con ampollas flácidas y despegamiento epidérmico masivo (>30% de SCQ) y es la emergencia dermatológica más grave en la UCI, frecuentemente asociada a fármacos y sepsis."
  },
  {
    "id": 14,
    "tema": "Leyes de Trasplante",
    "pregunta": "Según la Ley de Trasplante y Donación de Órganos (Ej. Ley 27447 - Argentina), la donación de órganos es considerada:",
    "opciones": {
      "a": "Donación Opt-in (debe manifestarse la voluntad de donar).",
      "b": "Donación Opt-out (donante presunto, salvo manifestación en contrario).",
      "c": "Dependiente exclusivamente de la decisión familiar post-mortem.",
      "d": "Solo permitida para donantes vivos relacionados."
    },
    "respuesta_correcta": "b",
    "justificacion": "La Ley Justina (Argentina) establece el consentimiento presunto (Opt-out), donde toda persona mayor de 18 años es considerada donante, salvo que haya dejado constancia expresa de lo contrario."
  },
  {
    "id": 15,
    "tema": "Manejo UCI / UPP",
    "pregunta": "En un paciente ventilado, la prevención de úlceras por presión (UPP) en la zona sacra y talones incluye, como estándar de cuidado, lo siguiente, EXCEPTO:",
    "opciones": {
      "a": "Rotación y cambios posturales programados cada 2-3 horas.",
      "b": "Uso de colchones y cojines de alivio de presión (ej. de presión alterna).",
      "c": "Inspección diaria de la piel.",
      "d": "Masaje vigoroso en prominencias óseas para mejorar la circulación."
    },
    "respuesta_correcta": "d",
    "justificacion": "Masajear vigorosamente las prominencias óseas está contraindicado ya que puede causar daño tisular adicional debido a la fragilidad de la piel y el tejido subyacente por isquemia."
  },
  {
    "id": 16,
    "tema": "NET/SJS",
    "pregunta": "Una paciente en la UCI con sepsis grave desarrolla rápidamente ampollas flácidas, grandes áreas de despegamiento epidérmico y signo de Nikolsky positivo. La sospecha diagnóstica prioritaria es:",
    "opciones": {
      "a": "Pénfigo Vulgar",
      "b": "Síndrome de Stevens-Johnson (SJS)",
      "c": "Necrólisis Epidérmica Tóxica (NET)",
      "d": "Dermatitis por Contacto Alérgica"
    },
    "respuesta_correcta": "c",
    "justificacion": "La Necrólisis Epidérmica Tóxica (NET) se presenta con ampollas flácidas y despegamiento epidérmico masivo (>30% de SCQ) y es la emergencia dermatológica más grave en la UCI, frecuentemente asociada a fármacos y sepsis."
  },
  {
    "id": 17,
    "tema": "Leyes de Trasplante",
    "pregunta": "Según la Ley de Trasplante y Donación de Órganos (Ej. Ley 27447 - Argentina), la donación de órganos es considerada:",
    "opciones": {
      "a": "Donación Opt-in (debe manifestarse la voluntad de donar).",
      "b": "Donación Opt-out (donante presunto, salvo manifestación en contrario).",
      "c": "Dependiente exclusivamente de la decisión familiar post-mortem.",
      "d": "Solo permitida para donantes vivos relacionados."
    },
    "respuesta_correcta": "b",
    "justificacion": "La Ley Justina (Argentina) establece el consentimiento presunto (Opt-out), donde toda persona mayor de 18 años es considerada donante, salvo que haya dejado constancia expresa de lo contrario."
  },
  {
    "id": 18,
    "tema": "Manejo UCI / UPP",
    "pregunta": "En un paciente ventilado, la prevención de úlceras por presión (UPP) en la zona sacra y talones incluye, como estándar de cuidado, lo siguiente, EXCEPTO:",
    "opciones": {
      "a": "Rotación y cambios posturales programados cada 2-3 horas.",
      "b": "Uso de colchones y cojines de alivio de presión (ej. de presión alterna).",
      "c": "Inspección diaria de la piel.",
      "d": "Masaje vigoroso en prominencias óseas para mejorar la circulación."
    },
    "respuesta_correcta": "d",
    "justificacion": "Masajear vigorosamente las prominencias óseas está contraindicado ya que puede causar daño tisular adicional debido a la fragilidad de la piel y el tejido subyacente por isquemia."
  },
  {
    "id": 19,
    "tema": "NET/SJS",
    "pregunta": "Una paciente en la UCI con sepsis grave desarrolla rápidamente ampollas flácidas, grandes áreas de despegamiento epidérmico y signo de Nikolsky positivo. La sospecha diagnóstica prioritaria es:",
    "opciones": {
      "a": "Pénfigo Vulgar",
      "b": "Síndrome de Stevens-Johnson (SJS)",
      "c": "Necrólisis Epidérmica Tóxica (NET)",
      "d": "Dermatitis por Contacto Alérgica"
    },
    "respuesta_correcta": "c",
    "justificacion": "La Necrólisis Epidérmica Tóxica (NET) se presenta con ampollas flácidas y despegamiento epidérmico masivo (>30% de SCQ) y es la emergencia dermatológica más grave en la UCI, frecuentemente asociada a fármacos y sepsis."
  },
  {
    "id": 20,
    "tema": "Leyes de Trasplante",
    "pregunta": "Según la Ley de Trasplante y Donación de Órganos (Ej. Ley 27447 - Argentina), la donación de órganos es considerada:",
    "opciones": {
      "a": "Donación Opt-in (debe manifestarse la voluntad de donar).",
      "b": "Donación Opt-out (donante presunto, salvo manifestación en contrario).",
      "c": "Dependiente exclusivamente de la decisión familiar post-mortem.",
      "d": "Solo permitida para donantes vivos relacionados."
    },
    "respuesta_correcta": "b",
    "justificacion": "La Ley Justina (Argentina) establece el consentimiento presunto (Opt-out), donde toda persona mayor de 18 años es considerada donante, salvo que haya dejado constancia expresa de lo contrario."
  },
  {
    "id": 21,
    "tema": "Manejo UCI / UPP",
    "pregunta": "En un paciente ventilado, la prevención de úlceras por presión (UPP) en la zona sacra y talones incluye, como estándar de cuidado, lo siguiente, EXCEPTO:",
    "opciones": {
      "a": "Rotación y cambios posturales programados cada 2-3 horas.",
      "b": "Uso de colchones y cojines de alivio de presión (ej. de presión alterna).",
      "c": "Inspección diaria de la piel.",
      "d": "Masaje vigoroso en prominencias óseas para mejorar la circulación."
    },
    "respuesta_correcta": "d",
    "justificacion": "Masajear vigorosamente las prominencias óseas está contraindicado ya que puede causar daño tisular adicional debido a la fragilidad de la piel y el tejido subyacente por isquemia."
  },
  {
    "id": 22,
    "tema": "NET/SJS",
    "pregunta": "Una paciente en la UCI con sepsis grave desarrolla rápidamente ampollas flácidas, grandes áreas de despegamiento epidérmico y signo de Nikolsky positivo. La sospecha diagnóstica prioritaria es:",
    "opciones": {
      "a": "Pénfigo Vulgar",
      "b": "Síndrome de Stevens-Johnson (SJS)",
      "c": "Necrólisis Epidérmica Tóxica (NET)",
      "d": "Dermatitis por Contacto Alérgica"
    },
    "respuesta_correcta": "c",
    "justificacion": "La Necrólisis Epidérmica Tóxica (NET) se presenta con ampollas flácidas y despegamiento epidérmico masivo (>30% de SCQ) y es la emergencia dermatológica más grave en la UCI, frecuentemente asociada a fármacos y sepsis."
  },
  {
    "id": 23,
    "tema": "Leyes de Trasplante",
    "pregunta": "Según la Ley de Trasplante y Donación de Órganos (Ej. Ley 27447 - Argentina), la donación de órganos es considerada:",
    "opciones": {
      "a": "Donación Opt-in (debe manifestarse la voluntad de donar).",
      "b": "Donación Opt-out (donante presunto, salvo manifestación en contrario).",
      "c": "Dependiente exclusivamente de la decisión familiar post-mortem.",
      "d": "Solo permitida para donantes vivos relacionados."
    },
    "respuesta_correcta": "b",
    "justificacion": "La Ley Justina (Argentina) establece el consentimiento presunto (Opt-out), donde toda persona mayor de 18 años es considerada donante, salvo que haya dejado constancia expresa de lo contrario."
  },
  {
    "id": 24,
    "tema": "Manejo UCI / UPP",
    "pregunta": "En un paciente ventilado, la prevención de úlceras por presión (UPP) en la zona sacra y talones incluye, como estándar de cuidado, lo siguiente, EXCEPTO:",
    "opciones": {
      "a": "Rotación y cambios posturales programados cada 2-3 horas.",
      "b": "Uso de colchones y cojines de alivio de presión (ej. de presión alterna).",
      "c": "Inspección diaria de la piel.",
      "d": "Masaje vigoroso en prominencias óseas para mejorar la circulación."
    },
    "respuesta_correcta": "d",
    "justificacion": "Masajear vigorosamente las prominencias óseas está contraindicado ya que puede causar daño tisular adicional debido a la fragilidad de la piel y el tejido subyacente por isquemia."
  },
  {
    "id": 25,
    "tema": "NET/SJS",
    "pregunta": "Una paciente en la UCI con sepsis grave desarrolla rápidamente ampollas flácidas, grandes áreas de despegamiento epidérmico y signo de Nikolsky positivo. La sospecha diagnóstica prioritaria es:",
    "opciones": {
      "a": "Pénfigo Vulgar",
      "b": "Síndrome de Stevens-Johnson (SJS)",
      "c": "Necrólisis Epidérmica Tóxica (NET)",
      "d": "Dermatitis por Contacto Alérgica"
    },
    "respuesta_correcta": "c",
    "justificacion": "La Necrólisis Epidérmica Tóxica (NET) se presenta con ampollas flácidas y despegamiento epidérmico masivo (>30% de SCQ) y es la emergencia dermatológica más grave en la UCI, frecuentemente asociada a fármacos y sepsis."
  },
  {
    "id": 26,
    "tema": "Leyes de Trasplante",
    "pregunta": "Según la Ley de Trasplante y Donación de Órganos (Ej. Ley 27447 - Argentina), la donación de órganos es considerada:",
    "opciones": {
      "a": "Donación Opt-in (debe manifestarse la voluntad de donar).",
      "b": "Donación Opt-out (donante presunto, salvo manifestación en contrario).",
      "c": "Dependiente exclusivamente de la decisión familiar post-mortem.",
      "d": "Solo permitida para donantes vivos relacionados."
    },
    "respuesta_correcta": "b",
    "justificacion": "La Ley Justina (Argentina) establece el consentimiento presunto (Opt-out), donde toda persona mayor de 18 años es considerada donante, salvo que haya dejado constancia expresa de lo contrario."
  },
  {
    "id": 27,
    "tema": "Manejo UCI / UPP",
    "pregunta": "En un paciente ventilado, la prevención de úlceras por presión (UPP) en la zona sacra y talones incluye, como estándar de cuidado, lo siguiente, EXCEPTO:",
    "opciones": {
      "a": "Rotación y cambios posturales programados cada 2-3 horas.",
      "b": "Uso de colchones y cojines de alivio de presión (ej. de presión alterna).",
      "c": "Inspección diaria de la piel.",
      "d": "Masaje vigoroso en prominencias óseas para mejorar la circulación."
    },
    "respuesta_correcta": "d",
    "justificacion": "Masajear vigorosamente las prominencias óseas está contraindicado ya que puede causar daño tisular adicional debido a la fragilidad de la piel y el tejido subyacente por isquemia."
  },
  {
    "id": 28,
    "tema": "NET/SJS",
    "pregunta": "Una paciente en la UCI con sepsis grave desarrolla rápidamente ampollas flácidas, grandes áreas de despegamiento epidérmico y signo de Nikolsky positivo. La sospecha diagnóstica prioritaria es:",
    "opciones": {
      "a": "Pénfigo Vulgar",
      "b": "Síndrome de Stevens-Johnson (SJS)",
      "c": "Necrólisis Epidérmica Tóxica (NET)",
      "d": "Dermatitis por Contacto Alérgica"
    },
    "respuesta_correcta": "c",
    "justificacion": "La Necrólisis Epidérmica Tóxica (NET) se presenta con ampollas flácidas y despegamiento epidérmico masivo (>30% de SCQ) y es la emergencia dermatológica más grave en la UCI, frecuentemente asociada a fármacos y sepsis."
  },
  {
    "id": 29,
    "tema": "Leyes de Trasplante",
    "pregunta": "Según la Ley de Trasplante y Donación de Órganos (Ej. Ley 27447 - Argentina), la donación de órganos es considerada:",
    "opciones": {
      "a": "Donación Opt-in (debe manifestarse la voluntad de donar).",
      "b": "Donación Opt-out (donante presunto, salvo manifestación en contrario).",
      "c": "Dependiente exclusivamente de la decisión familiar post-mortem.",
      "d": "Solo permitida para donantes vivos relacionados."
    },
    "respuesta_correcta": "b",
    "justificacion": "La Ley Justina (Argentina) establece el consentimiento presunto (Opt-out), donde toda persona mayor de 18 años es considerada donante, salvo que haya dejado constancia expresa de lo contrario."
  },
  {
    "id": 30,
    "tema": "Manejo UCI / UPP",
    "pregunta": "En un paciente ventilado, la prevención de úlceras por presión (UPP) en la zona sacra y talones incluye, como estándar de cuidado, lo siguiente, EXCEPTO:",
    "opciones": {
      "a": "Rotación y cambios posturales programados cada 2-3 horas.",
      "b": "Uso de colchones y cojines de alivio de presión (ej. de presión alterna).",
      "c": "Inspección diaria de la piel.",
      "d": "Masaje vigoroso en prominencias óseas para mejorar la circulación."
    },
    "respuesta_correcta": "d",
    "justificacion": "Masajear vigorosamente las prominencias óseas está contraindicado ya que puede causar daño tisular adicional debido a la fragilidad de la piel y el tejido subyacente por isquemia."
  },
  {
    "id": 31,
    "tema": "NET/SJS",
    "pregunta": "Una paciente en la UCI con sepsis grave desarrolla rápidamente ampollas flácidas, grandes áreas de despegamiento epidérmico y signo de Nikolsky positivo. La sospecha diagnóstica prioritaria es:",
    "opciones": {
      "a": "Pénfigo Vulgar",
      "b": "Síndrome de Stevens-Johnson (SJS)",
      "c": "Necrólisis Epidérmica Tóxica (NET)",
      "d": "Dermatitis por Contacto Alérgica"
    },
    "respuesta_correcta": "c",
    "justificacion": "La Necrólisis Epidérmica Tóxica (NET) se presenta con ampollas flácidas y despegamiento epidérmico masivo (>30% de SCQ) y es la emergencia dermatológica más grave en la UCI, frecuentemente asociada a fármacos y sepsis."
  },
  {
    "id": 32,
    "tema": "Leyes de Trasplante",
    "pregunta": "Según la Ley de Trasplante y Donación de Órganos (Ej. Ley 27447 - Argentina), la donación de órganos es considerada:",
    "opciones": {
      "a": "Donación Opt-in (debe manifestarse la voluntad de donar).",
      "b": "Donación Opt-out (donante presunto, salvo manifestación en contrario).",
      "c": "Dependiente exclusivamente de la decisión familiar post-mortem.",
      "d": "Solo permitida para donantes vivos relacionados."
    },
    "respuesta_correcta": "b",
    "justificacion": "La Ley Justina (Argentina) establece el consentimiento presunto (Opt-out), donde toda persona mayor de 18 años es considerada donante, salvo que haya dejado constancia expresa de lo contrario."
  },
  {
    "id": 33,
    "tema": "Manejo UCI / UPP",
    "pregunta": "En un paciente ventilado, la prevención de úlceras por presión (UPP) en la zona sacra y talones incluye, como estándar de cuidado, lo siguiente, EXCEPTO:",
    "opciones": {
      "a": "Rotación y cambios posturales programados cada 2-3 horas.",
      "b": "Uso de colchones y cojines de alivio de presión (ej. de presión alterna).",
      "c": "Inspección diaria de la piel.",
      "d": "Masaje vigoroso en prominencias óseas para mejorar la circulación."
    },
    "respuesta_correcta": "d",
    "justificacion": "Masajear vigorosamente las prominencias óseas está contraindicado ya que puede causar daño tisular adicional debido a la fragilidad de la piel y el tejido subyacente por isquemia."
  },
  {
    "id": 34,
    "tema": "NET/SJS",
    "pregunta": "Una paciente en la UCI con sepsis grave desarrolla rápidamente ampollas flácidas, grandes áreas de despegamiento epidérmico y signo de Nikolsky positivo. La sospecha diagnóstica prioritaria es:",
    "opciones": {
      "a": "Pénfigo Vulgar",
      "b": "Síndrome de Stevens-Johnson (SJS)",
      "c": "Necrólisis Epidérmica Tóxica (NET)",
      "d": "Dermatitis por Contacto Alérgica"
    },
    "respuesta_correcta": "c",
    "justificacion": "La Necrólisis Epidérmica Tóxica (NET) se presenta con ampollas flácidas y despegamiento epidérmico masivo (>30% de SCQ) y es la emergencia dermatológica más grave en la UCI, frecuentemente asociada a fármacos y sepsis."
  },
  {
    "id": 35,
    "tema": "Leyes de Trasplante",
    "pregunta": "Según la Ley de Trasplante y Donación de Órganos (Ej. Ley 27447 - Argentina), la donación de órganos es considerada:",
    "opciones": {
      "a": "Donación Opt-in (debe manifestarse la voluntad de donar).",
      "b": "Donación Opt-out (donante presunto, salvo manifestación en contrario).",
      "c": "Dependiente exclusivamente de la decisión familiar post-mortem.",
      "d": "Solo permitida para donantes vivos relacionados."
    },
    "respuesta_correcta": "b",
    "justificacion": "La Ley Justina (Argentina) establece el consentimiento presunto (Opt-out), donde toda persona mayor de 18 años es considerada donante, salvo que haya dejado constancia expresa de lo contrario."
  },
  {
    "id": 36,
    "tema": "Manejo UCI / UPP",
    "pregunta": "En un paciente ventilado, la prevención de úlceras por presión (UPP) en la zona sacra y talones incluye, como estándar de cuidado, lo siguiente, EXCEPTO:",
    "opciones": {
      "a": "Rotación y cambios posturales programados cada 2-3 horas.",
      "b": "Uso de colchones y cojines de alivio de presión (ej. de presión alterna).",
      "c": "Inspección diaria de la piel.",
      "d": "Masaje vigoroso en prominencias óseas para mejorar la circulación."
    },
    "respuesta_correcta": "d",
    "justificacion": "Masajear vigorosamente las prominencias óseas está contraindicado ya que puede causar daño tisular adicional debido a la fragilidad de la piel y el tejido subyacente por isquemia."
  },
  {
    "id": 37,
    "tema": "NET/SJS",
    "pregunta": "Una paciente en la UCI con sepsis grave desarrolla rápidamente ampollas flácidas, grandes áreas de despegamiento epidérmico y signo de Nikolsky positivo. La sospecha diagnóstica prioritaria es:",
    "opciones": {
      "a": "Pénfigo Vulgar",
      "b": "Síndrome de Stevens-Johnson (SJS)",
      "c": "Necrólisis Epidérmica Tóxica (NET)",
      "d": "Dermatitis por Contacto Alérgica"
    },
    "respuesta_correcta": "c",
    "justificacion": "La Necrólisis Epidérmica Tóxica (NET) se presenta con ampollas flácidas y despegamiento epidérmico masivo (>30% de SCQ) y es la emergencia dermatológica más grave en la UCI, frecuentemente asociada a fármacos y sepsis."
  },
  {
    "id": 38,
    "tema": "Leyes de Trasplante",
    "pregunta": "Según la Ley de Trasplante y Donación de Órganos (Ej. Ley 27447 - Argentina), la donación de órganos es considerada:",
    "opciones": {
      "a": "Donación Opt-in (debe manifestarse la voluntad de donar).",
      "b": "Donación Opt-out (donante presunto, salvo manifestación en contrario).",
      "c": "Dependiente exclusivamente de la decisión familiar post-mortem.",
      "d": "Solo permitida para donantes vivos relacionados."
    },
    "respuesta_correcta": "b",
    "justificacion": "La Ley Justina (Argentina) establece el consentimiento presunto (Opt-out), donde toda persona mayor de 18 años es considerada donante, salvo que haya dejado constancia expresa de lo contrario."
  },
  {
    "id": 39,
    "tema": "Manejo UCI / UPP",
    "pregunta": "En un paciente ventilado, la prevención de úlceras por presión (UPP) en la zona sacra y talones incluye, como estándar de cuidado, lo siguiente, EXCEPTO:",
    "opciones": {
      "a": "Rotación y cambios posturales programados cada 2-3 horas.",
      "b": "Uso de colchones y cojines de alivio de presión (ej. de presión alterna).",
      "c": "Inspección diaria de la piel.",
      "d": "Masaje vigoroso en prominencias óseas para mejorar la circulación."
    },
    "respuesta_correcta": "d",
    "justificacion": "Masajear vigorosamente las prominencias óseas está contraindicado ya que puede causar daño tisular adicional debido a la fragilidad de la piel y el tejido subyacente por isquemia."
  },
  {
    "id": 40,
    "tema": "NET/SJS",
    "pregunta": "Una paciente en la UCI con sepsis grave desarrolla rápidamente ampollas flácidas, grandes áreas de despegamiento epidérmico y signo de Nikolsky positivo. La sospecha diagnóstica prioritaria es:",
    "opciones": {
      "a": "Pénfigo Vulgar",
      "b": "Síndrome de Stevens-Johnson (SJS)",
      "c": "Necrólisis Epidérmica Tóxica (NET)",
      "d": "Dermatitis por Contacto Alérgica"
    },
    "respuesta_correcta": "c",
    "justificacion": "La Necrólisis Epidérmica Tóxica (NET) se presenta con ampollas flácidas y despegamiento epidérmico masivo (>30% de SCQ) y es la emergencia dermatológica más grave en la UCI, frecuentemente asociada a fármacos y sepsis."
  },
  {
    "id": 41,
    "tema": "Leyes de Trasplante",
    "pregunta": "Según la Ley de Trasplante y Donación de Órganos (Ej. Ley 27447 - Argentina), la donación de órganos es considerada:",
    "opciones": {
      "a": "Donación Opt-in (debe manifestarse la voluntad de donar).",
      "b": "Donación Opt-out (donante presunto, salvo manifestación en contrario).",
      "c": "Dependiente exclusivamente de la decisión familiar post-mortem.",
      "d": "Solo permitida para donantes vivos relacionados."
    },
    "respuesta_correcta": "b",
    "justificacion": "La Ley Justina (Argentina) establece el consentimiento presunto (Opt-out), donde toda persona mayor de 18 años es considerada donante, salvo que haya dejado constancia expresa de lo contrario."
  },
  {
    "id": 42,
    "tema": "Manejo UCI / UPP",
    "pregunta": "En un paciente ventilado, la prevención de úlceras por presión (UPP) en la zona sacra y talones incluye, como estándar de cuidado, lo siguiente, EXCEPTO:",
    "opciones": {
      "a": "Rotación y cambios posturales programados cada 2-3 horas.",
      "b": "Uso de colchones y cojines de alivio de presión (ej. de presión alterna).",
      "c": "Inspección diaria de la piel.",
      "d": "Masaje vigoroso en prominencias óseas para mejorar la circulación."
    },
    "respuesta_correcta": "d",
    "justificacion": "Masajear vigorosamente las prominencias óseas está contraindicado ya que puede causar daño tisular adicional debido a la fragilidad de la piel y el tejido subyacente por isquemia."
  },
  {
    "id": 43,
    "tema": "NET/SJS",
    "pregunta": "Una paciente en la UCI con sepsis grave desarrolla rápidamente ampollas flácidas, grandes áreas de despegamiento epidérmico y signo de Nikolsky positivo. La sospecha diagnóstica prioritaria es:",
    "opciones": {
      "a": "Pénfigo Vulgar",
      "b": "Síndrome de Stevens-Johnson (SJS)",
      "c": "Necrólisis Epidérmica Tóxica (NET)",
      "d": "Dermatitis por Contacto Alérgica"
    },
    "respuesta_correcta": "c",
    "justificacion": "La Necrólisis Epidérmica Tóxica (NET) se presenta con ampollas flácidas y despegamiento epidérmico masivo (>30% de SCQ) y es la emergencia dermatológica más grave en la UCI, frecuentemente asociada a fármacos y sepsis."
  },
  {
    "id": 44,
    "tema": "Leyes de Trasplante",
    "pregunta": "Según la Ley de Trasplante y Donación de Órganos (Ej. Ley 27447 - Argentina), la donación de órganos es considerada:",
    "opciones": {
      "a": "Donación Opt-in (debe manifestarse la voluntad de donar).",
      "b": "Donación Opt-out (donante presunto, salvo manifestación en contrario).",
      "c": "Dependiente exclusivamente de la decisión familiar post-mortem.",
      "d": "Solo permitida para donantes vivos relacionados."
    },
    "respuesta_correcta": "b",
    "justificacion": "La Ley Justina (Argentina) establece el consentimiento presunto (Opt-out), donde toda persona mayor de 18 años es considerada donante, salvo que haya dejado constancia expresa de lo contrario."
  },
  {
    "id": 45,
    "tema": "Manejo UCI / UPP",
    "pregunta": "En un paciente ventilado, la prevención de úlceras por presión (UPP) en la zona sacra y talones incluye, como estándar de cuidado, lo siguiente, EXCEPTO:",
    "opciones": {
      "a": "Rotación y cambios posturales programados cada 2-3 horas.",
      "b": "Uso de colchones y cojines de alivio de presión (ej. de presión alterna).",
      "c": "Inspección diaria de la piel.",
      "d": "Masaje vigoroso en prominencias óseas para mejorar la circulación."
    },
    "respuesta_correcta": "d",
    "justificacion": "Masajear vigorosamente las prominencias óseas está contraindicado ya que puede causar daño tisular adicional debido a la fragilidad de la piel y el tejido subyacente por isquemia."
  },
  {
    "id": 46,
    "tema": "NET/SJS",
    "pregunta": "Una paciente en la UCI con sepsis grave desarrolla rápidamente ampollas flácidas, grandes áreas de despegamiento epidérmico y signo de Nikolsky positivo. La sospecha diagnóstica prioritaria es:",
    "opciones": {
      "a": "Pénfigo Vulgar",
      "b": "Síndrome de Stevens-Johnson (SJS)",
      "c": "Necrólisis Epidérmica Tóxica (NET)",
      "d": "Dermatitis por Contacto Alérgica"
    },
    "respuesta_correcta": "c",
    "justificacion": "La Necrólisis Epidérmica Tóxica (NET) se presenta con ampollas flácidas y despegamiento epidérmico masivo (>30% de SCQ) y es la emergencia dermatológica más grave en la UCI, frecuentemente asociada a fármacos y sepsis."
  },
  {
    "id": 47,
    "tema": "Leyes de Trasplante",
    "pregunta": "Según la Ley de Trasplante y Donación de Órganos (Ej. Ley 27447 - Argentina), la donación de órganos es considerada:",
    "opciones": {
      "a": "Donación Opt-in (debe manifestarse la voluntad de donar).",
      "b": "Donación Opt-out (donante presunto, salvo manifestación en contrario).",
      "c": "Dependiente exclusivamente de la decisión familiar post-mortem.",
      "d": "Solo permitida para donantes vivos relacionados."
    },
    "respuesta_correcta": "b",
    "justificacion": "La Ley Justina (Argentina) establece el consentimiento presunto (Opt-out), donde toda persona mayor de 18 años es considerada donante, salvo que haya dejado constancia expresa de lo contrario."
  },
  {
    "id": 48,
    "tema": "Manejo UCI / UPP",
    "pregunta": "En un paciente ventilado, la prevención de úlceras por presión (UPP) en la zona sacra y talones incluye, como estándar de cuidado, lo siguiente, EXCEPTO:",
    "opciones": {
      "a": "Rotación y cambios posturales programados cada 2-3 horas.",
      "b": "Uso de colchones y cojines de alivio de presión (ej. de presión alterna).",
      "c": "Inspección diaria de la piel.",
      "d": "Masaje vigoroso en prominencias óseas para mejorar la circulación."
    },
    "respuesta_correcta": "d",
    "justificacion": "Masajear vigorosamente las prominencias óseas está contraindicado ya que puede causar daño tisular adicional debido a la fragilidad de la piel y el tejido subyacente por isquemia."
  },
  {
    "id": 49,
    "tema": "NET/SJS",
    "pregunta": "Una paciente en la UCI con sepsis grave desarrolla rápidamente ampollas flácidas, grandes áreas de despegamiento epidérmico y signo de Nikolsky positivo. La sospecha diagnóstica prioritaria es:",
    "opciones": {
      "a": "Pénfigo Vulgar",
      "b": "Síndrome de Stevens-Johnson (SJS)",
      "c": "Necrólisis Epidérmica Tóxica (NET)",
      "d": "Dermatitis por Contacto Alérgica"
    },
    "respuesta_correcta": "c",
    "justificacion": "La Necrólisis Epidérmica Tóxica (NET) se presenta con ampollas flácidas y despegamiento epidérmico masivo (>30% de SCQ) y es la emergencia dermatológica más grave en la UCI, frecuentemente asociada a fármacos y sepsis."
  },
  {
    "id": 50,
    "tema": "Leyes de Trasplante",
    "pregunta": "Según la Ley de Trasplante y Donación de Órganos (Ej. Ley 27447 - Argentina), la donación de órganos es considerada:",
    "opciones": {
      "a": "Donación Opt-in (debe manifestarse la voluntad de donar).",
      "b": "Donación Opt-out (donante presunto, salvo manifestación en contrario).",
      "c": "Dependiente exclusivamente de la decisión familiar post-mortem.",
      "d": "Solo permitida para donantes vivos relacionados."
    },
    "respuesta_correcta": "b",
    "justificacion": "La Ley Justina (Argentina) establece el consentimiento presunto (Opt-out), donde toda persona mayor de 18 años es considerada donante, salvo que haya dejado constancia expresa de lo contrario."
  },
  {
    "id": 51,
    "tema": "Manejo UCI / UPP",
    "pregunta": "En un paciente ventilado, la prevención de úlceras por presión (UPP) en la zona sacra y talones incluye, como estándar de cuidado, lo siguiente, EXCEPTO:",
    "opciones": {
      "a": "Rotación y cambios posturales programados cada 2-3 horas.",
      "b": "Uso de colchones y cojines de alivio de presión (ej. de presión alterna).",
      "c": "Inspección diaria de la piel.",
      "d": "Masaje vigoroso en prominencias óseas para mejorar la circulación."
    },
    "respuesta_correcta": "d",
    "justificacion": "Masajear vigorosamente las prominencias óseas está contraindicado ya que puede causar daño tisular adicional debido a la fragilidad de la piel y el tejido subyacente por isquemia."
  },
  {
    "id": 52,
    "tema": "NET/SJS",
    "pregunta": "Una paciente en la UCI con sepsis grave desarrolla rápidamente ampollas flácidas, grandes áreas de despegamiento epidérmico y signo de Nikolsky positivo. La sospecha diagnóstica prioritaria es:",
    "opciones": {
      "a": "Pénfigo Vulgar",
      "b": "Síndrome de Stevens-Johnson (SJS)",
      "c": "Necrólisis Epidérmica Tóxica (NET)",
      "d": "Dermatitis por Contacto Alérgica"
    },
    "respuesta_correcta": "c",
    "justificacion": "La Necrólisis Epidérmica Tóxica (NET) se presenta con ampollas flácidas y despegamiento epidérmico masivo (>30% de SCQ) y es la emergencia dermatológica más grave en la UCI, frecuentemente asociada a fármacos y sepsis."
  },
  {
    "id": 53,
    "tema": "Leyes de Trasplante",
    "pregunta": "Según la Ley de Trasplante y Donación de Órganos (Ej. Ley 27447 - Argentina), la donación de órganos es considerada:",
    "opciones": {
      "a": "Donación Opt-in (debe manifestarse la voluntad de donar).",
      "b": "Donación Opt-out (donante presunto, salvo manifestación en contrario).",
      "c": "Dependiente exclusivamente de la decisión familiar post-mortem.",
      "d": "Solo permitida para donantes vivos relacionados."
    },
    "respuesta_correcta": "b",
    "justificacion": "La Ley Justina (Argentina) establece el consentimiento presunto (Opt-out), donde toda persona mayor de 18 años es considerada donante, salvo que haya dejado constancia expresa de lo contrario."
  },
  {
    "id": 54,
    "tema": "Manejo UCI / UPP",
    "pregunta": "En un paciente ventilado, la prevención de úlceras por presión (UPP) en la zona sacra y talones incluye, como estándar de cuidado, lo siguiente, EXCEPTO:",
    "opciones": {
      "a": "Rotación y cambios posturales programados cada 2-3 horas.",
      "b": "Uso de colchones y cojines de alivio de presión (ej. de presión alterna).",
      "c": "Inspección diaria de la piel.",
      "d": "Masaje vigoroso en prominencias óseas para mejorar la circulación."
    },
    "respuesta_correcta": "d",
    "justificacion": "Masajear vigorosamente las prominencias óseas está contraindicado ya que puede causar daño tisular adicional debido a la fragilidad de la piel y el tejido subyacente por isquemia."
  },
  {
    "id": 55,
    "tema": "NET/SJS",
    "pregunta": "Una paciente en la UCI con sepsis grave desarrolla rápidamente ampollas flácidas, grandes áreas de despegamiento epidérmico y signo de Nikolsky positivo. La sospecha diagnóstica prioritaria es:",
    "opciones": {
      "a": "Pénfigo Vulgar",
      "b": "Síndrome de Stevens-Johnson (SJS)",
      "c": "Necrólisis Epidérmica Tóxica (NET)",
      "d": "Dermatitis por Contacto Alérgica"
    },
    "respuesta_correcta": "c",
    "justificacion": "La Necrólisis Epidérmica Tóxica (NET) se presenta con ampollas flácidas y despegamiento epidérmico masivo (>30% de SCQ) y es la emergencia dermatológica más grave en la UCI, frecuentemente asociada a fármacos y sepsis."
  },
  {
    "id": 56,
    "tema": "Leyes de Trasplante",
    "pregunta": "Según la Ley de Trasplante y Donación de Órganos (Ej. Ley 27447 - Argentina), la donación de órganos es considerada:",
    "opciones": {
      "a": "Donación Opt-in (debe manifestarse la voluntad de donar).",
      "b": "Donación Opt-out (donante presunto, salvo manifestación en contrario).",
      "c": "Dependiente exclusivamente de la decisión familiar post-mortem.",
      "d": "Solo permitida para donantes vivos relacionados."
    },
    "respuesta_correcta": "b",
    "justificacion": "La Ley Justina (Argentina) establece el consentimiento presunto (Opt-out), donde toda persona mayor de 18 años es considerada donante, salvo que haya dejado constancia expresa de lo contrario."
  },
  {
    "id": 57,
    "tema": "Manejo UCI / UPP",
    "pregunta": "En un paciente ventilado, la prevención de úlceras por presión (UPP) en la zona sacra y talones incluye, como estándar de cuidado, lo siguiente, EXCEPTO:",
    "opciones": {
      "a": "Rotación y cambios posturales programados cada 2-3 horas.",
      "b": "Uso de colchones y cojines de alivio de presión (ej. de presión alterna).",
      "c": "Inspección diaria de la piel.",
      "d": "Masaje vigoroso en prominencias óseas para mejorar la circulación."
    },
    "respuesta_correcta": "d",
    "justificacion": "Masajear vigorosamente las prominencias óseas está contraindicado ya que puede causar daño tisular adicional debido a la fragilidad de la piel y el tejido subyacente por isquemia."
  },
  {
    "id": 58,
    "tema": "NET/SJS",
    "pregunta": "Una paciente en la UCI con sepsis grave desarrolla rápidamente ampollas flácidas, grandes áreas de despegamiento epidérmico y signo de Nikolsky positivo. La sospecha diagnóstica prioritaria es:",
    "opciones": {
      "a": "Pénfigo Vulgar",
      "b": "Síndrome de Stevens-Johnson (SJS)",
      "c": "Necrólisis Epidérmica Tóxica (NET)",
      "d": "Dermatitis por Contacto Alérgica"
    },
    "respuesta_correcta": "c",
    "justificacion": "La Necrólisis Epidérmica Tóxica (NET) se presenta con ampollas flácidas y despegamiento epidérmico masivo (>30% de SCQ) y es la emergencia dermatológica más grave en la UCI, frecuentemente asociada a fármacos y sepsis."
  },
  {
    "id": 59,
    "tema": "Leyes de Trasplante",
    "pregunta": "Según la Ley de Trasplante y Donación de Órganos (Ej. Ley 27447 - Argentina), la donación de órganos es considerada:",
    "opciones": {
      "a": "Donación Opt-in (debe manifestarse la voluntad de donar).",
      "b": "Donación Opt-out (donante presunto, salvo manifestación en contrario).",
      "c": "Dependiente exclusivamente de la decisión familiar post-mortem.",
      "d": "Solo permitida para donantes vivos relacionados."
    },
    "respuesta_correcta": "b",
    "justificacion": "La Ley Justina (Argentina) establece el consentimiento presunto (Opt-out), donde toda persona mayor de 18 años es considerada donante, salvo que haya dejado constancia expresa de lo contrario."
  },
  {
    "id": 60,
    "tema": "Manejo UCI / UPP",
    "pregunta": "En un paciente ventilado, la prevención de úlceras por presión (UPP) en la zona sacra y talones incluye, como estándar de cuidado, lo siguiente, EXCEPTO:",
    "opciones": {
      "a": "Rotación y cambios posturales programados cada 2-3 horas.",
      "b": "Uso de colchones y cojines de alivio de presión (ej. de presión alterna).",
      "c": "Inspección diaria de la piel.",
      "d": "Masaje vigoroso en prominencias óseas para mejorar la circulación."
    },
    "respuesta_correcta": "d",
    "justificacion": "Masajear vigorosamente las prominencias óseas está contraindicado ya que puede causar daño tisular adicional debido a la fragilidad de la piel y el tejido subyacente por isquemia."
  },
  {
    "id": 61,
    "tema": "NET/SJS",
    "pregunta": "Una paciente en la UCI con sepsis grave desarrolla rápidamente ampollas flácidas, grandes áreas de despegamiento epidérmico y signo de Nikolsky positivo. La sospecha diagnóstica prioritaria es:",
    "opciones": {
      "a": "Pénfigo Vulgar",
      "b": "Síndrome de Stevens-Johnson (SJS)",
      "c": "Necrólisis Epidérmica Tóxica (NET)",
      "d": "Dermatitis por Contacto Alérgica"
    },
    "respuesta_correcta": "c",
    "justificacion": "La Necrólisis Epidérmica Tóxica (NET) se presenta con ampollas flácidas y despegamiento epidérmico masivo (>30% de SCQ) y es la emergencia dermatológica más grave en la UCI, frecuentemente asociada a fármacos y sepsis."
  },
  {
    "id": 62,
    "tema": "Leyes de Trasplante",
    "pregunta": "Según la Ley de Trasplante y Donación de Órganos (Ej. Ley 27447 - Argentina), la donación de órganos es considerada:",
    "opciones": {
      "a": "Donación Opt-in (debe manifestarse la voluntad de donar).",
      "b": "Donación Opt-out (donante presunto, salvo manifestación en contrario).",
      "c": "Dependiente exclusivamente de la decisión familiar post-mortem.",
      "d": "Solo permitida para donantes vivos relacionados."
    },
    "respuesta_correcta": "b",
    "justificacion": "La Ley Justina (Argentina) establece el consentimiento presunto (Opt-out), donde toda persona mayor de 18 años es considerada donante, salvo que haya dejado constancia expresa de lo contrario."
  },
  {
    "id": 63,
    "tema": "Manejo UCI / UPP",
    "pregunta": "En un paciente ventilado, la prevención de úlceras por presión (UPP) en la zona sacra y talones incluye, como estándar de cuidado, lo siguiente, EXCEPTO:",
    "opciones": {
      "a": "Rotación y cambios posturales programados cada 2-3 horas.",
      "b": "Uso de colchones y cojines de alivio de presión (ej. de presión alterna).",
      "c": "Inspección diaria de la piel.",
      "d": "Masaje vigoroso en prominencias óseas para mejorar la circulación."
    },
    "respuesta_correcta": "d",
    "justificacion": "Masajear vigorosamente las prominencias óseas está contraindicado ya que puede causar daño tisular adicional debido a la fragilidad de la piel y el tejido subyacente por isquemia."
  },
  {
    "id": 64,
    "tema": "NET/SJS",
    "pregunta": "Una paciente en la UCI con sepsis grave desarrolla rápidamente ampollas flácidas, grandes áreas de despegamiento epidérmico y signo de Nikolsky positivo. La sospecha diagnóstica prioritaria es:",
    "opciones": {
      "a": "Pénfigo Vulgar",
      "b": "Síndrome de Stevens-Johnson (SJS)",
      "c": "Necrólisis Epidérmica Tóxica (NET)",
      "d": "Dermatitis por Contacto Alérgica"
    },
    "respuesta_correcta": "c",
    "justificacion": "La Necrólisis Epidérmica Tóxica (NET) se presenta con ampollas flácidas y despegamiento epidérmico masivo (>30% de SCQ) y es la emergencia dermatológica más grave en la UCI, frecuentemente asociada a fármacos y sepsis."
  },
  {
    "id": 65,
    "tema": "Leyes de Trasplante",
    "pregunta": "Según la Ley de Trasplante y Donación de Órganos (Ej. Ley 27447 - Argentina), la donación de órganos es considerada:",
    "opciones": {
      "a": "Donación Opt-in (debe manifestarse la voluntad de donar).",
      "b": "Donación Opt-out (donante presunto, salvo manifestación en contrario).",
      "c": "Dependiente exclusivamente de la decisión familiar post-mortem.",
      "d": "Solo permitida para donantes vivos relacionados."
    },
    "respuesta_correcta": "b",
    "justificacion": "La Ley Justina (Argentina) establece el consentimiento presunto (Opt-out), donde toda persona mayor de 18 años es considerada donante, salvo que haya dejado constancia expresa de lo contrario."
  },
  {
    "id": 66,
    "tema": "Manejo UCI / UPP",
    "pregunta": "En un paciente ventilado, la prevención de úlceras por presión (UPP) en la zona sacra y talones incluye, como estándar de cuidado, lo siguiente, EXCEPTO:",
    "opciones": {
      "a": "Rotación y cambios posturales programados cada 2-3 horas.",
      "b": "Uso de colchones y cojines de alivio de presión (ej. de presión alterna).",
      "c": "Inspección diaria de la piel.",
      "d": "Masaje vigoroso en prominencias óseas para mejorar la circulación."
    },
    "respuesta_correcta": "d",
    "justificacion": "Masajear vigorosamente las prominencias óseas está contraindicado ya que puede causar daño tisular adicional debido a la fragilidad de la piel y el tejido subyacente por isquemia."
  },
  {
    "id": 67,
    "tema": "NET/SJS",
    "pregunta": "Una paciente en la UCI con sepsis grave desarrolla rápidamente ampollas flácidas, grandes áreas de despegamiento epidérmico y signo de Nikolsky positivo. La sospecha diagnóstica prioritaria es:",
    "opciones": {
      "a": "Pénfigo Vulgar",
      "b": "Síndrome de Stevens-Johnson (SJS)",
      "c": "Necrólisis Epidérmica Tóxica (NET)",
      "d": "Dermatitis por Contacto Alérgica"
    },
    "respuesta_correcta": "c",
    "justificacion": "La Necrólisis Epidérmica Tóxica (NET) se presenta con ampollas flácidas y despegamiento epidérmico masivo (>30% de SCQ) y es la emergencia dermatológica más grave en la UCI, frecuentemente asociada a fármacos y sepsis."
  },
  {
    "id": 68,
    "tema": "Leyes de Trasplante",
    "pregunta": "Según la Ley de Trasplante y Donación de Órganos (Ej. Ley 27447 - Argentina), la donación de órganos es considerada:",
    "opciones": {
      "a": "Donación Opt-in (debe manifestarse la voluntad de donar).",
      "b": "Donación Opt-out (donante presunto, salvo manifestación en contrario).",
      "c": "Dependiente exclusivamente de la decisión familiar post-mortem.",
      "d": "Solo permitida para donantes vivos relacionados."
    },
    "respuesta_correcta": "b",
    "justificacion": "La Ley Justina (Argentina) establece el consentimiento presunto (Opt-out), donde toda persona mayor de 18 años es considerada donante, salvo que haya dejado constancia expresa de lo contrario."
  },
  {
    "id": 69,
    "tema": "Manejo UCI / UPP",
    "pregunta": "En un paciente ventilado, la prevención de úlceras por presión (UPP) en la zona sacra y talones incluye, como estándar de cuidado, lo siguiente, EXCEPTO:",
    "opciones": {
      "a": "Rotación y cambios posturales programados cada 2-3 horas.",
      "b": "Uso de colchones y cojines de alivio de presión (ej. de presión alterna).",
      "c": "Inspección diaria de la piel.",
      "d": "Masaje vigoroso en prominencias óseas para mejorar la circulación."
    },
    "respuesta_correcta": "d",
    "justificacion": "Masajear vigorosamente las prominencias óseas está contraindicado ya que puede causar daño tisular adicional debido a la fragilidad de la piel y el tejido subyacente por isquemia."
  },
  {
    "id": 70,
    "tema": "NET/SJS",
    "pregunta": "Una paciente en la UCI con sepsis grave desarrolla rápidamente ampollas flácidas, grandes áreas de despegamiento epidérmico y signo de Nikolsky positivo. La sospecha diagnóstica prioritaria es:",
    "opciones": {
      "a": "Pénfigo Vulgar",
      "b": "Síndrome de Stevens-Johnson (SJS)",
      "c": "Necrólisis Epidérmica Tóxica (NET)",
      "d": "Dermatitis por Contacto Alérgica"
    },
    "respuesta_correcta": "c",
    "justificacion": "La Necrólisis Epidérmica Tóxica (NET) se presenta con ampollas flácidas y despegamiento epidérmico masivo (>30% de SCQ) y es la emergencia dermatológica más grave en la UCI, frecuentemente asociada a fármacos y sepsis."
  },
  {
    "id": 71,
    "tema": "Leyes de Trasplante",
    "pregunta": "Según la Ley de Trasplante y Donación de Órganos (Ej. Ley 27447 - Argentina), la donación de órganos es considerada:",
    "opciones": {
      "a": "Donación Opt-in (debe manifestarse la voluntad de donar).",
      "b": "Donación Opt-out (donante presunto, salvo manifestación en contrario).",
      "c": "Dependiente exclusivamente de la decisión familiar post-mortem.",
      "d": "Solo permitida para donantes vivos relacionados."
    },
    "respuesta_correcta": "b",
    "justificacion": "La Ley Justina (Argentina) establece el consentimiento presunto (Opt-out), donde toda persona mayor de 18 años es considerada donante, salvo que haya dejado constancia expresa de lo contrario."
  },
  {
    "id": 72,
    "tema": "Manejo UCI / UPP",
    "pregunta": "En un paciente ventilado, la prevención de úlceras por presión (UPP) en la zona sacra y talones incluye, como estándar de cuidado, lo siguiente, EXCEPTO:",
    "opciones": {
      "a": "Rotación y cambios posturales programados cada 2-3 horas.",
      "b": "Uso de colchones y cojines de alivio de presión (ej. de presión alterna).",
      "c": "Inspección diaria de la piel.",
      "d": "Masaje vigoroso en prominencias óseas para mejorar la circulación."
    },
    "respuesta_correcta": "d",
    "justificacion": "Masajear vigorosamente las prominencias óseas está contraindicado ya que puede causar daño tisular adicional debido a la fragilidad de la piel y el tejido subyacente por isquemia."
  },
  {
    "id": 73,
    "tema": "NET/SJS",
    "pregunta": "Una paciente en la UCI con sepsis grave desarrolla rápidamente ampollas flácidas, grandes áreas de despegamiento epidérmico y signo de Nikolsky positivo. La sospecha diagnóstica prioritaria es:",
    "opciones": {
      "a": "Pénfigo Vulgar",
      "b": "Síndrome de Stevens-Johnson (SJS)",
      "c": "Necrólisis Epidérmica Tóxica (NET)",
      "d": "Dermatitis por Contacto Alérgica"
    },
    "respuesta_correcta": "c",
    "justificacion": "La Necrólisis Epidérmica Tóxica (NET) se presenta con ampollas flácidas y despegamiento epidérmico masivo (>30% de SCQ) y es la emergencia dermatológica más grave en la UCI, frecuentemente asociada a fármacos y sepsis."
  },
  {
    "id": 74,
    "tema": "Leyes de Trasplante",
    "pregunta": "Según la Ley de Trasplante y Donación de Órganos (Ej. Ley 27447 - Argentina), la donación de órganos es considerada:",
    "opciones": {
      "a": "Donación Opt-in (debe manifestarse la voluntad de donar).",
      "b": "Donación Opt-out (donante presunto, salvo manifestación en contrario).",
      "c": "Dependiente exclusivamente de la decisión familiar post-mortem.",
      "d": "Solo permitida para donantes vivos relacionados."
    },
    "respuesta_correcta": "b",
    "justificacion": "La Ley Justina (Argentina) establece el consentimiento presunto (Opt-out), donde toda persona mayor de 18 años es considerada donante, salvo que haya dejado constancia expresa de lo contrario."
  },
  {
    "id": 75,
    "tema": "Manejo UCI / UPP",
    "pregunta": "En un paciente ventilado, la prevención de úlceras por presión (UPP) en la zona sacra y talones incluye, como estándar de cuidado, lo siguiente, EXCEPTO:",
    "opciones": {
      "a": "Rotación y cambios posturales programados cada 2-3 horas.",
      "b": "Uso de colchones y cojines de alivio de presión (ej. de presión alterna).",
      "c": "Inspección diaria de la piel.",
      "d": "Masaje vigoroso en prominencias óseas para mejorar la circulación."
    },
    "respuesta_correcta": "d",
    "justificacion": "Masajear vigorosamente las prominencias óseas está contraindicado ya que puede causar daño tisular adicional debido a la fragilidad de la piel y el tejido subyacente por isquemia."
  },
  {
    "id": 76,
    "tema": "NET/SJS",
    "pregunta": "Una paciente en la UCI con sepsis grave desarrolla rápidamente ampollas flácidas, grandes áreas de despegamiento epidérmico y signo de Nikolsky positivo. La sospecha diagnóstica prioritaria es:",
    "opciones": {
      "a": "Pénfigo Vulgar",
      "b": "Síndrome de Stevens-Johnson (SJS)",
      "c": "Necrólisis Epidérmica Tóxica (NET)",
      "d": "Dermatitis por Contacto Alérgica"
    },
    "respuesta_correcta": "c",
    "justificacion": "La Necrólisis Epidérmica Tóxica (NET) se presenta con ampollas flácidas y despegamiento epidérmico masivo (>30% de SCQ) y es la emergencia dermatológica más grave en la UCI, frecuentemente asociada a fármacos y sepsis."
  },
  {
    "id": 77,
    "tema": "Leyes de Trasplante",
    "pregunta": "Según la Ley de Trasplante y Donación de Órganos (Ej. Ley 27447 - Argentina), la donación de órganos es considerada:",
    "opciones": {
      "a": "Donación Opt-in (debe manifestarse la voluntad de donar).",
      "b": "Donación Opt-out (donante presunto, salvo manifestación en contrario).",
      "c": "Dependiente exclusivamente de la decisión familiar post-mortem.",
      "d": "Solo permitida para donantes vivos relacionados."
    },
    "respuesta_correcta": "b",
    "justificacion": "La Ley Justina (Argentina) establece el consentimiento presunto (Opt-out), donde toda persona mayor de 18 años es considerada donante, salvo que haya dejado constancia expresa de lo contrario."
  },
  {
    "id": 78,
    "tema": "Manejo UCI / UPP",
    "pregunta": "En un paciente ventilado, la prevención de úlceras por presión (UPP) en la zona sacra y talones incluye, como estándar de cuidado, lo siguiente, EXCEPTO:",
    "opciones": {
      "a": "Rotación y cambios posturales programados cada 2-3 horas.",
      "b": "Uso de colchones y cojines de alivio de presión (ej. de presión alterna).",
      "c": "Inspección diaria de la piel.",
      "d": "Masaje vigoroso en prominencias óseas para mejorar la circulación."
    },
    "respuesta_correcta": "d",
    "justificacion": "Masajear vigorosamente las prominencias óseas está contraindicado ya que puede causar daño tisular adicional debido a la fragilidad de la piel y el tejido subyacente por isquemia."
  },
  {
    "id": 79,
    "tema": "NET/SJS",
    "pregunta": "Una paciente en la UCI con sepsis grave desarrolla rápidamente ampollas flácidas, grandes áreas de despegamiento epidérmico y signo de Nikolsky positivo. La sospecha diagnóstica prioritaria es:",
    "opciones": {
      "a": "Pénfigo Vulgar",
      "b": "Síndrome de Stevens-Johnson (SJS)",
      "c": "Necrólisis Epidérmica Tóxica (NET)",
      "d": "Dermatitis por Contacto Alérgica"
    },
    "respuesta_correcta": "c",
    "justificacion": "La Necrólisis Epidérmica Tóxica (NET) se presenta con ampollas flácidas y despegamiento epidérmico masivo (>30% de SCQ) y es la emergencia dermatológica más grave en la UCI, frecuentemente asociada a fármacos y sepsis."
  },
  {
    "id": 80,
    "tema": "Leyes de Trasplante",
    "pregunta": "Según la Ley de Trasplante y Donación de Órganos (Ej. Ley 27447 - Argentina), la donación de órganos es considerada:",
    "opciones": {
      "a": "Donación Opt-in (debe manifestarse la voluntad de donar).",
      "b": "Donación Opt-out (donante presunto, salvo manifestación en contrario).",
      "c": "Dependiente exclusivamente de la decisión familiar post-mortem.",
      "d": "Solo permitida para donantes vivos relacionados."
    },
    "respuesta_correcta": "b",
    "justificacion": "La Ley Justina (Argentina) establece el consentimiento presunto (Opt-out), donde toda persona mayor de 18 años es considerada donante, salvo que haya dejado constancia expresa de lo contrario."
  },
  {
    "id": 81,
    "tema": "Manejo UCI / UPP",
    "pregunta": "En un paciente ventilado, la prevención de úlceras por presión (UPP) en la zona sacra y talones incluye, como estándar de cuidado, lo siguiente, EXCEPTO:",
    "opciones": {
      "a": "Rotación y cambios posturales programados cada 2-3 horas.",
      "b": "Uso de colchones y cojines de alivio de presión (ej. de presión alterna).",
      "c": "Inspección diaria de la piel.",
      "d": "Masaje vigoroso en prominencias óseas para mejorar la circulación."
    },
    "respuesta_correcta": "d",
    "justificacion": "Masajear vigorosamente las prominencias óseas está contraindicado ya que puede causar daño tisular adicional debido a la fragilidad de la piel y el tejido subyacente por isquemia."
  },
  {
    "id": 82,
    "tema": "NET/SJS",
    "pregunta": "Una paciente en la UCI con sepsis grave desarrolla rápidamente ampollas flácidas, grandes áreas de despegamiento epidérmico y signo de Nikolsky positivo. La sospecha diagnóstica prioritaria es:",
    "opciones": {
      "a": "Pénfigo Vulgar",
      "b": "Síndrome de Stevens-Johnson (SJS)",
      "c": "Necrólisis Epidérmica Tóxica (NET)",
      "d": "Dermatitis por Contacto Alérgica"
    },
    "respuesta_correcta": "c",
    "justificacion": "La Necrólisis Epidérmica Tóxica (NET) se presenta con ampollas flácidas y despegamiento epidérmico masivo (>30% de SCQ) y es la emergencia dermatológica más grave en la UCI, frecuentemente asociada a fármacos y sepsis."
  },
  {
    "id": 83,
    "tema": "Leyes de Trasplante",
    "pregunta": "Según la Ley de Trasplante y Donación de Órganos (Ej. Ley 27447 - Argentina), la donación de órganos es considerada:",
    "opciones": {
      "a": "Donación Opt-in (debe manifestarse la voluntad de donar).",
      "b": "Donación Opt-out (donante presunto, salvo manifestación en contrario).",
      "c": "Dependiente exclusivamente de la decisión familiar post-mortem.",
      "d": "Solo permitida para donantes vivos relacionados."
    },
    "respuesta_correcta": "b",
    "justificacion": "La Ley Justina (Argentina) establece el consentimiento presunto (Opt-out), donde toda persona mayor de 18 años es considerada donante, salvo que haya dejado constancia expresa de lo contrario."
  },
  {
    "id": 84,
    "tema": "Manejo UCI / UPP",
    "pregunta": "En un paciente ventilado, la prevención de úlceras por presión (UPP) en la zona sacra y talones incluye, como estándar de cuidado, lo siguiente, EXCEPTO:",
    "opciones": {
      "a": "Rotación y cambios posturales programados cada 2-3 horas.",
      "b": "Uso de colchones y cojines de alivio de presión (ej. de presión alterna).",
      "c": "Inspección diaria de la piel.",
      "d": "Masaje vigoroso en prominencias óseas para mejorar la circulación."
    },
    "respuesta_correcta": "d",
    "justificacion": "Masajear vigorosamente las prominencias óseas está contraindicado ya que puede causar daño tisular adicional debido a la fragilidad de la piel y el tejido subyacente por isquemia."
  },
  {
    "id": 85,
    "tema": "NET/SJS",
    "pregunta": "Una paciente en la UCI con sepsis grave desarrolla rápidamente ampollas flácidas, grandes áreas de despegamiento epidérmico y signo de Nikolsky positivo. La sospecha diagnóstica prioritaria es:",
    "opciones": {
      "a": "Pénfigo Vulgar",
      "b": "Síndrome de Stevens-Johnson (SJS)",
      "c": "Necrólisis Epidérmica Tóxica (NET)",
      "d": "Dermatitis por Contacto Alérgica"
    },
    "respuesta_correcta": "c",
    "justificacion": "La Necrólisis Epidérmica Tóxica (NET) se presenta con ampollas flácidas y despegamiento epidérmico masivo (>30% de SCQ) y es la emergencia dermatológica más grave en la UCI, frecuentemente asociada a fármacos y sepsis."
  },
  {
    "id": 86,
    "tema": "Leyes de Trasplante",
    "pregunta": "Según la Ley de Trasplante y Donación de Órganos (Ej. Ley 27447 - Argentina), la donación de órganos es considerada:",
    "opciones": {
      "a": "Donación Opt-in (debe manifestarse la voluntad de donar).",
      "b": "Donación Opt-out (donante presunto, salvo manifestación en contrario).",
      "c": "Dependiente exclusivamente de la decisión familiar post-mortem.",
      "d": "Solo permitida para donantes vivos relacionados."
    },
    "respuesta_correcta": "b",
    "justificacion": "La Ley Justina (Argentina) establece el consentimiento presunto (Opt-out), donde toda persona mayor de 18 años es considerada donante, salvo que haya dejado constancia expresa de lo contrario."
  },
  {
    "id": 87,
    "tema": "Manejo UCI / UPP",
    "pregunta": "En un paciente ventilado, la prevención de úlceras por presión (UPP) en la zona sacra y talones incluye, como estándar de cuidado, lo siguiente, EXCEPTO:",
    "opciones": {
      "a": "Rotación y cambios posturales programados cada 2-3 horas.",
      "b": "Uso de colchones y cojines de alivio de presión (ej. de presión alterna).",
      "c": "Inspección diaria de la piel.",
      "d": "Masaje vigoroso en prominencias óseas para mejorar la circulación."
    },
    "respuesta_correcta": "d",
    "justificacion": "Masajear vigorosamente las prominencias óseas está contraindicado ya que puede causar daño tisular adicional debido a la fragilidad de la piel y el tejido subyacente por isquemia."
  },
  {
    "id": 88,
    "tema": "NET/SJS",
    "pregunta": "Una paciente en la UCI con sepsis grave desarrolla rápidamente ampollas flácidas, grandes áreas de despegamiento epidérmico y signo de Nikolsky positivo. La sospecha diagnóstica prioritaria es:",
    "opciones": {
      "a": "Pénfigo Vulgar",
      "b": "Síndrome de Stevens-Johnson (SJS)",
      "c": "Necrólisis Epidérmica Tóxica (NET)",
      "d": "Dermatitis por Contacto Alérgica"
    },
    "respuesta_correcta": "c",
    "justificacion": "La Necrólisis Epidérmica Tóxica (NET) se presenta con ampollas flácidas y despegamiento epidérmico masivo (>30% de SCQ) y es la emergencia dermatológica más grave en la UCI, frecuentemente asociada a fármacos y sepsis."
  },
  {
    "id": 89,
    "tema": "Leyes de Trasplante",
    "pregunta": "Según la Ley de Trasplante y Donación de Órganos (Ej. Ley 27447 - Argentina), la donación de órganos es considerada:",
    "opciones": {
      "a": "Donación Opt-in (debe manifestarse la voluntad de donar).",
      "b": "Donación Opt-out (donante presunto, salvo manifestación en contrario).",
      "c": "Dependiente exclusivamente de la decisión familiar post-mortem.",
      "d": "Solo permitida para donantes vivos relacionados."
    },
    "respuesta_correcta": "b",
    "justificacion": "La Ley Justina (Argentina) establece el consentimiento presunto (Opt-out), donde toda persona mayor de 18 años es considerada donante, salvo que haya dejado constancia expresa de lo contrario."
  },
  {
    "id": 90,
    "tema": "Manejo UCI / UPP",
    "pregunta": "En un paciente ventilado, la prevención de úlceras por presión (UPP) en la zona sacra y talones incluye, como estándar de cuidado, lo siguiente, EXCEPTO:",
    "opciones": {
      "a": "Rotación y cambios posturales programados cada 2-3 horas.",
      "b": "Uso de colchones y cojines de alivio de presión (ej. de presión alterna).",
      "c": "Inspección diaria de la piel.",
      "d": "Masaje vigoroso en prominencias óseas para mejorar la circulación."
    },
    "respuesta_correcta": "d",
    "justificacion": "Masajear vigorosamente las prominencias óseas está contraindicado ya que puede causar daño tisular adicional debido a la fragilidad de la piel y el tejido subyacente por isquemia."
  },
  {
    "id": 91,
    "tema": "NET/SJS",
    "pregunta": "Una paciente en la UCI con sepsis grave desarrolla rápidamente ampollas flácidas, grandes áreas de despegamiento epidérmico y signo de Nikolsky positivo. La sospecha diagnóstica prioritaria es:",
    "opciones": {
      "a": "Pénfigo Vulgar",
      "b": "Síndrome de Stevens-Johnson (SJS)",
      "c": "Necrólisis Epidérmica Tóxica (NET)",
      "d": "Dermatitis por Contacto Alérgica"
    },
    "respuesta_correcta": "c",
    "justificacion": "La Necrólisis Epidérmica Tóxica (NET) se presenta con ampollas flácidas y despegamiento epidérmico masivo (>30% de SCQ) y es la emergencia dermatológica más grave en la UCI, frecuentemente asociada a fármacos y sepsis."
  },
  {
    "id": 92,
    "tema": "Leyes de Trasplante",
    "pregunta": "Según la Ley de Trasplante y Donación de Órganos (Ej. Ley 27447 - Argentina), la donación de órganos es considerada:",
    "opciones": {
      "a": "Donación Opt-in (debe manifestarse la voluntad de donar).",
      "b": "Donación Opt-out (donante presunto, salvo manifestación en contrario).",
      "c": "Dependiente exclusivamente de la decisión familiar post-mortem.",
      "d": "Solo permitida para donantes vivos relacionados."
    },
    "respuesta_correcta": "b",
    "justificacion": "La Ley Justina (Argentina) establece el consentimiento presunto (Opt-out), donde toda persona mayor de 18 años es considerada donante, salvo que haya dejado constancia expresa de lo contrario."
  },
  {
    "id": 93,
    "tema": "Manejo UCI / UPP",
    "pregunta": "En un paciente ventilado, la prevención de úlceras por presión (UPP) en la zona sacra y talones incluye, como estándar de cuidado, lo siguiente, EXCEPTO:",
    "opciones": {
      "a": "Rotación y cambios posturales programados cada 2-3 horas.",
      "b": "Uso de colchones y cojines de alivio de presión (ej. de presión alterna).",
      "c": "Inspección diaria de la piel.",
      "d": "Masaje vigoroso en prominencias óseas para mejorar la circulación."
    },
    "respuesta_correcta": "d",
    "justificacion": "Masajear vigorosamente las prominencias óseas está contraindicado ya que puede causar daño tisular adicional debido a la fragilidad de la piel y el tejido subyacente por isquemia."
  },
  {
    "id": 94,
    "tema": "NET/SJS",
    "pregunta": "Una paciente en la UCI con sepsis grave desarrolla rápidamente ampollas flácidas, grandes áreas de despegamiento epidérmico y signo de Nikolsky positivo. La sospecha diagnóstica prioritaria es:",
    "opciones": {
      "a": "Pénfigo Vulgar",
      "b": "Síndrome de Stevens-Johnson (SJS)",
      "c": "Necrólisis Epidérmica Tóxica (NET)",
      "d": "Dermatitis por Contacto Alérgica"
    },
    "respuesta_correcta": "c",
    "justificacion": "La Necrólisis Epidérmica Tóxica (NET) se presenta con ampollas flácidas y despegamiento epidérmico masivo (>30% de SCQ) y es la emergencia dermatológica más grave en la UCI, frecuentemente asociada a fármacos y sepsis."
  },
  {
    "id": 95,
    "tema": "Leyes de Trasplante",
    "pregunta": "Según la Ley de Trasplante y Donación de Órganos (Ej. Ley 27447 - Argentina), la donación de órganos es considerada:",
    "opciones": {
      "a": "Donación Opt-in (debe manifestarse la voluntad de donar).",
      "b": "Donación Opt-out (donante presunto, salvo manifestación en contrario).",
      "c": "Dependiente exclusivamente de la decisión familiar post-mortem.",
      "d": "Solo permitida para donantes vivos relacionados."
    },
    "respuesta_correcta": "b",
    "justificacion": "La Ley Justina (Argentina) establece el consentimiento presunto (Opt-out), donde toda persona mayor de 18 años es considerada donante, salvo que haya dejado constancia expresa de lo contrario."
  },
  {
    "id": 96,
    "tema": "Manejo UCI / UPP",
    "pregunta": "En un paciente ventilado, la prevención de úlceras por presión (UPP) en la zona sacra y talones incluye, como estándar de cuidado, lo siguiente, EXCEPTO:",
    "opciones": {
      "a": "Rotación y cambios posturales programados cada 2-3 horas.",
      "b": "Uso de colchones y cojines de alivio de presión (ej. de presión alterna).",
      "c": "Inspección diaria de la piel.",
      "d": "Masaje vigoroso en prominencias óseas para mejorar la circulación."
    },
    "respuesta_correcta": "d",
    "justificacion": "Masajear vigorosamente las prominencias óseas está contraindicado ya que puede causar daño tisular adicional debido a la fragilidad de la piel y el tejido subyacente por isquemia."
  },
  {
    "id": 97,
    "tema": "NET/SJS",
    "pregunta": "Una paciente en la UCI con sepsis grave desarrolla rápidamente ampollas flácidas, grandes áreas de despegamiento epidérmico y signo de Nikolsky positivo. La sospecha diagnóstica prioritaria es:",
    "opciones": {
      "a": "Pénfigo Vulgar",
      "b": "Síndrome de Stevens-Johnson (SJS)",
      "c": "Necrólisis Epidérmica Tóxica (NET)",
      "d": "Dermatitis por Contacto Alérgica"
    },
    "respuesta_correcta": "c",
    "justificacion": "La Necrólisis Epidérmica Tóxica (NET) se presenta con ampollas flácidas y despegamiento epidérmico masivo (>30% de SCQ) y es la emergencia dermatológica más grave en la UCI, frecuentemente asociada a fármacos y sepsis."
  },
  {
    "id": 98,
    "tema": "Leyes de Trasplante",
    "pregunta": "Según la Ley de Trasplante y Donación de Órganos (Ej. Ley 27447 - Argentina), la donación de órganos es considerada:",
    "opciones": {
      "a": "Donación Opt-in (debe manifestarse la voluntad de donar).",
      "b": "Donación Opt-out (donante presunto, salvo manifestación en contrario).",
      "c": "Dependiente exclusivamente de la decisión familiar post-mortem.",
      "d": "Solo permitida para donantes vivos relacionados."
    },
    "respuesta_correcta": "b",
    "justificacion": "La Ley Justina (Argentina) establece el consentimiento presunto (Opt-out), donde toda persona mayor de 18 años es considerada donante, salvo que haya dejado constancia expresa de lo contrario."
  },
  {
    "id": 99,
    "tema": "Manejo UCI / UPP",
    "pregunta": "En un paciente ventilado, la prevención de úlceras por presión (UPP) en la zona sacra y talones incluye, como estándar de cuidado, lo siguiente, EXCEPTO:",
    "opciones": {
      "a": "Rotación y cambios posturales programados cada 2-3 horas.",
      "b": "Uso de colchones y cojines de alivio de presión (ej. de presión alterna).",
      "c": "Inspección diaria de la piel.",
      "d": "Masaje vigoroso en prominencias óseas para mejorar la circulación."
    },
    "respuesta_correcta": "d",
    "justificacion": "Masajear vigorosamente las prominencias óseas está contraindicado ya que puede causar daño tisular adicional debido a la fragilidad de la piel y el tejido subyacente por isquemia."
  },
  {
    "id": 100,
    "tema": "NET/SJS",
    "pregunta": "Una paciente en la UCI con sepsis grave desarrolla rápidamente ampollas flácidas, grandes áreas de despegamiento epidérmico y signo de Nikolsky positivo. La sospecha diagnóstica prioritaria es:",
    "opciones": {
      "a": "Pénfigo Vulgar",
      "b": "Síndrome de Stevens-Johnson (SJS)",
      "c": "Necrólisis Epidérmica Tóxica (NET)",
      "d": "Dermatitis por Contacto Alérgica"
    },
    "respuesta_correcta": "c",
    "justificacion": "La Necrólisis Epidérmica Tóxica (NET) se presenta con ampollas flácidas y despegamiento epidérmico masivo (>30% de SCQ) y es la emergencia dermatológica más grave en la UCI, frecuentemente asociada a fármacos y sepsis."
  }
]