[
  {
    "id": 1,
    "tema": "Enfermería 2023",
    "año": 2023,
    "caso_clínico": "",
    "pregunta": "¿Qué es el proceso de enfermería?",
    "opciones": {
      "opcion a": "Una metodología científica para organizar el cuidado.",
      "opcion b": "Un sistema para registrar datos administrativos.",
      "opcion c": "Un método exclusivo para emergencias.",
      "opcion d": "Una técnica de comunicación institucional."
    },
    "respuesta_correcta": "opcion a"
  },
  {
    "id": 2,
    "tema": "Enfermería 2023",
    "año": 2023,
    "caso_clínico": "",
    "pregunta": "¿Cuál es el primer paso del proceso de enfermería?",
    "opciones": {
      "opcion a": "Valoración.",
      "opcion b": "Diagnóstico.",
      "opcion c": "Intervención.",
      "opcion d": "Evaluación."
    },
    "respuesta_correcta": "opcion a"
  },
  {
    "id": 3,
    "tema": "Enfermería 2023",
    "año": 2023,
    "caso_clínico": "",
    "pregunta": "¿Cuál es el objetivo del diagnóstico de enfermería?",
    "opciones": {
      "opcion a": "Identificar respuestas humanas a problemas de salud.",
      "opcion b": "Definir pronóstico clínico.",
      "opcion c": "Determinar la terapia farmacológica.",
      "opcion d": "Establecer el tratamiento médico."
    },
    "respuesta_correcta": "opcion a"
  },
  {
    "id": 4,
    "tema": "Enfermería 2023",
    "año": 2023,
    "caso_clínico": "",
    "pregunta": "¿Qué caracteriza a un paciente con riesgo de aspiración?",
    "opciones": {
      "opcion a": "Edema en extremidades.",
      "opcion b": "Dificultad para gestionar su secreción salival.",
      "opcion c": "Fiebre persistente sin foco.",
      "opcion d": "Hiperhidratación."
    },
    "respuesta_correcta": "opcion b"
  },
  {
    "id": 5,
    "tema": "Enfermería 2023",
    "año": 2023,
    "caso_clínico": "",
    "pregunta": "¿Cuál es el nivel de prevención que corresponde a la educación sanitaria?",
    "opciones": {
      "opcion a": "Prevención de soporte.",
      "opcion b": "Prevención primaria.",
      "opcion c": "Prevención terciaria.",
      "opcion d": "Prevención cuaternaria."
    },
    "respuesta_correcta": "opcion b"
  },
  {
    "id": 6,
    "tema": "Enfermería 2023",
    "año": 2023,
    "caso_clínico": "",
    "pregunta": "¿Qué indica taquicardia persistente?",
    "opciones": {
      "opcion a": "Ingesta excesiva de proteínas.",
      "opcion b": "Recuperación respiratoria.",
      "opcion c": "Hiperglucemia compensada.",
      "opcion d": "Posible hipovolemia o dolor."
    },
    "respuesta_correcta": "opcion d"
  },
  {
    "id": 7,
    "tema": "Enfermería 2023",
    "año": 2023,
    "caso_clínico": "",
    "pregunta": "¿Qué se evalúa en el Glasgow Coma Scale?",
    "opciones": {
      "opcion a": "Respuesta ocular, verbal y motora.",
      "opcion b": "Dolor, orientación y movimientos finos.",
      "opcion c": "Reflejos, postura y pupilas.",
      "opcion d": "Presión arterial y saturación."
    },
    "respuesta_correcta": "opcion a"
  },
  {
    "id": 8,
    "tema": "Enfermería 2023",
    "año": 2023,
    "caso_clínico": "",
    "pregunta": "¿Cuál es el valor normal de saturación de oxígeno?",
    "opciones": {
      "opcion a": "60–70%.",
      "opcion b": "80–85%.",
      "opcion c": "88–92% en sujetos sanos.",
      "opcion d": "95–100%."
    },
    "respuesta_correcta": "opcion d"
  },
  {
    "id": 9,
    "tema": "Enfermería 2023",
    "año": 2023,
    "caso_clínico": "",
    "pregunta": "En una hipoglucemia, ¿qué debe administrarse primero en un paciente consciente?",
    "opciones": {
      "opcion a": "Sodio intravenoso.",
      "opcion b": "Leche descremada.",
      "opcion c": "Agua.",
      "opcion d": "Carbohidratos de acción rápida."
    },
    "respuesta_correcta": "opcion d"
  },
  {
    "id": 10,
    "tema": "Enfermería 2023",
    "año": 2023,
    "caso_clínico": "",
    "pregunta": "¿Qué indica un llenado capilar mayor a 3 segundos?",
    "opciones": {
      "opcion a": "Hidratación adecuada.",
      "opcion b": "Aumento de gasto cardíaco.",
      "opcion c": "Mejora circulatoria.",
      "opcion d": "Hipoperfusión."
    },
    "respuesta_correcta": "opcion d"
  },
  {
    "id": 11,
    "tema": "Enfermería 2023",
    "año": 2023,
    "caso_clínico": "",
    "pregunta": "¿Cuál es el objetivo del lavado de manos quirúrgico?",
    "opciones": {
      "opcion a": "Reducir al máximo la flora residente y transitoria.",
      "opcion b": "Hidratar la piel.",
      "opcion c": "Aumentar la temperatura corporal.",
      "opcion d": "Desinfectar solamente uñas."
    },
    "respuesta_correcta": "opcion a"
  },
  {
    "id": 12,
    "tema": "Enfermería 2023",
    "año": 2023,
    "caso_clínico": "",
    "pregunta": "¿Qué vía es preferida para medicación de emergencia?",
    "opciones": {
      "opcion a": "Rectal.",
      "opcion b": "Tópica.",
      "opcion c": "Intravenosa.",
      "opcion d": "Sublingual."
    },
    "respuesta_correcta": "opcion c"
  },
  {
    "id": 13,
    "tema": "Enfermería 2023",
    "año": 2023,
    "caso_clínico": "",
    "pregunta": "¿Cuál es el principal riesgo de una vía periférica sin control?",
    "opciones": {
      "opcion a": "Hiponatremia.",
      "opcion b": "Taquicardia supraventricular.",
      "opcion c": "Flebitis.",
      "opcion d": "Fiebre por ansiedad."
    },
    "respuesta_correcta": "opcion c"
  },
  {
    "id": 14,
    "tema": "Enfermería 2023",
    "año": 2023,
    "caso_clínico": "",
    "pregunta": "¿Qué indica un pulso débil y rápido?",
    "opciones": {
      "opcion a": "Ansiedad leve.",
      "opcion b": "Hipoglucemia leve.",
      "opcion c": "Shock.",
      "opcion d": "Digestión lenta."
    },
    "respuesta_correcta": "opcion c"
  },
  {
    "id": 15,
    "tema": "Enfermería 2023",
    "año": 2023,
    "caso_clínico": "",
    "pregunta": "¿Cuál es la presión arterial considerada hipertensión estadio 1?",
    "opciones": {
      "opcion a": "≥ 140/90 mmHg.",
      "opcion b": "≥ 110/80 mmHg.",
      "opcion c": "≥ 120/70 mmHg.",
      "opcion d": "≥ 100/60 mmHg."
    },
    "respuesta_correcta": "opcion a"
  },
  {
    "id": 16,
    "tema": "Enfermería 2023",
    "año": 2023,
    "caso_clínico": "",
    "pregunta": "¿Qué caracteriza a una respiración Kussmaul?",
    "opciones": {
      "opcion a": "Ruidosa y obstructiva.",
      "opcion b": "Irregular con pausas prolongadas.",
      "opcion c": "Superficial y pausada.",
      "opcion d": "Profunda y rápida, típica de acidosis metabólica."
    },
    "respuesta_correcta": "opcion d"
  },
  {
    "id": 17,
    "tema": "Enfermería 2023",
    "año": 2023,
    "caso_clínico": "",
    "pregunta": "¿Qué debe realizarse ante sospecha de sepsis?",
    "opciones": {
      "opcion a": "Tomar hemocultivos y comenzar antibióticos tempranos.",
      "opcion b": "Esperar 24 h para observar evolución.",
      "opcion c": "Evaluar solo presión arterial.",
      "opcion d": "Administrar líquidos sin evaluación."
    },
    "respuesta_correcta": "opcion a"
  },
  {
    "id": 18,
    "tema": "Enfermería 2023",
    "año": 2023,
    "caso_clínico": "",
    "pregunta": "¿Cuál es el objetivo de la oxigenoterapia?",
    "opciones": {
      "opcion a": "Corregir hipoxemia.",
      "opcion b": "Aumentar frecuencia cardíaca.",
      "opcion c": "Disminuir temperatura corporal.",
      "opcion d": "Mejorar digestión."
    },
    "respuesta_correcta": "opcion a"
  },
  {
    "id": 19,
    "tema": "Enfermería 2023",
    "año": 2023,
    "caso_clínico": "",
    "pregunta": "¿Qué complicación produce la inmovilidad prolongada?",
    "opciones": {
      "opcion a": "Hipertiroidismo.",
      "opcion b": "Aumento de masa muscular.",
      "opcion c": "Hipertensión arterial.",
      "opcion d": "Úlceras por presión."
    },
    "respuesta_correcta": "opcion d"
  },
  {
    "id": 20,
    "tema": "Enfermería 2023",
    "año": 2023,
    "caso_clínico": "",
    "pregunta": "¿Cuál es la temperatura febril considerada hipertermia severa?",
    "opciones": {
      "opcion a": "≥ 40 °C.",
      "opcion b": "37.2 °C.",
      "opcion c": "38.1 °C.",
      "opcion d": "36.0 °C."
    },
    "respuesta_correcta": "opcion a"
  },
  {
    "id": 21,
    "tema": "Enfermería 2023",
    "año": 2023,
    "caso_clínico": "",
    "pregunta": "¿Cuál es la posición recomendada para mejorar la ventilación?",
    "opciones": {
      "opcion a": "Decúbito prono ante fatiga leve.",
      "opcion b": "Trendelemburg.",
      "opcion c": "Fowler.",
      "opcion d": "Posición fetal."
    },
    "respuesta_correcta": "opcion c"
  },
  {
    "id": 22,
    "tema": "Enfermería 2023",
    "año": 2023,
    "caso_clínico": "",
    "pregunta": "¿Qué indica una PA de 90/40 mmHg?",
    "opciones": {
      "opcion a": "Hipotensión.",
      "opcion b": "Normotensión.",
      "opcion c": "Hipertensión sistólica aislada.",
      "opcion d": "Hipertensión leve."
    },
    "respuesta_correcta": "opcion a"
  },
  {
    "id": 23,
    "tema": "Enfermería 2023",
    "año": 2023,
    "caso_clínico": "",
    "pregunta": "¿Qué parámetro indica mejor perfusión tisular?",
    "opciones": {
      "opcion a": "Talla.",
      "opcion b": "Circunferencia torácica.",
      "opcion c": "Llenado capilar.",
      "opcion d": "Peso corporal."
    },
    "respuesta_correcta": "opcion c"
  },
  {
    "id": 24,
    "tema": "Enfermería 2023",
    "año": 2023,
    "caso_clínico": "",
    "pregunta": "¿Qué tipo de aislamiento corresponde a tuberculosis?",
    "opciones": {
      "opcion a": "Aislamiento respiratorio (aire).",
      "opcion b": "Aislamiento entérico.",
      "opcion c": "Aislamiento por contacto.",
      "opcion d": "Aislamiento por gotas pesadas."
    },
    "respuesta_correcta": "opcion a"
  },
  {
    "id": 25,
    "tema": "Enfermería 2023",
    "año": 2023,
    "caso_clínico": "",
    "pregunta": "¿Cuál es el mejor indicador de hidratación en niños?",
    "opciones": {
      "opcion a": "Color de piel únicamente.",
      "opcion b": "Signos clínicos (mucosas, diuresis, perfusión).",
      "opcion c": "Temperatura corporal aislada.",
      "opcion d": "Frecuencia respiratoria."
    },
    "respuesta_correcta": "opcion b"
  },
  {
    "id": 26,
    "tema": "Enfermería 2023",
    "año": 2023,
    "caso_clínico": "",
    "pregunta": "¿Qué sugiere una FR de 6 rpm?",
    "opciones": {
      "opcion a": "Hiperventilación.",
      "opcion b": "Eupnea.",
      "opcion c": "Bradipnea severa.",
      "opcion d": "Taquipnea leve."
    },
    "respuesta_correcta": "opcion c"
  },
  {
    "id": 27,
    "tema": "Enfermería 2023",
    "año": 2023,
    "caso_clínico": "",
    "pregunta": "¿Cuál es la acción prioritaria en un paro cardiorrespiratorio?",
    "opciones": {
      "opcion a": "Administrar agua.",
      "opcion b": "Colocar una vía periférica.",
      "opcion c": "Iniciar compresiones torácicas.",
      "opcion d": "Buscar historia clínica."
    },
    "respuesta_correcta": "opcion c"
  },
  {
    "id": 28,
    "tema": "Enfermería 2023",
    "año": 2023,
    "caso_clínico": "",
    "pregunta": "¿Qué complicación puede causar un sondaje vesical prolongado?",
    "opciones": {
      "opcion a": "Infección urinaria.",
      "opcion b": "Constipación.",
      "opcion c": "Hipertensión.",
      "opcion d": "Deshidratación."
    },
    "respuesta_correcta": "opcion a"
  },
  {
    "id": 29,
    "tema": "Enfermería 2023",
    "año": 2023,
    "caso_clínico": "",
    "pregunta": "¿Qué indica fiebre + rigidez de nuca?",
    "opciones": {
      "opcion a": "Infección urinaria.",
      "opcion b": "Neumonía.",
      "opcion c": "Gastritis severa.",
      "opcion d": "Posible meningitis."
    },
    "respuesta_correcta": "opcion d"
  },
  {
    "id": 30,
    "tema": "Enfermería 2023",
    "año": 2023,
    "caso_clínico": "",
    "pregunta": "¿Cuál es la meta principal del cuidado paliativo?",
    "opciones": {
      "opcion a": "Prolongación de la hospitalización.",
      "opcion b": "Aumento del uso de medicación.",
      "opcion c": "Curación acelerada.",
      "opcion d": "Control del sufrimiento y mejora de la calidad de vida."
    },
    "respuesta_correcta": "opcion d"
  },
  {
    "id": 31,
    "tema": "Enfermería 2023",
    "año": 2023,
    "caso_clínico": "",
    "pregunta": "¿Qué indica una piel fría, pálida y sudorosa?",
    "opciones": {
      "opcion a": "Buena perfusión.",
      "opcion b": "Recuperación de fiebre.",
      "opcion c": "Hiperhidratación.",
      "opcion d": "Shock."
    },
    "respuesta_correcta": "opcion d"
  },
  {
    "id": 32,
    "tema": "Enfermería 2023",
    "año": 2023,
    "caso_clínico": "",
    "pregunta": "¿Cuál es la frecuencia respiratoria normal en un adulto sano?",
    "opciones": {
      "opcion a": "12–20 rpm.",
      "opcion b": "25–35 rpm.",
      "opcion c": "6–10 rpm.",
      "opcion d": "40–45 rpm."
    },
    "respuesta_correcta": "opcion a"
  },
  {
    "id": 33,
    "tema": "Enfermería 2023",
    "año": 2023,
    "caso_clínico": "",
    "pregunta": "¿Cuál es el objetivo de la educación sanitaria en hipertensión?",
    "opciones": {
      "opcion a": "Reducir factores de riesgo modificables.",
      "opcion b": "Enseñar a tomar medicación sin control médico.",
      "opcion c": "Eliminar completamente el estrés del paciente.",
      "opcion d": "Evitar que el paciente vuelva a consultar."
    },
    "respuesta_correcta": "opcion a"
  },
  {
    "id": 34,
    "tema": "Enfermería 2023",
    "año": 2023,
    "caso_clínico": "",
    "pregunta": "¿Qué complicación se asocia con el oxígeno a alto flujo sin control?",
    "opciones": {
      "opcion a": "Toxicidad por oxígeno.",
      "opcion b": "Hipotermia.",
      "opcion c": "Hipoglucemia.",
      "opcion d": "Digestión lenta."
    },
    "respuesta_correcta": "opcion a"
  },
  {
    "id": 35,
    "tema": "Enfermería 2023",
    "año": 2023,
    "caso_clínico": "",
    "pregunta": "¿Cuál es el sitio preferido para administrar heparina subcutánea?",
    "opciones": {
      "opcion a": "Deltoides.",
      "opcion b": "Abdomen.",
      "opcion c": "Región escapular.",
      "opcion d": "Muslo lateral profundo."
    },
    "respuesta_correcta": "opcion b"
  },
  {
    "id": 36,
    "tema": "Enfermería 2023",
    "año": 2023,
    "caso_clínico": "",
    "pregunta": "¿Qué indica una disminución súbita del nivel de conciencia?",
    "opciones": {
      "opcion a": "Agotamiento físico común.",
      "opcion b": "Digestión lenta.",
      "opcion c": "Estrés emocional leve.",
      "opcion d": "Posible compromiso neurológico."
    },
    "respuesta_correcta": "opcion d"
  },
  {
    "id": 37,
    "tema": "Enfermería 2023",
    "año": 2023,
    "caso_clínico": "",
    "pregunta": "¿Qué acción es prioritaria ante un paciente con convulsiones?",
    "opciones": {
      "opcion a": "Colocar un objeto en la boca.",
      "opcion b": "Proteger la cabeza del paciente.",
      "opcion c": "Sujetar con fuerza las extremidades.",
      "opcion d": "Administrar agua azucarada."
    },
    "respuesta_correcta": "opcion b"
  },
  {
    "id": 38,
    "tema": "Enfermería 2023",
    "año": 2023,
    "caso_clínico": "",
    "pregunta": "¿Cuál es el objetivo del aislamiento por contacto?",
    "opciones": {
      "opcion a": "Evitar transmisión por superficies o contacto directo.",
      "opcion b": "Evitar transmisión hemática.",
      "opcion c": "Controlar enfermedades digestivas exclusivas.",
      "opcion d": "Proteger contra gotitas aéreas."
    },
    "respuesta_correcta": "opcion a"
  },
  {
    "id": 39,
    "tema": "Enfermería 2023",
    "año": 2023,
    "caso_clínico": "",
    "pregunta": "¿Qué indica un pulso regular pero muy lento?",
    "opciones": {
      "opcion a": "Hipertensión.",
      "opcion b": "Fiebre.",
      "opcion c": "Taquicardia.",
      "opcion d": "Bradicardia."
    },
    "respuesta_correcta": "opcion d"
  },
  {
    "id": 40,
    "tema": "Enfermería 2023",
    "año": 2023,
    "caso_clínico": "",
    "pregunta": "¿Cuál es la escala utilizada para evaluar dolor en adultos?",
    "opciones": {
      "opcion a": "EVA (Escala Visual Analógica).",
      "opcion b": "Glasgow.",
      "opcion c": "APGAR.",
      "opcion d": "Norton modificada."
    },
    "respuesta_correcta": "opcion a"
  },
  {
    "id": 41,
    "tema": "Enfermería 2023",
    "año": 2023,
    "caso_clínico": "",
    "pregunta": "¿Qué medida se recomienda en un paciente con fiebre alta?",
    "opciones": {
      "opcion a": "Forzarlo a realizar ejercicio.",
      "opcion b": "Suspender ingesta de líquidos.",
      "opcion c": "Cubrirlo con mantas gruesas.",
      "opcion d": "Administrar antitérmicos según indicación médica."
    },
    "respuesta_correcta": "opcion d"
  },
  {
    "id": 42,
    "tema": "Enfermería 2023",
    "año": 2023,
    "caso_clínico": "",
    "pregunta": "¿Qué puede causar la administración rápida de potasio EV?",
    "opciones": {
      "opcion a": "Dolor abdominal leve.",
      "opcion b": "Taquipnea sin riesgo.",
      "opcion c": "Estrechamiento pupilar.",
      "opcion d": "Arritmias fatales."
    },
    "respuesta_correcta": "opcion d"
  },
  {
    "id": 43,
    "tema": "Enfermería 2023",
    "año": 2023,
    "caso_clínico": "",
    "pregunta": "¿Cuál es un signo temprano de insuficiencia respiratoria?",
    "opciones": {
      "opcion a": "Fiebre aislada.",
      "opcion b": "Bradipnea.",
      "opcion c": "Taquipnea.",
      "opcion d": "Reflejos exaltados."
    },
    "respuesta_correcta": "opcion c"
  },
  {
    "id": 44,
    "tema": "Enfermería 2023",
    "año": 2023,
    "caso_clínico": "",
    "pregunta": "¿Qué indica un peso corporal que aumenta rápidamente en 48 h?",
    "opciones": {
      "opcion a": "Mejor absorción intestinal.",
      "opcion b": "Retención de líquidos.",
      "opcion c": "Crecimiento óseo.",
      "opcion d": "Aumento de masa muscular."
    },
    "respuesta_correcta": "opcion b"
  },
  {
    "id": 45,
    "tema": "Enfermería 2023",
    "año": 2023,
    "caso_clínico": "",
    "pregunta": "¿Qué práctica previene úlceras por presión?",
    "opciones": {
      "opcion a": "Usar almohadas únicamente.",
      "opcion b": "Aumentar consumo de sal.",
      "opcion c": "Utilizar medias de compresión sin indicación.",
      "opcion d": "Cambios de posición cada 2 horas."
    },
    "respuesta_correcta": "opcion d"
  },
  {
    "id": 46,
    "tema": "Enfermería 2023",
    "año": 2023,
    "caso_clínico": "",
    "pregunta": "¿Qué significa “PA 200/110”?",
    "opciones": {
      "opcion a": "Crisis hipertensiva.",
      "opcion b": "Normotensión.",
      "opcion c": "Hipotensión severa.",
      "opcion d": "Hipertensión leve."
    },
    "respuesta_correcta": "opcion a"
  },
  {
    "id": 47,
    "tema": "Enfermería 2023",
    "año": 2023,
    "caso_clínico": "",
    "pregunta": "¿Qué recomienda enfermería ante dolor torácico súbito?",
    "opciones": {
      "opcion a": "Evaluar signos vitales y activar sistema de emergencias.",
      "opcion b": "Colocar al paciente en decúbito prono.",
      "opcion c": "Dar agua fría.",
      "opcion d": "Realizar masaje abdominal."
    },
    "respuesta_correcta": "opcion a"
  },
  {
    "id": 48,
    "tema": "Enfermería 2023",
    "año": 2023,
    "caso_clínico": "",
    "pregunta": "¿Qué indica un murmullo vesicular disminuido?",
    "opciones": {
      "opcion a": "Alteración de la ventilación pulmonar.",
      "opcion b": "Hambre.",
      "opcion c": "Cansancio muscular.",
      "opcion d": "Hipoglucemia."
    },
    "respuesta_correcta": "opcion a"
  },
  {
    "id": 49,
    "tema": "Enfermería 2023",
    "año": 2023,
    "caso_clínico": "",
    "pregunta": "¿Qué debe hacerse ante una vía periférica que duele al pasar medicación?",
    "opciones": {
      "opcion a": "Suspender la administración y evaluar infiltración.",
      "opcion b": "Aumentar la velocidad del goteo.",
      "opcion c": "Colocar compresas calientes sin revisar.",
      "opcion d": "Continuar y avisar después."
    },
    "respuesta_correcta": "opcion a"
  },
  {
    "id": 50,
    "tema": "Enfermería 2023",
    "año": 2023,
    "caso_clínico": "",
    "pregunta": "¿Qué indica una diuresis menor a 0,5 ml/kg/h?",
    "opciones": {
      "opcion a": "Poliuria.",
      "opcion b": "Diuresis normal.",
      "opcion c": "Hematuria inevitable.",
      "opcion d": "Oliguria."
    },
    "respuesta_correcta": "opcion d"
  },
  {
    "id": 51,
    "tema": "Enfermería 2023",
    "año": 2023,
    "caso_clínico": "",
    "pregunta": "¿Cuál es el objetivo del balance hídrico?",
    "opciones": {
      "opcion a": "Medir presión venosa central.",
      "opcion b": "Controlar ingresos y egresos de líquidos.",
      "opcion c": "Determinar tipo sanguíneo.",
      "opcion d": "Evaluar dolor."
    },
    "respuesta_correcta": "opcion b"
  },
  {
    "id": 52,
    "tema": "Enfermería 2023",
    "año": 2023,
    "caso_clínico": "",
    "pregunta": "¿Qué se administra ante hipoglucemia severa en paciente inconsciente?",
    "opciones": {
      "opcion a": "Glucosa EV.",
      "opcion b": "Agua fría.",
      "opcion c": "Café.",
      "opcion d": "Jugo por boca."
    },
    "respuesta_correcta": "opcion a"
  },
  {
    "id": 53,
    "tema": "Enfermería 2023",
    "año": 2023,
    "caso_clínico": "",
    "pregunta": "¿Qué indica un aumento del perímetro abdominal en horas?",
    "opciones": {
      "opcion a": "Crecimiento rápido óseo.",
      "opcion b": "Retención urinaria.",
      "opcion c": "Fortalecimiento muscular.",
      "opcion d": "Distensión abdominal o ascitis."
    },
    "respuesta_correcta": "opcion d"
  },
  {
    "id": 54,
    "tema": "Enfermería 2023",
    "año": 2023,
    "caso_clínico": "",
    "pregunta": "¿Cuál es el sitio ideal para medir temperatura central?",
    "opciones": {
      "opcion a": "Pierna inferior.",
      "opcion b": "Clavícula.",
      "opcion c": "Mano.",
      "opcion d": "Rectal."
    },
    "respuesta_correcta": "opcion d"
  },
  {
    "id": 55,
    "tema": "Enfermería 2023",
    "año": 2023,
    "caso_clínico": "",
    "pregunta": "¿Qué indica un exudado purulento en herida?",
    "opciones": {
      "opcion a": "Regeneración dérmica.",
      "opcion b": "Cicatrización acelerada.",
      "opcion c": "Infección.",
      "opcion d": "Proceso inflamatorio normal sin riesgo."
    },
    "respuesta_correcta": "opcion c"
  },
  {
    "id": 56,
    "tema": "Enfermería 2023",
    "año": 2023,
    "caso_clínico": "",
    "pregunta": "¿Qué valor de glucemia sugiere hipoglucemia?",
    "opciones": {
      "opcion a": "< 70 mg/dL.",
      "opcion b": "> 200 mg/dL.",
      "opcion c": "150 mg/dL.",
      "opcion d": "100 mg/dL."
    },
    "respuesta_correcta": "opcion a"
  },
  {
    "id": 57,
    "tema": "Enfermería 2023",
    "año": 2023,
    "caso_clínico": "",
    "pregunta": "¿Qué hacer ante saturación menor a 90% en aire ambiente?",
    "opciones": {
      "opcion a": "Aplicar compresas tibias.",
      "opcion b": "Dejar en observación sin intervención.",
      "opcion c": "Suspender ingesta de líquidos.",
      "opcion d": "Iniciar oxígeno suplementario."
    },
    "respuesta_correcta": "opcion d"
  },
  {
    "id": 58,
    "tema": "Enfermería 2023",
    "año": 2023,
    "caso_clínico": "",
    "pregunta": "¿Qué evalúan las pupilas en el examen físico?",
    "opciones": {
      "opcion a": "Estado hepático.",
      "opcion b": "Actividad pancreática.",
      "opcion c": "Respuesta neurológica.",
      "opcion d": "Función renal."
    },
    "respuesta_correcta": "opcion c"
  },
  {
    "id": 59,
    "tema": "Enfermería 2023",
    "año": 2023,
    "caso_clínico": "",
    "pregunta": "¿Qué indica un abdomen rígido y doloroso?",
    "opciones": {
      "opcion a": "Hambre.",
      "opcion b": "Estreñimiento leve.",
      "opcion c": "Abdomen agudo.",
      "opcion d": "Flatulencias comunes."
    },
    "respuesta_correcta": "opcion c"
  },
  {
    "id": 60,
    "tema": "Enfermería 2023",
    "año": 2023,
    "caso_clínico": "",
    "pregunta": "¿Qué debe realizar enfermería ante vómitos persistentes?",
    "opciones": {
      "opcion a": "Evaluar hidratación y riesgo de desequilibrio electrolítico.",
      "opcion b": "Indicar reposo sin control.",
      "opcion c": "Suspender líquidos totalmente.",
      "opcion d": "Administrar antiácidos sin indicación."
    },
    "respuesta_correcta": "opcion a"
  },
  {
    "id": 61,
    "tema": "Enfermería 2023",
    "año": 2023,
    "caso_clínico": "",
    "pregunta": "¿Qué indica una frecuencia cardíaca mayor a 120 lpm en adulto?",
    "opciones": {
      "opcion a": "Bradicardia.",
      "opcion b": "Hipotermia.",
      "opcion c": "Taquicardia.",
      "opcion d": "Eupnea."
    },
    "respuesta_correcta": "opcion c"
  },
  {
    "id": 62,
    "tema": "Enfermería 2023",
    "año": 2023,
    "caso_clínico": "",
    "pregunta": "¿Qué debe realizarse antes de administrar un antibiótico indicado por infección urinaria?",
    "opciones": {
      "opcion a": "Tomar muestra de orina para cultivo.",
      "opcion b": "Inducir al paciente a tomar líquidos en exceso.",
      "opcion c": "Colocar sonda sin indicación.",
      "opcion d": "Administrar el antibiótico inmediatamente sin registro."
    },
    "respuesta_correcta": "opcion a"
  },
  {
    "id": 63,
    "tema": "Enfermería 2023",
    "año": 2023,
    "caso_clínico": "",
    "pregunta": "¿Qué indica una respiración superficial y rápida?",
    "opciones": {
      "opcion a": "Apnea.",
      "opcion b": "Respiración de Cheyne–Stokes.",
      "opcion c": "Taquipnea.",
      "opcion d": "Bradipnea."
    },
    "respuesta_correcta": "opcion c"
  },
  {
    "id": 64,
    "tema": "Enfermería 2023",
    "año": 2023,
    "caso_clínico": "",
    "pregunta": "¿Qué acción previene infecciones durante la canalización de una vía periférica?",
    "opciones": {
      "opcion a": "Higiene de manos y técnica aséptica.",
      "opcion b": "Reutilizar jeringas limpias.",
      "opcion c": "Colocar el catéter sin limpieza previa.",
      "opcion d": "No usar guantes."
    },
    "respuesta_correcta": "opcion a"
  },
  {
    "id": 65,
    "tema": "Enfermería 2023",
    "año": 2023,
    "caso_clínico": "",
    "pregunta": "¿Cuál es el valor normal de temperatura corporal?",
    "opciones": {
      "opcion a": "36.5–37.5 °C.",
      "opcion b": "35.0 °C exactos.",
      "opcion c": "38 °C siempre.",
      "opcion d": "34 °C."
    },
    "respuesta_correcta": "opcion a"
  },
  {
    "id": 66,
    "tema": "Enfermería 2023",
    "año": 2023,
    "caso_clínico": "",
    "pregunta": "¿Qué indica una piel caliente y seca en un paciente febril?",
    "opciones": {
      "opcion a": "Fase de infección con termorregulación alterada.",
      "opcion b": "Hipotermia.",
      "opcion c": "Baja exposición solar.",
      "opcion d": "Hidratación normal."
    },
    "respuesta_correcta": "opcion a"
  },
  {
    "id": 67,
    "tema": "Enfermería 2023",
    "año": 2023,
    "caso_clínico": "",
    "pregunta": "¿Qué parámetro es esencial en el control de un paciente diabético?",
    "opciones": {
      "opcion a": "Glucemia capilar.",
      "opcion b": "Grupo sanguíneo.",
      "opcion c": "Saturación de oxígeno.",
      "opcion d": "Hemoglobina fetal."
    },
    "respuesta_correcta": "opcion a"
  },
  {
    "id": 68,
    "tema": "Enfermería 2023",
    "año": 2023,
    "caso_clínico": "",
    "pregunta": "¿Qué significa “disnea”?",
    "opciones": {
      "opcion a": "Dolor abdominal.",
      "opcion b": "Dificultad para respirar.",
      "opcion c": "Náuseas persistentes.",
      "opcion d": "Ritmo cardíaco irregular."
    },
    "respuesta_correcta": "opcion b"
  },
  {
    "id": 69,
    "tema": "Enfermería 2023",
    "año": 2023,
    "caso_clínico": "",
    "pregunta": "¿Cuál es la medida inicial ante hemorragia externa importante?",
    "opciones": {
      "opcion a": "Compresión directa.",
      "opcion b": "Colocar hielo únicamente.",
      "opcion c": "Administrar líquidos antes de detener el sangrado.",
      "opcion d": "Retirar coágulos para “limpiar”."
    },
    "respuesta_correcta": "opcion a"
  },
  {
    "id": 70,
    "tema": "Enfermería 2023",
    "año": 2023,
    "caso_clínico": "",
    "pregunta": "¿Qué indica una saturación del 85%?",
    "opciones": {
      "opcion a": "Estado febril.",
      "opcion b": "Hipertensión leve.",
      "opcion c": "Hipoxemia grave.",
      "opcion d": "Saturación normal."
    },
    "respuesta_correcta": "opcion c"
  },
  {
    "id": 71,
    "tema": "Enfermería 2023",
    "año": 2023,
    "caso_clínico": "",
    "pregunta": "¿Qué posición favorece el retorno venoso?",
    "opciones": {
      "opcion a": "Trendelemburg.",
      "opcion b": "Fowler.",
      "opcion c": "Sedestación.",
      "opcion d": "Decúbito ventral."
    },
    "respuesta_correcta": "opcion a"
  },
  {
    "id": 72,
    "tema": "Enfermería 2023",
    "año": 2023,
    "caso_clínico": "",
    "pregunta": "¿Qué tipo de vía se utiliza habitualmente para hidratación rápida?",
    "opciones": {
      "opcion a": "Vía intradérmica.",
      "opcion b": "Vía oral estricta.",
      "opcion c": "Vía intravenosa periférica.",
      "opcion d": "Vía tópica."
    },
    "respuesta_correcta": "opcion c"
  },
  {
    "id": 73,
    "tema": "Enfermería 2023",
    "año": 2023,
    "caso_clínico": "",
    "pregunta": "¿Qué indica un abdomen distendido y timpánico?",
    "opciones": {
      "opcion a": "Distensión gaseosa.",
      "opcion b": "Hidratación excesiva.",
      "opcion c": "Hipoglucemia.",
      "opcion d": "Aumento muscular."
    },
    "respuesta_correcta": "opcion a"
  },
  {
    "id": 74,
    "tema": "Enfermería 2023",
    "año": 2023,
    "caso_clínico": "",
    "pregunta": "¿Qué es una ulcera por presión estadio II?",
    "opciones": {
      "opcion a": "Pérdida parcial del grosor de la piel.",
      "opcion b": "Pérdida total con exposición ósea.",
      "opcion c": "Eritema no blanqueable únicamente.",
      "opcion d": "Herida seca sin lesión tisular."
    },
    "respuesta_correcta": "opcion a"
  },
  {
    "id": 75,
    "tema": "Enfermería 2023",
    "año": 2023,
    "caso_clínico": "",
    "pregunta": "¿Qué acción previene broncoaspiración en paciente con disfagia?",
    "opciones": {
      "opcion a": "Dar líquidos muy fríos.",
      "opcion b": "Elevar cabecera de la cama.",
      "opcion c": "Mantener en decúbito supino.",
      "opcion d": "Indicar ayuno sin evaluación."
    },
    "respuesta_correcta": "opcion b"
  },
  {
    "id": 76,
    "tema": "Enfermería 2023",
    "año": 2023,
    "caso_clínico": "",
    "pregunta": "¿Qué parámetro indica deshidratación moderada?",
    "opciones": {
      "opcion a": "Mucosas secas.",
      "opcion b": "Diuresis abundante.",
      "opcion c": "Piel caliente.",
      "opcion d": "Temperatura baja."
    },
    "respuesta_correcta": "opcion a"
  },
  {
    "id": 77,
    "tema": "Enfermería 2023",
    "año": 2023,
    "caso_clínico": "",
    "pregunta": "¿Qué indica un registro de PA con diferencia marcada entre brazos?",
    "opciones": {
      "opcion a": "Ansiedad únicamente.",
      "opcion b": "Fiebre.",
      "opcion c": "Medición correcta.",
      "opcion d": "Posible problema vascular."
    },
    "respuesta_correcta": "opcion d"
  },
  {
    "id": 78,
    "tema": "Enfermería 2023",
    "año": 2023,
    "caso_clínico": "",
    "pregunta": "¿Cuál es el objetivo del oxígeno por cánula nasal?",
    "opciones": {
      "opcion a": "Reducir temperatura.",
      "opcion b": "Aumentar aporte de O₂ en hipoxemia leve a moderada.",
      "opcion c": "Tratar dolor torácico.",
      "opcion d": "Aumentar frecuencia cardíaca."
    },
    "respuesta_correcta": "opcion b"
  },
  {
    "id": 79,
    "tema": "Enfermería 2023",
    "año": 2023,
    "caso_clínico": "",
    "pregunta": "¿Cuál es el mejor indicador de perfusión cerebral?",
    "opciones": {
      "opcion a": "Temperatura corporal.",
      "opcion b": "Frecuencia respiratoria.",
      "opcion c": "Diuresis.",
      "opcion d": "Nivel de conciencia."
    },
    "respuesta_correcta": "opcion d"
  },
  {
    "id": 80,
    "tema": "Enfermería 2023",
    "año": 2023,
    "caso_clínico": "",
    "pregunta": "¿Qué indica un paciente con FR 32 rpm?",
    "opciones": {
      "opcion a": "Bradipnea.",
      "opcion b": "Respiración profunda normal.",
      "opcion c": "Eupnea.",
      "opcion d": "Taquipnea."
    },
    "respuesta_correcta": "opcion d"
  },
  {
    "id": 81,
    "tema": "Enfermería 2023",
    "año": 2023,
    "caso_clínico": "",
    "pregunta": "¿Qué complicación puede causar una sonda nasogástrica mal colocada?",
    "opciones": {
      "opcion a": "Aspiración pulmonar.",
      "opcion b": "Hipertensión.",
      "opcion c": "Hiperglucemia.",
      "opcion d": "Insomnio."
    },
    "respuesta_correcta": "opcion a"
  },
  {
    "id": 82,
    "tema": "Enfermería 2023",
    "año": 2023,
    "caso_clínico": "",
    "pregunta": "¿Qué indica un hematoma progresivo en zona de punción?",
    "opciones": {
      "opcion a": "Reacción alérgica.",
      "opcion b": "Perfusión adecuada.",
      "opcion c": "Hidratación correcta.",
      "opcion d": "Extravasación."
    },
    "respuesta_correcta": "opcion d"
  },
  {
    "id": 83,
    "tema": "Enfermería 2023",
    "año": 2023,
    "caso_clínico": "",
    "pregunta": "¿Cuál es el objetivo del aislamiento respiratorio?",
    "opciones": {
      "opcion a": "Evitar propagación de microorganismos por aerosol.",
      "opcion b": "Prevenir deshidratación.",
      "opcion c": "Reducir exposición al sol.",
      "opcion d": "Evitar transmisión por contacto con sangre."
    },
    "respuesta_correcta": "opcion a"
  },
  {
    "id": 84,
    "tema": "Enfermería 2023",
    "año": 2023,
    "caso_clínico": "",
    "pregunta": "¿Qué indica una presión arterial de 90/60 en un adulto delgado?",
    "opciones": {
      "opcion a": "Indica falta de hierro.",
      "opcion b": "Es hipertensión leve.",
      "opcion c": "Puede ser normal para el paciente si no hay síntomas.",
      "opcion d": "Siempre indica shock."
    },
    "respuesta_correcta": "opcion c"
  },
  {
    "id": 85,
    "tema": "Enfermería 2023",
    "año": 2023,
    "caso_clínico": "",
    "pregunta": "¿Qué se debe hacer ante un paciente que refiere dolor torácico irradiado al brazo?",
    "opciones": {
      "opcion a": "Enviar a domicilio.",
      "opcion b": "Indicar descanso sin evaluación.",
      "opcion c": "Administrar agua.",
      "opcion d": "Activar protocolo de dolor torácico."
    },
    "respuesta_correcta": "opcion d"
  },
  {
    "id": 86,
    "tema": "Enfermería 2023",
    "año": 2023,
    "caso_clínico": "",
    "pregunta": "¿Qué es un balance hídrico positivo?",
    "opciones": {
      "opcion a": "Ingresos de líquidos mayores que egresos.",
      "opcion b": "Pérdida de líquidos excesiva.",
      "opcion c": "Estado de deshidratación.",
      "opcion d": "Ingesta nula."
    },
    "respuesta_correcta": "opcion a"
  },
  {
    "id": 87,
    "tema": "Enfermería 2023",
    "año": 2023,
    "caso_clínico": "",
    "pregunta": "¿Qué indica “piel de gallina” en un paciente febril?",
    "opciones": {
      "opcion a": "Escalofríos y fase inicial de fiebre.",
      "opcion b": "Deshidratación severa.",
      "opcion c": "Sudoración excesiva.",
      "opcion d": "Hiperglucemia."
    },
    "respuesta_correcta": "opcion a"
  },
  {
    "id": 88,
    "tema": "Enfermería 2023",
    "año": 2023,
    "caso_clínico": "",
    "pregunta": "¿Qué valor de Glasgow requiere atención inmediata?",
    "opciones": {
      "opcion a": "12.",
      "opcion b": "15.",
      "opcion c": "14.",
      "opcion d": "≤ 8."
    },
    "respuesta_correcta": "opcion d"
  },
  {
    "id": 89,
    "tema": "Enfermería 2023",
    "año": 2023,
    "caso_clínico": "",
    "pregunta": "¿Cuál es el riesgo principal en un paciente con vómitos y diarrea?",
    "opciones": {
      "opcion a": "Broncoespasmo.",
      "opcion b": "Deshidratación.",
      "opcion c": "Hipervitaminosis.",
      "opcion d": "Hipertermia."
    },
    "respuesta_correcta": "opcion b"
  },
  {
    "id": 90,
    "tema": "Enfermería 2023",
    "año": 2023,
    "caso_clínico": "",
    "pregunta": "¿Qué sugiere una frecuencia cardíaca de 45 lpm?",
    "opciones": {
      "opcion a": "Hiperglucemia.",
      "opcion b": "Taquicardia.",
      "opcion c": "Bradicardia.",
      "opcion d": "Ansiedad."
    },
    "respuesta_correcta": "opcion c"
  },
  {
    "id": 91,
    "tema": "Enfermería 2023",
    "año": 2023,
    "caso_clínico": "",
    "pregunta": "¿Qué indica la presencia de petequias?",
    "opciones": {
      "opcion a": "Alteración de la coagulación.",
      "opcion b": "Deshidratación.",
      "opcion c": "Irritación por roce.",
      "opcion d": "Alergia leve."
    },
    "respuesta_correcta": "opcion a"
  },
  {
    "id": 92,
    "tema": "Enfermería 2023",
    "año": 2023,
    "caso_clínico": "",
    "pregunta": "¿Cuál es el principal riesgo de un nivel de sodio muy bajo?",
    "opciones": {
      "opcion a": "Convulsiones.",
      "opcion b": "Hipotermia.",
      "opcion c": "Hiperhidratación.",
      "opcion d": "Diarrea."
    },
    "respuesta_correcta": "opcion a"
  },
  {
    "id": 93,
    "tema": "Enfermería 2023",
    "año": 2023,
    "caso_clínico": "",
    "pregunta": "¿Qué indica polidipsia en un paciente?",
    "opciones": {
      "opcion a": "Posible diabetes descompensada.",
      "opcion b": "Baja frecuencia cardíaca.",
      "opcion c": "Taquipnea.",
      "opcion d": "Déficit vitamínico."
    },
    "respuesta_correcta": "opcion a"
  },
  {
    "id": 94,
    "tema": "Enfermería 2023",
    "año": 2023,
    "caso_clínico": "",
    "pregunta": "¿Qué hacer ante signos de anafilaxia?",
    "opciones": {
      "opcion a": "Administrar adrenalina IM.",
      "opcion b": "Indicar reposo sin medicación.",
      "opcion c": "Dar agua fría.",
      "opcion d": "Colocar compresas."
    },
    "respuesta_correcta": "opcion a"
  },
  {
    "id": 95,
    "tema": "Enfermería 2023",
    "año": 2023,
    "caso_clínico": "",
    "pregunta": "¿Qué indica hipoventilación?",
    "opciones": {
      "opcion a": "Producción insuficiente de ventilación alveolar.",
      "opcion b": "Aumento exagerado de FR.",
      "opcion c": "Trastorno digestivo.",
      "opcion d": "Hidratación excesiva."
    },
    "respuesta_correcta": "opcion a"
  },
  {
    "id": 96,
    "tema": "Enfermería 2023",
    "año": 2023,
    "caso_clínico": "",
    "pregunta": "¿Qué se recomienda en un paciente con riesgo de broncoaspiración?",
    "opciones": {
      "opcion a": "Mantener cabecera elevada.",
      "opcion b": "Hacerlo hablar mucho durante comidas.",
      "opcion c": "Administrar alimentos líquidos rápidamente.",
      "opcion d": "Mantenerlo recostado boca abajo."
    },
    "respuesta_correcta": "opcion a"
  },
  {
    "id": 97,
    "tema": "Enfermería 2023",
    "año": 2023,
    "caso_clínico": "",
    "pregunta": "¿Qué indica un llenado capilar menor a 2 segundos?",
    "opciones": {
      "opcion a": "Insuficiencia cardíaca.",
      "opcion b": "Buena perfusión.",
      "opcion c": "Shock.",
      "opcion d": "Hipoxia."
    },
    "respuesta_correcta": "opcion b"
  },
  {
    "id": 98,
    "tema": "Enfermería 2023",
    "año": 2023,
    "caso_clínico": "",
    "pregunta": "¿Qué es la taquicardia supraventricular?",
    "opciones": {
      "opcion a": "Movimientos involuntarios.",
      "opcion b": "Alteración renal.",
      "opcion c": "Pausa respiratoria prolongada.",
      "opcion d": "Ritmo cardíaco acelerado originado sobre los ventrículos."
    },
    "respuesta_correcta": "opcion d"
  },
  {
    "id": 99,
    "tema": "Enfermería 2023",
    "año": 2023,
    "caso_clínico": "",
    "pregunta": "¿Qué indica cianosis periférica?",
    "opciones": {
      "opcion a": "Baja oxigenación en extremidades.",
      "opcion b": "Digestión lenta.",
      "opcion c": "Hiperhidratación.",
      "opcion d": "Aumento de masa muscular."
    },
    "respuesta_correcta": "opcion a"
  },
  {
    "id": 100,
    "tema": "Enfermería 2023",
    "año": 2023,
    "caso_clínico": "",
    "pregunta": "¿Cuál es la intervención prioritaria ante un paro cardiorrespiratorio?",
    "opciones": {
      "opcion a": "Intentar despertarlo durante varios minutos.",
      "opcion b": "Trasladarlo antes de comenzar maniobras.",
      "opcion c": "Buscar historia clínica del paciente.",
      "opcion d": "Iniciar RCP de alta calidad inmediatamente."
    },
    "respuesta_correcta": "opcion d"
  }
]