[
  {
    "id": 1,
    "tema": "Enfermería 2023",
    "año": 2023,
    "caso_clínico": "",
    "pregunta": "¿Cuál es la principal función de la enfermería en el control de infecciones?",
    "opciones": {
      "opcion a": "Registrar la limpieza del área.",
      "opcion b": "Administrar antibióticos sin orden médica.",
      "opcion c": "Prevenir la transmisión mediante técnicas de higiene y bioseguridad.",
      "opcion d": "Cambiar el uniforme tres veces al día."
    },
    "respuesta_correcta": "opcion c"
  },
  {
    "id": 2,
    "tema": "Enfermería 2023",
    "año": 2023,
    "caso_clínico": "",
    "pregunta": "¿Qué es la homeostasis?",
    "opciones": {
      "opcion a": "Estado de estrés prolongado.",
      "opcion b": "Mantenimiento del equilibrio interno del organismo.",
      "opcion c": "Función exclusiva del sistema circulatorio.",
      "opcion d": "Capacidad de generar energía muscular."
    },
    "respuesta_correcta": "opcion b"
  },
  {
    "id": 3,
    "tema": "Enfermería 2023",
    "año": 2023,
    "caso_clínico": "",
    "pregunta": "¿Qué vía se usa en la administración intradérmica?",
    "opciones": {
      "opcion a": "Ángulo de 10–15°.",
      "opcion b": "Ángulo de 75°.",
      "opcion c": "Ángulo de 60°.",
      "opcion d": "Ángulo de 90°."
    },
    "respuesta_correcta": "opcion a"
  },
  {
    "id": 4,
    "tema": "Enfermería 2023",
    "año": 2023,
    "caso_clínico": "",
    "pregunta": "¿Cuál es un signo temprano de hemorragia interna?",
    "opciones": {
      "opcion a": "Enrojecimiento facial.",
      "opcion b": "Aumento del apetito.",
      "opcion c": "Hiperhidratación.",
      "opcion d": "Taquicardia."
    },
    "respuesta_correcta": "opcion d"
  },
  {
    "id": 5,
    "tema": "Enfermería 2023",
    "año": 2023,
    "caso_clínico": "",
    "pregunta": "¿Qué define a la fiebre?",
    "opciones": {
      "opcion a": "Temperatura ≥38 °C.",
      "opcion b": "Temperatura 36 °C.",
      "opcion c": "Coloración rosada.",
      "opcion d": "Sudoración sin temperatura."
    },
    "respuesta_correcta": "opcion a"
  },
  {
    "id": 6,
    "tema": "Enfermería 2023",
    "año": 2023,
    "caso_clínico": "",
    "pregunta": "¿Qué músculo se usa comúnmente para vía intramuscular en adultos?",
    "opciones": {
      "opcion a": "Biceps braquial.",
      "opcion b": "Dorsal ancho.",
      "opcion c": "Trapecio.",
      "opcion d": "Deltoides."
    },
    "respuesta_correcta": "opcion d"
  },
  {
    "id": 7,
    "tema": "Enfermería 2023",
    "año": 2023,
    "caso_clínico": "",
    "pregunta": "¿Qué evalúa un electrocardiograma?",
    "opciones": {
      "opcion a": "Función pulmonar.",
      "opcion b": "Actividad eléctrica del corazón.",
      "opcion c": "Flujo venoso.",
      "opcion d": "Densidad ósea."
    },
    "respuesta_correcta": "opcion b"
  },
  {
    "id": 8,
    "tema": "Enfermería 2023",
    "año": 2023,
    "caso_clínico": "",
    "pregunta": "¿Cuál es la causa más común de paro cardiaco en adultos?",
    "opciones": {
      "opcion a": "Insuficiencia renal leve.",
      "opcion b": "Déficit de calcio.",
      "opcion c": "Arritmias ventriculares.",
      "opcion d": "Fractura de hueso largo."
    },
    "respuesta_correcta": "opcion c"
  },
  {
    "id": 9,
    "tema": "Enfermería 2023",
    "año": 2023,
    "caso_clínico": "",
    "pregunta": "¿Qué indica una diuresis de 3 L/día?",
    "opciones": {
      "opcion a": "Poliuria.",
      "opcion b": "Diuresis normal.",
      "opcion c": "Anuria.",
      "opcion d": "Hematuria."
    },
    "respuesta_correcta": "opcion a"
  },
  {
    "id": 10,
    "tema": "Enfermería 2023",
    "año": 2023,
    "caso_clínico": "",
    "pregunta": "¿Qué parámetro evalúa mejor el dolor en pediatría?",
    "opciones": {
      "opcion a": "Test de Rusell.",
      "opcion b": "Escala Norton.",
      "opcion c": "Escala EVA clásica.",
      "opcion d": "Escala FLACC."
    },
    "respuesta_correcta": "opcion d"
  },
  {
    "id": 11,
    "tema": "Enfermería 2023",
    "año": 2023,
    "caso_clínico": "",
    "pregunta": "¿Cuál es el objetivo del plan de cuidados de enfermería?",
    "opciones": {
      "opcion a": "Reducir los tiempos de internación sin evaluación.",
      "opcion b": "Limitar la autonomía del paciente.",
      "opcion c": "Reemplazar indicaciones médicas.",
      "opcion d": "Organizar las intervenciones según necesidades del paciente."
    },
    "respuesta_correcta": "opcion d"
  },
  {
    "id": 12,
    "tema": "Enfermería 2023",
    "año": 2023,
    "caso_clínico": "",
    "pregunta": "¿Qué es la hipoxia?",
    "opciones": {
      "opcion a": "Aumento brusco del sodio.",
      "opcion b": "Disminución del oxígeno en los tejidos.",
      "opcion c": "Control normal de ventilación.",
      "opcion d": "Exceso de dióxido de carbono en sangre."
    },
    "respuesta_correcta": "opcion b"
  },
  {
    "id": 13,
    "tema": "Enfermería 2023",
    "año": 2023,
    "caso_clínico": "",
    "pregunta": "¿Cuál es la FR normal en un recién nacido?",
    "opciones": {
      "opcion a": "12–20 rpm.",
      "opcion b": "10–15 rpm.",
      "opcion c": "30–60 rpm.",
      "opcion d": "70–90 rpm."
    },
    "respuesta_correcta": "opcion c"
  },
  {
    "id": 14,
    "tema": "Enfermería 2023",
    "año": 2023,
    "caso_clínico": "",
    "pregunta": "¿Cuál es un signo de shock séptico?",
    "opciones": {
      "opcion a": "Fiebre leve sin síntomas.",
      "opcion b": "Hipotensión refractaria.",
      "opcion c": "Hipertensión sostenida.",
      "opcion d": "Piel caliente sin cambios."
    },
    "respuesta_correcta": "opcion b"
  },
  {
    "id": 15,
    "tema": "Enfermería 2023",
    "año": 2023,
    "caso_clínico": "",
    "pregunta": "¿Qué línea se utiliza para nutrición parenteral de alta osmolaridad?",
    "opciones": {
      "opcion a": "Vía central.",
      "opcion b": "Vía subcutánea.",
      "opcion c": "Vía intradérmica.",
      "opcion d": "Vía intranasal."
    },
    "respuesta_correcta": "opcion a"
  },
  {
    "id": 16,
    "tema": "Enfermería 2023",
    "año": 2023,
    "caso_clínico": "",
    "pregunta": "¿Qué indica una piel fría y pegajosa?",
    "opciones": {
      "opcion a": "Hipoperfusión.",
      "opcion b": "Hiperhidratación.",
      "opcion c": "Digestión lenta.",
      "opcion d": "Hipertiroidismo."
    },
    "respuesta_correcta": "opcion a"
  },
  {
    "id": 17,
    "tema": "Enfermería 2023",
    "año": 2023,
    "caso_clínico": "",
    "pregunta": "¿Qué es el consentimiento informado?",
    "opciones": {
      "opcion a": "Permiso otorgado por el familiar siempre.",
      "opcion b": "Documento que reemplaza la comunicación verbal.",
      "opcion c": "Obligación de firmar antes de cualquier procedimiento.",
      "opcion d": "Aceptación voluntaria del paciente basada en información clara."
    },
    "respuesta_correcta": "opcion d"
  },
  {
    "id": 18,
    "tema": "Enfermería 2023",
    "año": 2023,
    "caso_clínico": "",
    "pregunta": "¿Qué sugiere un abdomen blando e indoloro?",
    "opciones": {
      "opcion a": "Normalidad abdominal.",
      "opcion b": "Peritonitis.",
      "opcion c": "Abdomen agudo.",
      "opcion d": "Obstrucción severa."
    },
    "respuesta_correcta": "opcion a"
  },
  {
    "id": 19,
    "tema": "Enfermería 2023",
    "año": 2023,
    "caso_clínico": "",
    "pregunta": "¿Cuál es la posición para un paciente con disnea severa?",
    "opciones": {
      "opcion a": "Decúbito prono.",
      "opcion b": "Trendelemburg.",
      "opcion c": "Decúbito lateral izquierdo.",
      "opcion d": "Fowler alto."
    },
    "respuesta_correcta": "opcion d"
  },
  {
    "id": 20,
    "tema": "Enfermería 2023",
    "año": 2023,
    "caso_clínico": "",
    "pregunta": "¿Qué parámetro indica hiperglucemia?",
    "opciones": {
      "opcion a": "Glucemia 70 mg/dL.",
      "opcion b": "Glucemia > 180 mg/dL.",
      "opcion c": "Glucemia 40 mg/dL.",
      "opcion d": "Glucemia 120 mg/dL."
    },
    "respuesta_correcta": "opcion b"
  },
  {
    "id": 21,
    "tema": "Enfermería 2023",
    "año": 2023,
    "caso_clínico": "",
    "pregunta": "¿Cuál es el riesgo de inmovilización prolongada?",
    "opciones": {
      "opcion a": "Hiperhidratación.",
      "opcion b": "Hiperglucemia.",
      "opcion c": "Hipertensión súbita.",
      "opcion d": "Tromboembolismo venoso."
    },
    "respuesta_correcta": "opcion d"
  },
  {
    "id": 22,
    "tema": "Enfermería 2023",
    "año": 2023,
    "caso_clínico": "",
    "pregunta": "¿Qué indica un sangrado rectal con dolor abdominal?",
    "opciones": {
      "opcion a": "Tendinitis.",
      "opcion b": "Infección urinaria.",
      "opcion c": "Asma.",
      "opcion d": "Posible patología digestiva."
    },
    "respuesta_correcta": "opcion d"
  },
  {
    "id": 23,
    "tema": "Enfermería 2023",
    "año": 2023,
    "caso_clínico": "",
    "pregunta": "¿Cuál es la función del potasio?",
    "opciones": {
      "opcion a": "Aumenta la producción de glóbulos rojos.",
      "opcion b": "Regula la temperatura corporal.",
      "opcion c": "Participa en la conducción eléctrica y contracción muscular.",
      "opcion d": "Promueve la digestión de grasas."
    },
    "respuesta_correcta": "opcion c"
  },
  {
    "id": 24,
    "tema": "Enfermería 2023",
    "año": 2023,
    "caso_clínico": "",
    "pregunta": "¿Qué se debe hacer ante un paro respiratorio?",
    "opciones": {
      "opcion a": "Iniciar ventilaciones.",
      "opcion b": "Masajear abdomen.",
      "opcion c": "Dar agua.",
      "opcion d": "Dejar al paciente reposar."
    },
    "respuesta_correcta": "opcion a"
  },
  {
    "id": 25,
    "tema": "Enfermería 2023",
    "año": 2023,
    "caso_clínico": "",
    "pregunta": "¿Qué hace la adrenalina en anafilaxia?",
    "opciones": {
      "opcion a": "Baja la presión arterial.",
      "opcion b": "Induce hiperglucemia severa.",
      "opcion c": "Broncodilatación y aumento del gasto cardíaco.",
      "opcion d": "Produce broncoespasmo."
    },
    "respuesta_correcta": "opcion c"
  },
  {
    "id": 26,
    "tema": "Enfermería 2023",
    "año": 2023,
    "caso_clínico": "",
    "pregunta": "¿Qué evalúa el test de Apgar?",
    "opciones": {
      "opcion a": "Capacidad digestiva.",
      "opcion b": "Memoria del RN.",
      "opcion c": "Nivel de dolor en RN.",
      "opcion d": "Adaptación del recién nacido."
    },
    "respuesta_correcta": "opcion d"
  },
  {
    "id": 27,
    "tema": "Enfermería 2023",
    "año": 2023,
    "caso_clínico": "",
    "pregunta": "¿Qué indica una PA de 80/40 mmHg?",
    "opciones": {
      "opcion a": "Presión normal.",
      "opcion b": "Hipotensión severa.",
      "opcion c": "Normotensión adaptativa.",
      "opcion d": "Hipertensión leve."
    },
    "respuesta_correcta": "opcion b"
  },
  {
    "id": 28,
    "tema": "Enfermería 2023",
    "año": 2023,
    "caso_clínico": "",
    "pregunta": "¿Cuál es el primer paso del triage?",
    "opciones": {
      "opcion a": "Llamar a familiares.",
      "opcion b": "Tomar datos administrativos.",
      "opcion c": "Evaluar la gravedad.",
      "opcion d": "Pesar al paciente."
    },
    "respuesta_correcta": "opcion c"
  },
  {
    "id": 29,
    "tema": "Enfermería 2023",
    "año": 2023,
    "caso_clínico": "",
    "pregunta": "¿Qué complicación puede causar un CVP sin control?",
    "opciones": {
      "opcion a": "Hipermetabolismo.",
      "opcion b": "Aumento muscular.",
      "opcion c": "Hiperreflexia.",
      "opcion d": "Flebitis."
    },
    "respuesta_correcta": "opcion d"
  },
  {
    "id": 30,
    "tema": "Enfermería 2023",
    "año": 2023,
    "caso_clínico": "",
    "pregunta": "¿Cuál es el sitio ideal para medir pulso periférico?",
    "opciones": {
      "opcion a": "Radial.",
      "opcion b": "Umbilical.",
      "opcion c": "Occipital.",
      "opcion d": "Intercostal."
    },
    "respuesta_correcta": "opcion a"
  },
  {
    "id": 41,
    "tema": "Enfermería 2023",
    "año": 2023,
    "caso_clínico": "",
    "pregunta": "¿Cuál es la función del sodio?",
    "opciones": {
      "opcion a": "Mantener el equilibrio hídrico y osmótico.",
      "opcion b": "Aumentar la respuesta inmune.",
      "opcion c": "Producir hormonas tiroideas.",
      "opcion d": "Regular el ritmo circadiano."
    },
    "respuesta_correcta": "opcion a"
  },
  {
    "id": 42,
    "tema": "Enfermería 2023",
    "año": 2023,
    "caso_clínico": "",
    "pregunta": "¿Qué indica una FR de 10 rpm en adulto?",
    "opciones": {
      "opcion a": "Eupnea.",
      "opcion b": "Bradipnea.",
      "opcion c": "Taquipnea.",
      "opcion d": "Apnea intermitente."
    },
    "respuesta_correcta": "opcion b"
  },
  {
    "id": 43,
    "tema": "Enfermería 2023",
    "año": 2023,
    "caso_clínico": "",
    "pregunta": "¿Cuál es una contraindicación para vía intramuscular?",
    "opciones": {
      "opcion a": "Alergia ambiental.",
      "opcion b": "Dolor muscular previo.",
      "opcion c": "Paciente con fiebre leve.",
      "opcion d": "Paciente con trastorno severo de coagulación."
    },
    "respuesta_correcta": "opcion d"
  },
  {
    "id": 44,
    "tema": "Enfermería 2023",
    "año": 2023,
    "caso_clínico": "",
    "pregunta": "¿Qué es la perfusión tisular?",
    "opciones": {
      "opcion a": "Aporte adecuado de sangre a los tejidos.",
      "opcion b": "Eliminación renal exclusiva.",
      "opcion c": "Contracción muscular constante.",
      "opcion d": "Control térmico."
    },
    "respuesta_correcta": "opcion a"
  },
  {
    "id": 45,
    "tema": "Enfermería 2023",
    "año": 2023,
    "caso_clínico": "",
    "pregunta": "¿Qué indica un lactante con llanto débil y piel fría?",
    "opciones": {
      "opcion a": "Fatiga normal.",
      "opcion b": "Signos de shock.",
      "opcion c": "Somnolencia fisiológica.",
      "opcion d": "Hambre."
    },
    "respuesta_correcta": "opcion b"
  },
  {
    "id": 46,
    "tema": "Enfermería 2023",
    "año": 2023,
    "caso_clínico": "",
    "pregunta": "¿Qué evalúa la escala de Glasgow?",
    "opciones": {
      "opcion a": "Temperatura corporal.",
      "opcion b": "Fuerza muscular.",
      "opcion c": "Nivel de dolor.",
      "opcion d": "Nivel de conciencia."
    },
    "respuesta_correcta": "opcion d"
  },
  {
    "id": 47,
    "tema": "Enfermería 2023",
    "año": 2023,
    "caso_clínico": "",
    "pregunta": "¿Cuál es la principal complicación de un catéter urinario?",
    "opciones": {
      "opcion a": "aumento de peso.",
      "opcion b": "Infección urinaria.",
      "opcion c": "Hiperreflexia.",
      "opcion d": "Hipotensión."
    },
    "respuesta_correcta": "opcion b"
  },
  {
    "id": 48,
    "tema": "Enfermería 2023",
    "año": 2023,
    "caso_clínico": "",
    "pregunta": "¿Qué indica una saturación de 92%?",
    "opciones": {
      "opcion a": "Cianosis grave.",
      "opcion b": "Nivel normal alto.",
      "opcion c": "Hipoxemia severa.",
      "opcion d": "Límite inferior aceptable."
    },
    "respuesta_correcta": "opcion d"
  },
  {
    "id": 49,
    "tema": "Enfermería 2023",
    "año": 2023,
    "caso_clínico": "",
    "pregunta": "¿Qué tipo de aislamiento requiere tuberculosis activa?",
    "opciones": {
      "opcion a": "Por contacto.",
      "opcion b": "Estricto digestivo.",
      "opcion c": "Por gotas.",
      "opcion d": "Respiratorio."
    },
    "respuesta_correcta": "opcion d"
  },
  {
    "id": 50,
    "tema": "Enfermería 2023",
    "año": 2023,
    "caso_clínico": "",
    "pregunta": "¿Qué significa “disfagia”?",
    "opciones": {
      "opcion a": "Diarrea aguda.",
      "opcion b": "Dolor abdominal.",
      "opcion c": "Dificultad para tragar.",
      "opcion d": "Dificultad para respirar."
    },
    "respuesta_correcta": "opcion c"
  },
  {
    "id": 51,
    "tema": "Enfermería 2023",
    "año": 2023,
    "caso_clínico": "",
    "pregunta": "¿Qué intervención previene el estreñimiento?",
    "opciones": {
      "opcion a": "Tomar menos líquidos.",
      "opcion b": "Evitar verduras.",
      "opcion c": "Reducir la actividad física.",
      "opcion d": "Aumentar hidratación y fibra."
    },
    "respuesta_correcta": "opcion d"
  },
  {
    "id": 52,
    "tema": "Enfermería 2023",
    "año": 2023,
    "caso_clínico": "",
    "pregunta": "¿Qué indica un abdomen rígido, defensa y dolor intenso?",
    "opciones": {
      "opcion a": "Estreñimiento común.",
      "opcion b": "Digestión incompleta.",
      "opcion c": "Abdomen agudo.",
      "opcion d": "Meteorismo leve."
    },
    "respuesta_correcta": "opcion c"
  },
  {
    "id": 53,
    "tema": "Enfermería 2023",
    "año": 2023,
    "caso_clínico": "",
    "pregunta": "¿Qué parámetro evalúa la perfusión periférica?",
    "opciones": {
      "opcion a": "Perímetro cefálico.",
      "opcion b": "Peso corporal.",
      "opcion c": "Temperatura ambiental.",
      "opcion d": "Llenado capilar."
    },
    "respuesta_correcta": "opcion d"
  },
  {
    "id": 54,
    "tema": "Enfermería 2023",
    "año": 2023,
    "caso_clínico": "",
    "pregunta": "¿Qué valor indica hipertensión?",
    "opciones": {
      "opcion a": "90/60.",
      "opcion b": "120/80.",
      "opcion c": "110/70.",
      "opcion d": "≥140/90 mmHg."
    },
    "respuesta_correcta": "opcion d"
  },
  {
    "id": 55,
    "tema": "Enfermería 2023",
    "año": 2023,
    "caso_clínico": "",
    "pregunta": "¿Qué significa “enteral”?",
    "opciones": {
      "opcion a": "Administración pulmonar.",
      "opcion b": "Administración por tracto digestivo.",
      "opcion c": "Administración intradérmica.",
      "opcion d": "Administración subcutánea."
    },
    "respuesta_correcta": "opcion b"
  },
  {
    "id": 56,
    "tema": "Enfermería 2023",
    "año": 2023,
    "caso_clínico": "",
    "pregunta": "¿Qué indica un aumento brusco de temperatura en un niño?",
    "opciones": {
      "opcion a": "Golpe de calor siempre.",
      "opcion b": "Resfrío común sin relevancia.",
      "opcion c": "Hipotermia leve.",
      "opcion d": "Fiebre."
    },
    "respuesta_correcta": "opcion d"
  },
  {
    "id": 57,
    "tema": "Enfermería 2023",
    "año": 2023,
    "caso_clínico": "",
    "pregunta": "¿Cuál es el primer signo de hipovolemia?",
    "opciones": {
      "opcion a": "Taquicardia.",
      "opcion b": "Hipertensión.",
      "opcion c": "Dolor muscular.",
      "opcion d": "Eritema."
    },
    "respuesta_correcta": "opcion a"
  },
  {
    "id": 58,
    "tema": "Enfermería 2023",
    "año": 2023,
    "caso_clínico": "",
    "pregunta": "¿Qué se debe monitorear en un paciente que recibe morfina?",
    "opciones": {
      "opcion a": "Depresión respiratoria.",
      "opcion b": "Sudoración fría.",
      "opcion c": "Aumento de apetito.",
      "opcion d": "Fiebre leve."
    },
    "respuesta_correcta": "opcion a"
  },
  {
    "id": 59,
    "tema": "Enfermería 2023",
    "año": 2023,
    "caso_clínico": "",
    "pregunta": "¿Qué indica un pulso débil y rápido?",
    "opciones": {
      "opcion a": "Estado febril normal.",
      "opcion b": "Relajación profunda.",
      "opcion c": "Estado saludable.",
      "opcion d": "Shock o hipovolemia."
    },
    "respuesta_correcta": "opcion d"
  },
  {
    "id": 60,
    "tema": "Enfermería 2023",
    "año": 2023,
    "caso_clínico": "",
    "pregunta": "¿Qué complicación puede producir un apósito demasiado ajustado?",
    "opciones": {
      "opcion a": "Aceleración del metabolismo.",
      "opcion b": "Aumento de temperatura corporal.",
      "opcion c": "Hiperhidratación.",
      "opcion d": "Isquemia."
    },
    "respuesta_correcta": "opcion d"
  },
  {
    "id": 61,
    "tema": "Enfermería 2023",
    "año": 2023,
    "caso_clínico": "",
    "pregunta": "¿Qué indica una glucemia de 50 mg/dL?",
    "opciones": {
      "opcion a": "Hipoglucemia.",
      "opcion b": "Valor normal.",
      "opcion c": "Hiperglucemia leve.",
      "opcion d": "Insuficiencia renal."
    },
    "respuesta_correcta": "opcion a"
  },
  {
    "id": 62,
    "tema": "Enfermería 2023",
    "año": 2023,
    "caso_clínico": "",
    "pregunta": "¿Qué vía se usa en vacunación?",
    "opciones": {
      "opcion a": "Intradérmica obligatoria.",
      "opcion b": "Oral en todas.",
      "opcion c": "Intranasal en todas.",
      "opcion d": "Intramuscular o subcutánea según vacuna."
    },
    "respuesta_correcta": "opcion d"
  },
  {
    "id": 63,
    "tema": "Enfermería 2023",
    "año": 2023,
    "caso_clínico": "",
    "pregunta": "¿Qué indica “anuria”?",
    "opciones": {
      "opcion a": "Retención fecal.",
      "opcion b": "Orina espesa.",
      "opcion c": "Orina abundante.",
      "opcion d": "Ausencia casi total de orina."
    },
    "respuesta_correcta": "opcion d"
  },
  {
    "id": 64,
    "tema": "Enfermería 2023",
    "año": 2023,
    "caso_clínico": "",
    "pregunta": "¿Qué parámetro sugiere infección?",
    "opciones": {
      "opcion a": "Calcio elevado.",
      "opcion b": "Leucocitos altos.",
      "opcion c": "Plaquetas bajas.",
      "opcion d": "Creatinina normal."
    },
    "respuesta_correcta": "opcion b"
  },
  {
    "id": 65,
    "tema": "Enfermería 2023",
    "año": 2023,
    "caso_clínico": "",
    "pregunta": "¿Qué es un antiséptico?",
    "opciones": {
      "opcion a": "Antiinflamatorio muscular.",
      "opcion b": "Sustancia que reduce microorganismos en piel.",
      "opcion c": "Medicamento de uso oral.",
      "opcion d": "Estimulante cardíaco."
    },
    "respuesta_correcta": "opcion b"
  },
  {
    "id": 66,
    "tema": "Enfermería 2023",
    "año": 2023,
    "caso_clínico": "",
    "pregunta": "¿Qué indica respiración de Cheyne-Stokes?",
    "opciones": {
      "opcion a": "Ventilación irregular con periodos de apnea.",
      "opcion b": "Hiperventilación continua.",
      "opcion c": "Apnea única.",
      "opcion d": "Movimientos respiratorios forzados."
    },
    "respuesta_correcta": "opcion a"
  },
  {
    "id": 67,
    "tema": "Enfermería 2023",
    "año": 2023,
    "caso_clínico": "",
    "pregunta": "¿Qué es la hipertermia?",
    "opciones": {
      "opcion a": "Elevación de la temperatura corporal.",
      "opcion b": "Hipoglucemia.",
      "opcion c": "Pérdida de calor excesiva.",
      "opcion d": "Deshidratación leve."
    },
    "respuesta_correcta": "opcion a"
  },
  {
    "id": 68,
    "tema": "Enfermería 2023",
    "año": 2023,
    "caso_clínico": "",
    "pregunta": "¿Qué indica un exudado seroso?",
    "opciones": {
      "opcion a": "Hemorragia interna.",
      "opcion b": "Necrosis.",
      "opcion c": "Infección grave.",
      "opcion d": "Líquido claro, típico de fase inicial de curación."
    },
    "respuesta_correcta": "opcion d"
  },
  {
    "id": 69,
    "tema": "Enfermería 2023",
    "año": 2023,
    "caso_clínico": "",
    "pregunta": "¿Qué parámetro evalúa el estado de hidratación?",
    "opciones": {
      "opcion a": "Acidez gástrica.",
      "opcion b": "Fuerza muscular.",
      "opcion c": "Reflejo de tos.",
      "opcion d": "Turgencia de la piel."
    },
    "respuesta_correcta": "opcion d"
  },
  {
    "id": 70,
    "tema": "Enfermería 2023",
    "año": 2023,
    "caso_clínico": "",
    "pregunta": "¿Qué indica una frecuencia cardíaca de 150 lpm?",
    "opciones": {
      "opcion a": "Ritmo normal.",
      "opcion b": "Arritmia benigna.",
      "opcion c": "Bradicardia.",
      "opcion d": "Taquicardia."
    },
    "respuesta_correcta": "opcion d"
  },
  {
    "id": 71,
    "tema": "Enfermería 2023",
    "año": 2023,
    "caso_clínico": "",
    "pregunta": "¿Qué complicación puede causar un apósito húmedo prolongado?",
    "opciones": {
      "opcion a": "Maceración.",
      "opcion b": "Fiebre.",
      "opcion c": "Hiperglucemia.",
      "opcion d": "Hipotensión."
    },
    "respuesta_correcta": "opcion a"
  },
  {
    "id": 72,
    "tema": "Enfermería 2023",
    "año": 2023,
    "caso_clínico": "",
    "pregunta": "¿Cuál es el riesgo de administrar potasio rápido IV?",
    "opciones": {
      "opcion a": "Arritmias letales.",
      "opcion b": "Hiperglucemia.",
      "opcion c": "Hipotermia.",
      "opcion d": "Visión borrosa leve."
    },
    "respuesta_correcta": "opcion a"
  },
  {
    "id": 73,
    "tema": "Enfermería 2023",
    "año": 2023,
    "caso_clínico": "",
    "pregunta": "¿Qué indica un RN con llanto fuerte y color rosado?",
    "opciones": {
      "opcion a": "Buena vitalidad.",
      "opcion b": "Hipoperfusión.",
      "opcion c": "Asfixia.",
      "opcion d": "Sepsis neonatal."
    },
    "respuesta_correcta": "opcion a"
  },
  {
    "id": 74,
    "tema": "Enfermería 2023",
    "año": 2023,
    "caso_clínico": "",
    "pregunta": "¿Qué intervención reduce el riesgo de broncoaspiración?",
    "opciones": {
      "opcion a": "Dar líquidos durante tos.",
      "opcion b": "Administrar alimentos muy rápido.",
      "opcion c": "Posición prono.",
      "opcion d": "Elevar cabecera 30–45°."
    },
    "respuesta_correcta": "opcion d"
  },
  {
    "id": 75,
    "tema": "Enfermería 2023",
    "año": 2023,
    "caso_clínico": "",
    "pregunta": "¿Cuál es la FR normal pediátrica (2–5 años)?",
    "opciones": {
      "opcion a": "20–30 rpm.",
      "opcion b": "5–9 rpm.",
      "opcion c": "40–60 rpm.",
      "opcion d": "10–12 rpm."
    },
    "respuesta_correcta": "opcion a"
  },
  {
    "id": 76,
    "tema": "Enfermería 2023",
    "año": 2023,
    "caso_clínico": "",
    "pregunta": "¿Qué significa “hematemesis”?",
    "opciones": {
      "opcion a": "Sangrado rectal.",
      "opcion b": "Vómito con sangre.",
      "opcion c": "Sangre en orina.",
      "opcion d": "Sangrado nasal."
    },
    "respuesta_correcta": "opcion b"
  },
  {
    "id": 77,
    "tema": "Enfermería 2023",
    "año": 2023,
    "caso_clínico": "",
    "pregunta": "¿Qué es una úlcera por presión estadio III?",
    "opciones": {
      "opcion a": "Lesión superficial sin profundidad.",
      "opcion b": "Pérdida total de piel con daño del tejido subcutáneo.",
      "opcion c": "Enrojecimiento no blanqueable.",
      "opcion d": "Exposición ósea."
    },
    "respuesta_correcta": "opcion b"
  },
  {
    "id": 78,
    "tema": "Enfermería 2023",
    "año": 2023,
    "caso_clínico": "",
    "pregunta": "¿Qué indica sudoración fría, palidez y pulso débil?",
    "opciones": {
      "opcion a": "Hambre.",
      "opcion b": "Estrés emocional.",
      "opcion c": "Fiebre leve.",
      "opcion d": "Shock."
    },
    "respuesta_correcta": "opcion d"
  },
  {
    "id": 79,
    "tema": "Enfermería 2023",
    "año": 2023,
    "caso_clínico": "",
    "pregunta": "¿Cuál es la mejor zona para punción capilar en adulto?",
    "opciones": {
      "opcion a": "Pulpejo del dedo.",
      "opcion b": "Ombligo.",
      "opcion c": "Nariz.",
      "opcion d": "Oreja."
    },
    "respuesta_correcta": "opcion a"
  },
  {
    "id": 80,
    "tema": "Enfermería 2023",
    "año": 2023,
    "caso_clínico": "",
    "pregunta": "¿Qué indica dolor torácico súbito?",
    "opciones": {
      "opcion a": "Posible evento cardíaco.",
      "opcion b": "Gases.",
      "opcion c": "Dolor muscular leve.",
      "opcion d": "Mala postura."
    },
    "respuesta_correcta": "opcion a"
  },
  {
    "id": 81,
    "tema": "Enfermería 2023",
    "año": 2023,
    "caso_clínico": "",
    "pregunta": "¿Qué se debe evaluar en un paciente con diuréticos?",
    "opciones": {
      "opcion a": "Balance hídrico.",
      "opcion b": "Llenado gástrico.",
      "opcion c": "Coloración ocular.",
      "opcion d": "Reflejo de tos."
    },
    "respuesta_correcta": "opcion a"
  },
  {
    "id": 82,
    "tema": "Enfermería 2023",
    "año": 2023,
    "caso_clínico": "",
    "pregunta": "¿Qué indica taquipnea persistente?",
    "opciones": {
      "opcion a": "Estado de relajación.",
      "opcion b": "Insuficiencia respiratoria inicial.",
      "opcion c": "Dolor abdominal.",
      "opcion d": "Hidratación adecuada."
    },
    "respuesta_correcta": "opcion b"
  },
  {
    "id": 83,
    "tema": "Enfermería 2023",
    "año": 2023,
    "caso_clínico": "",
    "pregunta": "¿Qué indican los estertores pulmonares?",
    "opciones": {
      "opcion a": "Líquido en los alvéolos.",
      "opcion b": "Resfrío común.",
      "opcion c": "Aire atrapado en abdomen.",
      "opcion d": "Hipotermia."
    },
    "respuesta_correcta": "opcion a"
  },
  {
    "id": 84,
    "tema": "Enfermería 2023",
    "año": 2023,
    "caso_clínico": "",
    "pregunta": "¿Para qué se usa la sonda Foley?",
    "opciones": {
      "opcion a": "Drenaje urinario.",
      "opcion b": "Drenaje gástrico.",
      "opcion c": "Ventilación mecánica.",
      "opcion d": "Relajación muscular."
    },
    "respuesta_correcta": "opcion a"
  },
  {
    "id": 85,
    "tema": "Enfermería 2023",
    "año": 2023,
    "caso_clínico": "",
    "pregunta": "¿Qué indica un hematocrito bajo?",
    "opciones": {
      "opcion a": "Anemia.",
      "opcion b": "Hemoconcentración.",
      "opcion c": "Trombocitosis.",
      "opcion d": "Deshidratación severa."
    },
    "respuesta_correcta": "opcion a"
  },
  {
    "id": 86,
    "tema": "Enfermería 2023",
    "año": 2023,
    "caso_clínico": "",
    "pregunta": "¿Qué es la bradicardia?",
    "opciones": {
      "opcion a": "Presión alta.",
      "opcion b": "Frecuencia cardíaca < 60 lpm.",
      "opcion c": "Fiebre.",
      "opcion d": "FR elevada."
    },
    "respuesta_correcta": "opcion b"
  },
  {
    "id": 87,
    "tema": "Enfermería 2023",
    "año": 2023,
    "caso_clínico": "",
    "pregunta": "¿Qué es la saturación de oxígeno?",
    "opciones": {
      "opcion a": "Cantidad de dióxido de carbono exhalado.",
      "opcion b": "Presión intracraneal.",
      "opcion c": "Porcentaje de hemoglobina unida a oxígeno.",
      "opcion d": "Nivel de glucosa en sangre."
    },
    "respuesta_correcta": "opcion c"
  },
  {
    "id": 88,
    "tema": "Enfermería 2023",
    "año": 2023,
    "caso_clínico": "",
    "pregunta": "¿Qué es una arritmia?",
    "opciones": {
      "opcion a": "Ritmo cardíaco anormal.",
      "opcion b": "Aumento de temperatura.",
      "opcion c": "Infección urinaria.",
      "opcion d": "Diarrea aguda."
    },
    "respuesta_correcta": "opcion a"
  },
  {
    "id": 89,
    "tema": "Enfermería 2023",
    "año": 2023,
    "caso_clínico": "",
    "pregunta": "¿Qué indica hipotermia?",
    "opciones": {
      "opcion a": "Hiperglucemia.",
      "opcion b": "Fiebre moderada.",
      "opcion c": "Temperatura 36.8 °C.",
      "opcion d": "Temperatura < 35 °C."
    },
    "respuesta_correcta": "opcion d"
  },
  {
    "id": 90,
    "tema": "Enfermería 2023",
    "año": 2023,
    "caso_clínico": "",
    "pregunta": "¿Cuál es la principal función del oxígeno suplementario?",
    "opciones": {
      "opcion a": "Reducir temperatura corporal.",
      "opcion b": "Revertir la hipoxemia.",
      "opcion c": "Regular glucemia.",
      "opcion d": "Aumentar presión arterial."
    },
    "respuesta_correcta": "opcion b"
  },
  {
    "id": 91,
    "tema": "Enfermería 2023",
    "año": 2023,
    "caso_clínico": "",
    "pregunta": "¿Qué indica cianosis central?",
    "opciones": {
      "opcion a": "Hiperglucemia.",
      "opcion b": "Hipoxemia severa.",
      "opcion c": "Fiebre leve.",
      "opcion d": "Anemia."
    },
    "respuesta_correcta": "opcion b"
  },
  {
    "id": 92,
    "tema": "Enfermería 2023",
    "año": 2023,
    "caso_clínico": "",
    "pregunta": "¿Qué es la anafilaxia?",
    "opciones": {
      "opcion a": "Infección cutánea.",
      "opcion b": "Intolerancia alimentaria.",
      "opcion c": "Alergia leve.",
      "opcion d": "Reacción alérgica grave, de rápida progresión."
    },
    "respuesta_correcta": "opcion d"
  },
  {
    "id": 93,
    "tema": "Enfermería 2023",
    "año": 2023,
    "caso_clínico": "",
    "pregunta": "¿Cuál es la prioridad ante convulsiones?",
    "opciones": {
      "opcion a": "Administrar agua.",
      "opcion b": "Colocar objetos en la boca.",
      "opcion c": "Sujetarlo con fuerza.",
      "opcion d": "Proteger la cabeza del paciente."
    },
    "respuesta_correcta": "opcion d"
  },
  {
    "id": 94,
    "tema": "Enfermería 2023",
    "año": 2023,
    "caso_clínico": "",
    "pregunta": "¿Qué indica orina oscura y escasa?",
    "opciones": {
      "opcion a": "Ingesta abundante de agua.",
      "opcion b": "Deshidratación.",
      "opcion c": "Hiperhidratación.",
      "opcion d": "Buena perfusión."
    },
    "respuesta_correcta": "opcion b"
  },
  {
    "id": 95,
    "tema": "Enfermería 2023",
    "año": 2023,
    "caso_clínico": "",
    "pregunta": "¿Qué indica una respiración ruidosa tipo “roncus”?",
    "opciones": {
      "opcion a": "Colapso pulmonar.",
      "opcion b": "Apnea.",
      "opcion c": "Digestión incompleta.",
      "opcion d": "Secreciones en vías aéreas grandes."
    },
    "respuesta_correcta": "opcion d"
  },
  {
    "id": 96,
    "tema": "Enfermería 2023",
    "año": 2023,
    "caso_clínico": "",
    "pregunta": "¿Qué indica un hematoma duro y doloroso en zona de inyección?",
    "opciones": {
      "opcion a": "Posible infiltración.",
      "opcion b": "Cicatrización normal.",
      "opcion c": "Dolor muscular pasajero.",
      "opcion d": "Buena absorción del medicamento."
    },
    "respuesta_correcta": "opcion a"
  },
  {
    "id": 97,
    "tema": "Enfermería 2023",
    "año": 2023,
    "caso_clínico": "",
    "pregunta": "¿Qué debe hacerse ante vómitos persistentes?",
    "opciones": {
      "opcion a": "Administrar analgésicos sin indicación.",
      "opcion b": "Suspender líquidos totalmente.",
      "opcion c": "Valorar hidratación y electrolitos.",
      "opcion d": "Aumentar ingesta de alimentos sólidos."
    },
    "respuesta_correcta": "opcion c"
  },
  {
    "id": 98,
    "tema": "Enfermería 2023",
    "año": 2023,
    "caso_clínico": "",
    "pregunta": "¿Cuál es el riesgo de la inmovilización prolongada?",
    "opciones": {
      "opcion a": "Úlceras por presión.",
      "opcion b": "Hiperactividad.",
      "opcion c": "Hipertensión.",
      "opcion d": "Aumento de apetito."
    },
    "respuesta_correcta": "opcion a"
  },
  {
    "id": 99,
    "tema": "Enfermería 2023",
    "año": 2023,
    "caso_clínico": "",
    "pregunta": "¿Qué indica FR mayor a 30 rpm?",
    "opciones": {
      "opcion a": "Apnea parcial.",
      "opcion b": "Eupnea.",
      "opcion c": "Bradipnea.",
      "opcion d": "Taquipnea."
    },
    "respuesta_correcta": "opcion d"
  },
  {
    "id": 100,
    "tema": "Enfermería 2023",
    "año": 2023,
    "caso_clínico": "",
    "pregunta": "¿Qué se debe hacer ante un paro cardiorrespiratorio?",
    "opciones": {
      "opcion a": "Iniciar RCP inmediata.",
      "opcion b": "Sacudir al paciente vigorosamente.",
      "opcion c": "Buscar documentación del paciente.",
      "opcion d": "Esperar al médico sin actuar."
    },
    "respuesta_correcta": "opcion a"
  }
]