[
  {
    "id": 1,
    "tema": "Enfermería 2023",
    "año": 2023,
    "caso_clínico": "",
    "pregunta": "¿Qué indica un aumento súbito de la frecuencia cardíaca en reposo?",
    "opciones": {
      "opcion a": "Bradipnea.",
      "opcion b": "Desnutrición.",
      "opcion c": "Hipotermia.",
      "opcion d": "Taquicardia."
    },
    "respuesta_correcta": "opcion d"
  },
  {
    "id": 2,
    "tema": "Enfermería 2023",
    "año": 2023,
    "caso_clínico": "",
    "pregunta": "¿Qué es la asepsia?",
    "opciones": {
      "opcion a": "Limpieza básica del entorno.",
      "opcion b": "Conjunto de medidas para evitar la contaminación por microorganismos.",
      "opcion c": "Uso exclusivo de guantes estériles.",
      "opcion d": "Desinfección del instrumental únicamente."
    },
    "respuesta_correcta": "opcion b"
  },
  {
    "id": 3,
    "tema": "Enfermería 2023",
    "año": 2023,
    "caso_clínico": "",
    "pregunta": "¿Cuál es un efecto adverso común de los diuréticos?",
    "opciones": {
      "opcion a": "Hipertensión.",
      "opcion b": "Hipopotasemia.",
      "opcion c": "Hiperglucemia siempre.",
      "opcion d": "Aumento de peso."
    },
    "respuesta_correcta": "opcion b"
  },
  {
    "id": 4,
    "tema": "Enfermería 2023",
    "año": 2023,
    "caso_clínico": "",
    "pregunta": "¿Qué indica cianosis periférica?",
    "opciones": {
      "opcion a": "Buena oxigenación.",
      "opcion b": "Reacción alérgica leve.",
      "opcion c": "Infección urinaria.",
      "opcion d": "Disminución de perfusión en extremidades."
    },
    "respuesta_correcta": "opcion d"
  },
  {
    "id": 5,
    "tema": "Enfermería 2023",
    "año": 2023,
    "caso_clínico": "",
    "pregunta": "¿Cuál es la posición recomendada para vómitos?",
    "opciones": {
      "opcion a": "Rodillas al pecho.",
      "opcion b": "Prono.",
      "opcion c": "Decúbito lateral.",
      "opcion d": "Trendelemburg."
    },
    "respuesta_correcta": "opcion c"
  },
  {
    "id": 6,
    "tema": "Enfermería 2023",
    "año": 2023,
    "caso_clínico": "",
    "pregunta": "¿Qué parámetro indica perfusión periférica adecuada?",
    "opciones": {
      "opcion a": "Llenado capilar <2 s.",
      "opcion b": "Cianosis leve.",
      "opcion c": "Extremidades frías.",
      "opcion d": "Palidez marcada."
    },
    "respuesta_correcta": "opcion a"
  },
  {
    "id": 7,
    "tema": "Enfermería 2023",
    "año": 2023,
    "caso_clínico": "",
    "pregunta": "¿Qué es la hipovolemia?",
    "opciones": {
      "opcion a": "Hiperglucemia.",
      "opcion b": "Disminución del volumen sanguíneo circulante.",
      "opcion c": "Aumento de temperatura.",
      "opcion d": "Falta de vitaminas."
    },
    "respuesta_correcta": "opcion b"
  },
  {
    "id": 8,
    "tema": "Enfermería 2023",
    "año": 2023,
    "caso_clínico": "",
    "pregunta": "¿Qué indica un abdomen distendido y doloroso?",
    "opciones": {
      "opcion a": "Hambre.",
      "opcion b": "Digestión normal.",
      "opcion c": "Sed.",
      "opcion d": "Posible obstrucción intestinal."
    },
    "respuesta_correcta": "opcion d"
  },
  {
    "id": 9,
    "tema": "Enfermería 2023",
    "año": 2023,
    "caso_clínico": "",
    "pregunta": "¿Cuál es el mejor sitio para inyección subcutánea?",
    "opciones": {
      "opcion a": "Región escapular.",
      "opcion b": "Frente.",
      "opcion c": "Abdomen.",
      "opcion d": "Cuello."
    },
    "respuesta_correcta": "opcion c"
  },
  {
    "id": 10,
    "tema": "Enfermería 2023",
    "año": 2023,
    "caso_clínico": "",
    "pregunta": "¿Qué indica una presión arterial de 160/100 mmHg?",
    "opciones": {
      "opcion a": "Shock.",
      "opcion b": "Hipertensión.",
      "opcion c": "Normotensión.",
      "opcion d": "Hipotensión."
    },
    "respuesta_correcta": "opcion b"
  },
  {
    "id": 11,
    "tema": "Enfermería 2023",
    "año": 2023,
    "caso_clínico": "",
    "pregunta": "¿Qué es una infección nosocomial?",
    "opciones": {
      "opcion a": "Trastorno hematológico.",
      "opcion b": "Infección adquirida dentro del hospital.",
      "opcion c": "Alergia.",
      "opcion d": "Infección previa al ingreso."
    },
    "respuesta_correcta": "opcion b"
  },
  {
    "id": 12,
    "tema": "Enfermería 2023",
    "año": 2023,
    "caso_clínico": "",
    "pregunta": "¿Cuál es el primer paso ante una hemorragia externa?",
    "opciones": {
      "opcion a": "Elevar piernas.",
      "opcion b": "Colocar hielo solo.",
      "opcion c": "Lavar con suero.",
      "opcion d": "Compresión directa."
    },
    "respuesta_correcta": "opcion d"
  },
  {
    "id": 13,
    "tema": "Enfermería 2023",
    "año": 2023,
    "caso_clínico": "",
    "pregunta": "¿Qué indica un pulso filiforme?",
    "opciones": {
      "opcion a": "Estado de ansiedad.",
      "opcion b": "Hipertensión leve.",
      "opcion c": "Buena perfusión.",
      "opcion d": "Shock."
    },
    "respuesta_correcta": "opcion d"
  },
  {
    "id": 14,
    "tema": "Enfermería 2023",
    "año": 2023,
    "caso_clínico": "",
    "pregunta": "¿Qué vía es preferida para medicación en emergencia?",
    "opciones": {
      "opcion a": "Intravenosa.",
      "opcion b": "Oral.",
      "opcion c": "Sublingual siempre.",
      "opcion d": "Intradérmica."
    },
    "respuesta_correcta": "opcion a"
  },
  {
    "id": 15,
    "tema": "Enfermería 2023",
    "año": 2023,
    "caso_clínico": "",
    "pregunta": "¿Cuál es una complicación de los corticoides?",
    "opciones": {
      "opcion a": "Inmunosupresión.",
      "opcion b": "Anemia.",
      "opcion c": "Trombocitosis severa.",
      "opcion d": "Hipotermia."
    },
    "respuesta_correcta": "opcion a"
  },
  {
    "id": 16,
    "tema": "Enfermería 2023",
    "año": 2023,
    "caso_clínico": "",
    "pregunta": "¿Qué indica un RN hipotónico?",
    "opciones": {
      "opcion a": "Depresión del sistema nervioso central.",
      "opcion b": "Hambre.",
      "opcion c": "Exceso de sueño fisiológico.",
      "opcion d": "Buena adaptación neonatal."
    },
    "respuesta_correcta": "opcion a"
  },
  {
    "id": 17,
    "tema": "Enfermería 2023",
    "año": 2023,
    "caso_clínico": "",
    "pregunta": "¿Qué tipo de guantes requiere un procedimiento estéril?",
    "opciones": {
      "opcion a": "Guantes estériles.",
      "opcion b": "Guantes domésticos.",
      "opcion c": "Guantes de látex rotos.",
      "opcion d": "Sin guantes."
    },
    "respuesta_correcta": "opcion a"
  },
  {
    "id": 18,
    "tema": "Enfermería 2023",
    "año": 2023,
    "caso_clínico": "",
    "pregunta": "¿Qué indica un hematoma blando en zona de inyección?",
    "opciones": {
      "opcion a": "Buena absorción.",
      "opcion b": "Absceso profundo.",
      "opcion c": "Necrosis tisular.",
      "opcion d": "Hematoma por punción."
    },
    "respuesta_correcta": "opcion d"
  },
  {
    "id": 19,
    "tema": "Enfermería 2023",
    "año": 2023,
    "caso_clínico": "",
    "pregunta": "¿Qué parámetro indica shock?",
    "opciones": {
      "opcion a": "Hiperreflexia.",
      "opcion b": "Bradicardia.",
      "opcion c": "Hipotensión y taquicardia.",
      "opcion d": "Fiebre y vómitos."
    },
    "respuesta_correcta": "opcion c"
  },
  {
    "id": 20,
    "tema": "Enfermería 2023",
    "año": 2023,
    "caso_clínico": "",
    "pregunta": "¿Qué medida previene úlceras por presión?",
    "opciones": {
      "opcion a": "Aumentar sodio en dieta.",
      "opcion b": "Evitar mover al paciente.",
      "opcion c": "Cambios posturales cada 2 horas.",
      "opcion d": "Colocar hielo en zonas de apoyo."
    },
    "respuesta_correcta": "opcion c"
  },
  {
    "id": 21,
    "tema": "Enfermería 2023",
    "año": 2023,
    "caso_clínico": "",
    "pregunta": "¿Qué indica un paciente con FR de 36 rpm?",
    "opciones": {
      "opcion a": "Taquipnea.",
      "opcion b": "Eupnea.",
      "opcion c": "Bradipnea.",
      "opcion d": "Apnea parcial."
    },
    "respuesta_correcta": "opcion a"
  },
  {
    "id": 22,
    "tema": "Enfermería 2023",
    "año": 2023,
    "caso_clínico": "",
    "pregunta": "¿Qué significa “enteral”?",
    "opciones": {
      "opcion a": "A través del aparato digestivo.",
      "opcion b": "A través de vena.",
      "opcion c": "Por inhalación.",
      "opcion d": "A través de piel."
    },
    "respuesta_correcta": "opcion a"
  },
  {
    "id": 23,
    "tema": "Enfermería 2023",
    "año": 2023,
    "caso_clínico": "",
    "pregunta": "¿Qué sugiere un vómito en “posos de café”?",
    "opciones": {
      "opcion a": "Sangre digerida.",
      "opcion b": "Gastritis sin importancia.",
      "opcion c": "Reflujo leve.",
      "opcion d": "Intolerancia a alimentos."
    },
    "respuesta_correcta": "opcion a"
  },
  {
    "id": 24,
    "tema": "Enfermería 2023",
    "año": 2023,
    "caso_clínico": "",
    "pregunta": "¿Qué indica una saturación del 80%?",
    "opciones": {
      "opcion a": "Hipoxemia severa.",
      "opcion b": "Ansiedad.",
      "opcion c": "Nivel normal bajo.",
      "opcion d": "Problema digestivo."
    },
    "respuesta_correcta": "opcion a"
  },
  {
    "id": 25,
    "tema": "Enfermería 2023",
    "año": 2023,
    "caso_clínico": "",
    "pregunta": "¿Qué es un broncoespasmo?",
    "opciones": {
      "opcion a": "Contracción de músculos bronquiales.",
      "opcion b": "Dilatación pulmonar.",
      "opcion c": "Aumento del volumen cardíaco.",
      "opcion d": "Infección leve."
    },
    "respuesta_correcta": "opcion a"
  },
  {
    "id": 26,
    "tema": "Enfermería 2023",
    "año": 2023,
    "caso_clínico": "",
    "pregunta": "¿Qué vía se usa para administrar insulina?",
    "opciones": {
      "opcion a": "Sublingual.",
      "opcion b": "Subcutánea.",
      "opcion c": "Intradérmica.",
      "opcion d": "Intravenosa siempre."
    },
    "respuesta_correcta": "opcion b"
  },
  {
    "id": 27,
    "tema": "Enfermería 2023",
    "año": 2023,
    "caso_clínico": "",
    "pregunta": "¿Qué indica fiebre y rigidez de nuca?",
    "opciones": {
      "opcion a": "Deshidratación simple.",
      "opcion b": "Meningitis posible.",
      "opcion c": "Migraña.",
      "opcion d": "Amigdalitis."
    },
    "respuesta_correcta": "opcion b"
  },
  {
    "id": 28,
    "tema": "Enfermería 2023",
    "año": 2023,
    "caso_clínico": "",
    "pregunta": "¿Cuál es el antídoto de la intoxicación por opioides?",
    "opciones": {
      "opcion a": "Omeprazol.",
      "opcion b": "Suero glucosado.",
      "opcion c": "Vitamina C.",
      "opcion d": "Naloxona."
    },
    "respuesta_correcta": "opcion d"
  },
  {
    "id": 29,
    "tema": "Enfermería 2023",
    "año": 2023,
    "caso_clínico": "",
    "pregunta": "¿Qué indica un aumento de creatinina?",
    "opciones": {
      "opcion a": "Hiperhidratación.",
      "opcion b": "Anemia.",
      "opcion c": "Infección de piel.",
      "opcion d": "Disfunción renal."
    },
    "respuesta_correcta": "opcion d"
  },
  {
    "id": 30,
    "tema": "Enfermería 2023",
    "año": 2023,
    "caso_clínico": "",
    "pregunta": "¿Qué significa “polipnea”?",
    "opciones": {
      "opcion a": "Ausencia de respiración.",
      "opcion b": "Respiración lenta.",
      "opcion c": "Respiración ruidosa.",
      "opcion d": "Respiración rápida."
    },
    "respuesta_correcta": "opcion d"
  },
  {
    "id": 31,
    "tema": "Enfermería 2023",
    "año": 2023,
    "caso_clínico": "",
    "pregunta": "¿Qué indica dolor torácico opresivo?",
    "opciones": {
      "opcion a": "Posible síndrome coronario.",
      "opcion b": "Hambre.",
      "opcion c": "Mala postura.",
      "opcion d": "Contractura dorsal."
    },
    "respuesta_correcta": "opcion a"
  },
  {
    "id": 32,
    "tema": "Enfermería 2023",
    "año": 2023,
    "caso_clínico": "",
    "pregunta": "¿Qué es una reacción febril post-transfusional?",
    "opciones": {
      "opcion a": "Fiebre por neumonía.",
      "opcion b": "Fiebre por resfrío.",
      "opcion c": "Fiebre por insolación.",
      "opcion d": "Elevación de temperatura tras transfusión."
    },
    "respuesta_correcta": "opcion d"
  },
  {
    "id": 33,
    "tema": "Enfermería 2023",
    "año": 2023,
    "caso_clínico": "",
    "pregunta": "¿Qué indica un paciente desorientado?",
    "opciones": {
      "opcion a": "Hipervitaminosis.",
      "opcion b": "Hambre.",
      "opcion c": "Sueño.",
      "opcion d": "Alteración neurológica aguda."
    },
    "respuesta_correcta": "opcion d"
  },
  {
    "id": 34,
    "tema": "Enfermería 2023",
    "año": 2023,
    "caso_clínico": "",
    "pregunta": "¿Qué se controla antes de administrar digoxina?",
    "opciones": {
      "opcion a": "Peso.",
      "opcion b": "Reflejos.",
      "opcion c": "Temperatura.",
      "opcion d": "Frecuencia cardíaca."
    },
    "respuesta_correcta": "opcion d"
  },
  {
    "id": 35,
    "tema": "Enfermería 2023",
    "año": 2023,
    "caso_clínico": "",
    "pregunta": "¿Qué indica un aumento abrupto de peso en 48 horas?",
    "opciones": {
      "opcion a": "Retención hídrica.",
      "opcion b": "Obesidad.",
      "opcion c": "Crecimiento óseo.",
      "opcion d": "Masa muscular."
    },
    "respuesta_correcta": "opcion a"
  },
  {
    "id": 36,
    "tema": "Enfermería 2023",
    "año": 2023,
    "caso_clínico": "",
    "pregunta": "¿Qué hace la adrenalina en paro?",
    "opciones": {
      "opcion a": "Aumenta perfusión coronaria.",
      "opcion b": "Disminuye la FC.",
      "opcion c": "Baja la presión.",
      "opcion d": "Cierra vías aéreas."
    },
    "respuesta_correcta": "opcion a"
  },
  {
    "id": 37,
    "tema": "Enfermería 2023",
    "año": 2023,
    "caso_clínico": "",
    "pregunta": "¿Qué indica un lactante con llanto débil y piel azulada?",
    "opciones": {
      "opcion a": "Somnolencia.",
      "opcion b": "Hambre.",
      "opcion c": "Asfixia.",
      "opcion d": "Sueño profundo."
    },
    "respuesta_correcta": "opcion c"
  },
  {
    "id": 38,
    "tema": "Enfermería 2023",
    "año": 2023,
    "caso_clínico": "",
    "pregunta": "¿Qué indica hipopotasemia?",
    "opciones": {
      "opcion a": "Tos.",
      "opcion b": "Aumento de apetito.",
      "opcion c": "Fiebre.",
      "opcion d": "Debilidad muscular."
    },
    "respuesta_correcta": "opcion d"
  },
  {
    "id": 39,
    "tema": "Enfermería 2023",
    "año": 2023,
    "caso_clínico": "",
    "pregunta": "¿Qué causa la deshidratación extrema?",
    "opciones": {
      "opcion a": "Hipertensión.",
      "opcion b": "Shock hipovolémico.",
      "opcion c": "Bronquitis.",
      "opcion d": "Hiperventilación."
    },
    "respuesta_correcta": "opcion b"
  },
  {
    "id": 40,
    "tema": "Enfermería 2023",
    "año": 2023,
    "caso_clínico": "",
    "pregunta": "¿Qué indica sudoración fría y palidez?",
    "opciones": {
      "opcion a": "Ejercicio reciente.",
      "opcion b": "Perfusión deficiente.",
      "opcion c": "Tensión emocional leve.",
      "opcion d": "Buena circulación."
    },
    "respuesta_correcta": "opcion b"
  },
  {
    "id": 61,
    "tema": "Enfermería 2023",
    "año": 2023,
    "caso_clínico": "",
    "pregunta": "¿Qué indica orina espumosa persistente?",
    "opciones": {
      "opcion a": "Hidratación normal.",
      "opcion b": "Infección leve.",
      "opcion c": "Proteinuria.",
      "opcion d": "Hipoxemia."
    },
    "respuesta_correcta": "opcion c"
  },
  {
    "id": 62,
    "tema": "Enfermería 2023",
    "año": 2023,
    "caso_clínico": "",
    "pregunta": "¿Qué se controla en un paciente anticoagulado?",
    "opciones": {
      "opcion a": "INR.",
      "opcion b": "Glucosa.",
      "opcion c": "Calcio.",
      "opcion d": "Creatina."
    },
    "respuesta_correcta": "opcion a"
  },
  {
    "id": 63,
    "tema": "Enfermería 2023",
    "año": 2023,
    "caso_clínico": "",
    "pregunta": "¿Cuál es el objetivo de la vía central?",
    "opciones": {
      "opcion a": "Infundir líquidos o fármacos de alta osmolaridad.",
      "opcion b": "Medir glucosa.",
      "opcion c": "Administrar oxígeno.",
      "opcion d": "Reducir la sed."
    },
    "respuesta_correcta": "opcion a"
  },
  {
    "id": 64,
    "tema": "Enfermería 2023",
    "año": 2023,
    "caso_clínico": "",
    "pregunta": "¿Qué indica una FR de 8 rpm?",
    "opciones": {
      "opcion a": "Bradipnea.",
      "opcion b": "Taquipnea.",
      "opcion c": "Respiración normal.",
      "opcion d": "Eupnea."
    },
    "respuesta_correcta": "opcion a"
  },
  {
    "id": 65,
    "tema": "Enfermería 2023",
    "año": 2023,
    "caso_clínico": "",
    "pregunta": "¿Qué indica un soplo cardíaco?",
    "opciones": {
      "opcion a": "Anemia aguda.",
      "opcion b": "Tos.",
      "opcion c": "Turbulencia en el flujo sanguíneo.",
      "opcion d": "Gastritis."
    },
    "respuesta_correcta": "opcion c"
  },
  {
    "id": 66,
    "tema": "Enfermería 2023",
    "año": 2023,
    "caso_clínico": "",
    "pregunta": "¿Qué indica la piel seca y lengua raspada?",
    "opciones": {
      "opcion a": "Hemorragia.",
      "opcion b": "Deshidratación.",
      "opcion c": "Fiebre.",
      "opcion d": "Hiperglucemia."
    },
    "respuesta_correcta": "opcion b"
  },
  {
    "id": 67,
    "tema": "Enfermería 2023",
    "año": 2023,
    "caso_clínico": "",
    "pregunta": "¿Qué indica un aumento de temperatura corporal >40 °C?",
    "opciones": {
      "opcion a": "Hipotermia.",
      "opcion b": "Hipotensión.",
      "opcion c": "Fiebre leve.",
      "opcion d": "Hipertermia grave."
    },
    "respuesta_correcta": "opcion d"
  },
  {
    "id": 68,
    "tema": "Enfermería 2023",
    "año": 2023,
    "caso_clínico": "",
    "pregunta": "¿Qué indica dolor en fosa ilíaca derecha?",
    "opciones": {
      "opcion a": "Apendicitis posible.",
      "opcion b": "Gastritis.",
      "opcion c": "Distensión gástrica.",
      "opcion d": "Cólico renal izquierdo."
    },
    "respuesta_correcta": "opcion a"
  },
  {
    "id": 69,
    "tema": "Enfermería 2023",
    "año": 2023,
    "caso_clínico": "",
    "pregunta": "¿Qué indica una frecuencia cardíaca irregular?",
    "opciones": {
      "opcion a": "Arritmia.",
      "opcion b": "Hiperventilación.",
      "opcion c": "Fiebre.",
      "opcion d": "Estreñimiento."
    },
    "respuesta_correcta": "opcion a"
  },
  {
    "id": 70,
    "tema": "Enfermería 2023",
    "año": 2023,
    "caso_clínico": "",
    "pregunta": "¿Qué indica el enrojecimiento en zona de catéter?",
    "opciones": {
      "opcion a": "Alergia leve.",
      "opcion b": "Sensibilidad térmica.",
      "opcion c": "Buena perfusión.",
      "opcion d": "Infección local."
    },
    "respuesta_correcta": "opcion d"
  },
  {
    "id": 71,
    "tema": "Enfermería 2023",
    "año": 2023,
    "caso_clínico": "",
    "pregunta": "¿Qué es la escala EVA?",
    "opciones": {
      "opcion a": "Escala de movilidad.",
      "opcion b": "Escala nutricional.",
      "opcion c": "Escala de sueño.",
      "opcion d": "Escala subjetiva de dolor."
    },
    "respuesta_correcta": "opcion d"
  },
  {
    "id": 72,
    "tema": "Enfermería 2023",
    "año": 2023,
    "caso_clínico": "",
    "pregunta": "¿Qué indica un ECG con ondas ST elevadas?",
    "opciones": {
      "opcion a": "Infección pulmonar.",
      "opcion b": "Hipoglucemia.",
      "opcion c": "Infarto agudo de miocardio.",
      "opcion d": "Hipotermia."
    },
    "respuesta_correcta": "opcion c"
  },
  {
    "id": 73,
    "tema": "Enfermería 2023",
    "año": 2023,
    "caso_clínico": "",
    "pregunta": "¿Qué parámetro indica hipoxia?",
    "opciones": {
      "opcion a": "SpO₂ baja.",
      "opcion b": "Diuresis elevada.",
      "opcion c": "Frecuencia cardíaca normal.",
      "opcion d": "Piel caliente."
    },
    "respuesta_correcta": "opcion a"
  },
  {
    "id": 74,
    "tema": "Enfermería 2023",
    "año": 2023,
    "caso_clínico": "",
    "pregunta": "¿Qué hacer ante convulsión activa?",
    "opciones": {
      "opcion a": "Administrar líquidos por boca.",
      "opcion b": "Proteger cabeza y vía aérea.",
      "opcion c": "Sujetar brazos.",
      "opcion d": "Colocar objetos en boca."
    },
    "respuesta_correcta": "opcion b"
  },
  {
    "id": 75,
    "tema": "Enfermería 2023",
    "año": 2023,
    "caso_clínico": "",
    "pregunta": "¿Qué indica el síndrome febril prolongado?",
    "opciones": {
      "opcion a": "Infección o inflamación persistente.",
      "opcion b": "Estrés.",
      "opcion c": "Hipertensión.",
      "opcion d": "Resfrío común."
    },
    "respuesta_correcta": "opcion a"
  },
  {
    "id": 76,
    "tema": "Enfermería 2023",
    "año": 2023,
    "caso_clínico": "",
    "pregunta": "¿Qué es la fiebre neutropénica?",
    "opciones": {
      "opcion a": "Fiebre en paciente con neutrófilos muy bajos.",
      "opcion b": "Fiebre con anemia.",
      "opcion c": "Fiebre por insolación.",
      "opcion d": "Fiebre sin riesgo."
    },
    "respuesta_correcta": "opcion a"
  },
  {
    "id": 77,
    "tema": "Enfermería 2023",
    "año": 2023,
    "caso_clínico": "",
    "pregunta": "¿Qué indica un paciente con disnea, sudoración y ansiedad?",
    "opciones": {
      "opcion a": "Emoción fuerte.",
      "opcion b": "Reflujo.",
      "opcion c": "Hambre.",
      "opcion d": "Dificultad respiratoria aguda."
    },
    "respuesta_correcta": "opcion d"
  },
  {
    "id": 78,
    "tema": "Enfermería 2023",
    "año": 2023,
    "caso_clínico": "",
    "pregunta": "¿Para qué se usa la sonda NG?",
    "opciones": {
      "opcion a": "Drenaje o alimentación.",
      "opcion b": "Ventilación.",
      "opcion c": "Drenaje urinario.",
      "opcion d": "Control térmico."
    },
    "respuesta_correcta": "opcion a"
  },
  {
    "id": 79,
    "tema": "Enfermería 2023",
    "año": 2023,
    "caso_clínico": "",
    "pregunta": "¿Qué indica una glucemia de 300 mg/dL?",
    "opciones": {
      "opcion a": "Hiperglucemia.",
      "opcion b": "Norma.",
      "opcion c": "Estado estable.",
      "opcion d": "Hipoglucemia."
    },
    "respuesta_correcta": "opcion a"
  },
  {
    "id": 80,
    "tema": "Enfermería 2023",
    "año": 2023,
    "caso_clínico": "",
    "pregunta": "¿Qué indica un color amarillento de piel?",
    "opciones": {
      "opcion a": "Falta de sueño.",
      "opcion b": "Hipotermia.",
      "opcion c": "Fiebre.",
      "opcion d": "Ictericia."
    },
    "respuesta_correcta": "opcion d"
  },
  {
    "id": 81,
    "tema": "Enfermería 2023",
    "año": 2023,
    "caso_clínico": "",
    "pregunta": "¿Qué indica ingesta insuficiente de líquidos?",
    "opciones": {
      "opcion a": "Riesgo de deshidratación.",
      "opcion b": "Hiperglucemia.",
      "opcion c": "Hipotermia.",
      "opcion d": "Exceso de sodio."
    },
    "respuesta_correcta": "opcion a"
  },
  {
    "id": 82,
    "tema": "Enfermería 2023",
    "año": 2023,
    "caso_clínico": "",
    "pregunta": "¿Qué es la evaluación primaria en urgencias?",
    "opciones": {
      "opcion a": "ABC (vía aérea, respiración, circulación).",
      "opcion b": "Peso, talla, IMC.",
      "opcion c": "Control de temperatura.",
      "opcion d": "Toma de sangre."
    },
    "respuesta_correcta": "opcion a"
  },
  {
    "id": 83,
    "tema": "Enfermería 2023",
    "año": 2023,
    "caso_clínico": "",
    "pregunta": "¿Qué indica un aumento de leucocitos?",
    "opciones": {
      "opcion a": "Infección.",
      "opcion b": "Deshidratación.",
      "opcion c": "Dolor muscular.",
      "opcion d": "Insomnio."
    },
    "respuesta_correcta": "opcion a"
  },
  {
    "id": 84,
    "tema": "Enfermería 2023",
    "año": 2023,
    "caso_clínico": "",
    "pregunta": "¿Qué indica un paciente con respiración ruidosa y secreciones?",
    "opciones": {
      "opcion a": "Fiebre.",
      "opcion b": "Necesidad de aspiración.",
      "opcion c": "Hipertensión.",
      "opcion d": "Hambre."
    },
    "respuesta_correcta": "opcion b"
  },
  {
    "id": 85,
    "tema": "Enfermería 2023",
    "año": 2023,
    "caso_clínico": "",
    "pregunta": "¿Qué indica somnolencia excesiva y pupilas puntiformes?",
    "opciones": {
      "opcion a": "Golpe de calor.",
      "opcion b": "Deshidratación.",
      "opcion c": "Hiperglucemia.",
      "opcion d": "Intoxicación por opioides."
    },
    "respuesta_correcta": "opcion d"
  },
  {
    "id": 86,
    "tema": "Enfermería 2023",
    "año": 2023,
    "caso_clínico": "",
    "pregunta": "¿Qué se controla en paciente con heparina?",
    "opciones": {
      "opcion a": "TTPa.",
      "opcion b": "Ácido úrico.",
      "opcion c": "Hemoglobina fetal.",
      "opcion d": "Calcio."
    },
    "respuesta_correcta": "opcion a"
  },
  {
    "id": 87,
    "tema": "Enfermería 2023",
    "año": 2023,
    "caso_clínico": "",
    "pregunta": "¿Qué indica un paciente con piel seca y taquicardia?",
    "opciones": {
      "opcion a": "Infección urinaria.",
      "opcion b": "Hipotermia.",
      "opcion c": "Hiperglucemia.",
      "opcion d": "Deshidratación moderada."
    },
    "respuesta_correcta": "opcion d"
  },
  {
    "id": 88,
    "tema": "Enfermería 2023",
    "año": 2023,
    "caso_clínico": "",
    "pregunta": "¿Cuál es el signo de alarma en un traumatismo craneal?",
    "opciones": {
      "opcion a": "Vómitos persistentes.",
      "opcion b": "Hambre.",
      "opcion c": "Hipo.",
      "opcion d": "Voz ronca."
    },
    "respuesta_correcta": "opcion a"
  },
  {
    "id": 89,
    "tema": "Enfermería 2023",
    "año": 2023,
    "caso_clínico": "",
    "pregunta": "¿Qué indica un abdomen silencioso sin ruidos intestinales?",
    "opciones": {
      "opcion a": "Gas acumulado.",
      "opcion b": "Estreñimiento leve.",
      "opcion c": "Digestión rápida.",
      "opcion d": "Íleo paralítico."
    },
    "respuesta_correcta": "opcion d"
  },
  {
    "id": 90,
    "tema": "Enfermería 2023",
    "año": 2023,
    "caso_clínico": "",
    "pregunta": "¿Qué indica un pulso rápido e irregular?",
    "opciones": {
      "opcion a": "Fibrilación auricular.",
      "opcion b": "Bradicardia.",
      "opcion c": "Taquicardia sinusal.",
      "opcion d": "ECG normal."
    },
    "respuesta_correcta": "opcion a"
  },
  {
    "id": 91,
    "tema": "Enfermería 2023",
    "año": 2023,
    "caso_clínico": "",
    "pregunta": "¿Qué indica un sangrado vaginal abundante?",
    "opciones": {
      "opcion a": "Menstruación normal.",
      "opcion b": "Hemorragia activa.",
      "opcion c": "Estrés.",
      "opcion d": "Anemia previa."
    },
    "respuesta_correcta": "opcion b"
  },
  {
    "id": 92,
    "tema": "Enfermería 2023",
    "año": 2023,
    "caso_clínico": "",
    "pregunta": "¿Qué indica una piel muy caliente y seca?",
    "opciones": {
      "opcion a": "Hipotermia.",
      "opcion b": "Deshidratación leve.",
      "opcion c": "Golpe de calor.",
      "opcion d": "Shock."
    },
    "respuesta_correcta": "opcion c"
  },
  {
    "id": 93,
    "tema": "Enfermería 2023",
    "año": 2023,
    "caso_clínico": "",
    "pregunta": "¿Qué indica dolor súbito en pantorrilla?",
    "opciones": {
      "opcion a": "Trombosis venosa profunda.",
      "opcion b": "Dolor muscular por ejercicio.",
      "opcion c": "Calambre leve.",
      "opcion d": "Deshidratación."
    },
    "respuesta_correcta": "opcion a"
  },
  {
    "id": 94,
    "tema": "Enfermería 2023",
    "año": 2023,
    "caso_clínico": "",
    "pregunta": "¿Qué indica fiebre + tos + disnea?",
    "opciones": {
      "opcion a": "Infección respiratoria.",
      "opcion b": "Gastritis.",
      "opcion c": "Reflujo.",
      "opcion d": "Constipación."
    },
    "respuesta_correcta": "opcion a"
  },
  {
    "id": 95,
    "tema": "Enfermería 2023",
    "año": 2023,
    "caso_clínico": "",
    "pregunta": "¿Qué requiere un paciente con insuficiencia respiratoria aguda?",
    "opciones": {
      "opcion a": "Aumentar ingesta de agua.",
      "opcion b": "Oxígeno suplementario.",
      "opcion c": "Colocar manta pesada.",
      "opcion d": "Dar comida sólida."
    },
    "respuesta_correcta": "opcion b"
  },
  {
    "id": 96,
    "tema": "Enfermería 2023",
    "año": 2023,
    "caso_clínico": "",
    "pregunta": "¿Qué indica un paciente somnoliento y deshidratado?",
    "opciones": {
      "opcion a": "Hipovolemia posible.",
      "opcion b": "Hipoglucemia leve.",
      "opcion c": "Anemia.",
      "opcion d": "Gastritis."
    },
    "respuesta_correcta": "opcion a"
  },
  {
    "id": 97,
    "tema": "Enfermería 2023",
    "año": 2023,
    "caso_clínico": "",
    "pregunta": "¿Qué es la diuresis normal?",
    "opciones": {
      "opcion a": "<200 ml.",
      "opcion b": ">10 L.",
      "opcion c": "1–2 L/24 h.",
      "opcion d": "4–5 L."
    },
    "respuesta_correcta": "opcion c"
  },
  {
    "id": 98,
    "tema": "Enfermería 2023",
    "año": 2023,
    "caso_clínico": "",
    "pregunta": "¿Qué indica dolor lumbar + disuria + fiebre?",
    "opciones": {
      "opcion a": "Pielonefritis.",
      "opcion b": "Gastritis.",
      "opcion c": "Migraña.",
      "opcion d": "Sinusitis."
    },
    "respuesta_correcta": "opcion a"
  },
  {
    "id": 99,
    "tema": "Enfermería 2023",
    "año": 2023,
    "caso_clínico": "",
    "pregunta": "¿Qué indica un paciente inconsciente pero con pulso?",
    "opciones": {
      "opcion a": "Dar agua.",
      "opcion b": "Iniciar soporte vital básico sin RCP.",
      "opcion c": "Caminarlo.",
      "opcion d": "Iniciar RCP inmediatamente."
    },
    "respuesta_correcta": "opcion b"
  },
  {
    "id": 100,
    "tema": "Enfermería 2023",
    "año": 2023,
    "caso_clínico": "",
    "pregunta": "¿Cuál es la prioridad ante un paro cardiorrespiratorio?",
    "opciones": {
      "opcion a": "Esperar asistencia sin actuar.",
      "opcion b": "Administrar alimentos.",
      "opcion c": "Buscar familiares.",
      "opcion d": "RCP inmediata."
    },
    "respuesta_correcta": "opcion d"
  }
]