[
  {
    "id": 1,
    "tema": "Enfermería 2023",
    "año": 2023,
    "caso_clínico": "",
    "pregunta": "¿Cuál es el primer paso en el proceso de enfermería?",
    "opciones": {
      "opcion a": "Evaluación.",
      "opcion b": "Intervención.",
      "opcion c": "Valoración.",
      "opcion d": "Diagnóstico final."
    },
    "respuesta_correcta": "opcion c"
  },
  {
    "id": 2,
    "tema": "Enfermería 2023",
    "año": 2023,
    "caso_clínico": "",
    "pregunta": "¿Cuál es la temperatura corporal que define fiebre en adultos?",
    "opciones": {
      "opcion a": "≥ 38 °C.",
      "opcion b": "≥ 37.5 °C al tacto.",
      "opcion c": "≥ 36.9 °C.",
      "opcion d": "≥ 37.2 °C."
    },
    "respuesta_correcta": "opcion a"
  },
  {
    "id": 3,
    "tema": "Enfermería 2023",
    "año": 2023,
    "caso_clínico": "",
    "pregunta": "¿Qué elemento es indispensable para garantizar una técnica estéril?",
    "opciones": {
      "opcion a": "Uso de guantes no estériles.",
      "opcion b": "Colocación de barbijo solamente.",
      "opcion c": "Rociado de alcohol en el aire.",
      "opcion d": "Lavado de manos quirúrgico."
    },
    "respuesta_correcta": "opcion d"
  },
  {
    "id": 4,
    "tema": "Enfermería 2023",
    "año": 2023,
    "caso_clínico": "",
    "pregunta": "¿Qué músculo es el sitio recomendado para la aplicación de inyecciones intramusculares en menores de 2 años?",
    "opciones": {
      "opcion a": "Glúteo mayor.",
      "opcion b": "Trapecio.",
      "opcion c": "Vasto externo.",
      "opcion d": "Deltoides."
    },
    "respuesta_correcta": "opcion c"
  },
  {
    "id": 5,
    "tema": "Enfermería 2023",
    "año": 2023,
    "caso_clínico": "",
    "pregunta": "¿Qué indica una saturación de oxígeno menor al 90%?",
    "opciones": {
      "opcion a": "Falla renal.",
      "opcion b": "Hipertensión pulmonar.",
      "opcion c": "Hipotermia.",
      "opcion d": "Hipoxemia."
    },
    "respuesta_correcta": "opcion d"
  },
  {
    "id": 6,
    "tema": "Enfermería 2023",
    "año": 2023,
    "caso_clínico": "",
    "pregunta": "¿Cuál es la vía más rápida para la administración de medicamentos?",
    "opciones": {
      "opcion a": "Vía tópica.",
      "opcion b": "Vía intravenosa.",
      "opcion c": "Vía intradérmica.",
      "opcion d": "Vía sublingual."
    },
    "respuesta_correcta": "opcion b"
  },
  {
    "id": 7,
    "tema": "Enfermería 2023",
    "año": 2023,
    "caso_clínico": "",
    "pregunta": "¿Cuál es la posición recomendada ante un paciente inconsciente con respiración conservada?",
    "opciones": {
      "opcion a": "Posición lateral de seguridad.",
      "opcion b": "Decúbito ventral.",
      "opcion c": "Trendelemburg.",
      "opcion d": "Fowler alto."
    },
    "respuesta_correcta": "opcion a"
  },
  {
    "id": 8,
    "tema": "Enfermería 2023",
    "año": 2023,
    "caso_clínico": "",
    "pregunta": "¿Qué órgano regula principalmente el equilibrio ácido-base?",
    "opciones": {
      "opcion a": "Hígado.",
      "opcion b": "Estómago.",
      "opcion c": "Riñones.",
      "opcion d": "Bazo."
    },
    "respuesta_correcta": "opcion c"
  },
  {
    "id": 9,
    "tema": "Enfermería 2023",
    "año": 2023,
    "caso_clínico": "",
    "pregunta": "¿Cuál es la presión arterial considerada normal en adultos?",
    "opciones": {
      "opcion a": "160/110 mmHg.",
      "opcion b": "90/50 mmHg.",
      "opcion c": "140/100 mmHg.",
      "opcion d": "120/80 mmHg."
    },
    "respuesta_correcta": "opcion d"
  },
  {
    "id": 10,
    "tema": "Enfermería 2023",
    "año": 2023,
    "caso_clínico": "",
    "pregunta": "¿Cuál es el objetivo principal del triage?",
    "opciones": {
      "opcion a": "Ordenar por orden de llegada.",
      "opcion b": "Priorizar la atención según gravedad.",
      "opcion c": "Clasificar por edad.",
      "opcion d": "Seleccionar quién será internado."
    },
    "respuesta_correcta": "opcion b"
  },
  {
    "id": 11,
    "tema": "Enfermería 2023",
    "año": 2023,
    "caso_clínico": "",
    "pregunta": "¿Qué se recomienda realizar para la interpretación y uso de las nuevas tablas de referencia de presión arterial para niños, niñas y adolescentes, si no se dispone del mango apropiado para la toma?",
    "opciones": {
      "opcion a": "Utilizar un mango más grande.",
      "opcion b": "Utilizar el mango más pequeño disponible.",
      "opcion c": "Inflar el manguito a la mitad para compensar.",
      "opcion d": "Tomar la presión sin manguito."
    },
    "respuesta_correcta": "opcion a"
  },
  {
    "id": 12,
    "tema": "Enfermería 2023",
    "año": 2023,
    "caso_clínico": "",
    "pregunta": "¿Qué derechos tiene la persona gestante durante el trabajo de parto, parto y puerperio en cuanto a la persona acompañante?",
    "opciones": {
      "opcion a": "Puede elegir a la persona que la acompañe todo el tiempo en esos procesos.",
      "opcion b": "Solo puede elegir un familiar de primer grado.",
      "opcion c": "Debe ser acompañado únicamente por personal sanitario.",
      "opcion d": "Puede elegir acompañante pero solo durante el trabajo de parto."
    },
    "respuesta_correcta": "opcion a"
  },
  {
    "id": 13,
    "tema": "Enfermería 2023",
    "año": 2023,
    "caso_clínico": "",
    "pregunta": "¿Cuáles son los niveles de ansiedad que definió Peplau (1963)?",
    "opciones": {
      "opcion a": "Leve, moderada, grave y pánico.",
      "opcion b": "Leve, intensa, profunda y terminal.",
      "opcion c": "Baja, media, aguda y extrema.",
      "opcion d": "Primaria, secundaria, intermedia y severa."
    },
    "respuesta_correcta": "opcion a"
  },
  {
    "id": 14,
    "tema": "Enfermería 2023",
    "año": 2023,
    "caso_clínico": "",
    "pregunta": "¿Qué elementos contempla la Enfermería basada en la evidencia (EBE)?",
    "opciones": {
      "opcion a": "Evidencia científica, experiencia profesional y la opinión del usuario.",
      "opcion b": "Evaluación, auditoría y reporte profesional.",
      "opcion c": "Protocolos institucionales, normas y supervisiones.",
      "opcion d": "Diagnóstico, tratamiento y rehabilitación."
    },
    "respuesta_correcta": "opcion a"
  },
  {
    "id": 15,
    "tema": "Enfermería 2023",
    "año": 2023,
    "caso_clínico": "",
    "pregunta": "¿A qué edad comienzan a manifestarse las caries?",
    "opciones": {
      "opcion a": "Antes del año.",
      "opcion b": "A partir de los 5 años.",
      "opcion c": "Entre los 2 y 3 años.",
      "opcion d": "Solo cuando salen las muelas definitivas."
    },
    "respuesta_correcta": "opcion a"
  },
  {
    "id": 16,
    "tema": "Enfermería 2023",
    "año": 2023,
    "caso_clínico": "",
    "pregunta": "Relación adecuada entre compresiones torácicas y ventilaciones en RCP en mayores de 1 año:",
    "opciones": {
      "opcion a": "10 compresiones y 3 ventilaciones.",
      "opcion b": "20 compresiones y 5 ventilaciones.",
      "opcion c": "5 compresiones por cada ventilación.",
      "opcion d": "30 compresiones torácicas seguidas de 2 ventilaciones."
    },
    "respuesta_correcta": "opcion d"
  },
  {
    "id": 17,
    "tema": "Enfermería 2023",
    "año": 2023,
    "caso_clínico": "",
    "pregunta": "Objetivo principal de la maniobra de Heimlich:",
    "opciones": {
      "opcion a": "Desobstrucción de la vía aérea.",
      "opcion b": "Estimular respiración en pacientes con apnea.",
      "opcion c": "Facilitar la ventilación mecánica.",
      "opcion d": "Controlar una hemorragia nasal."
    },
    "respuesta_correcta": "opcion a"
  },
  {
    "id": 18,
    "tema": "Enfermería 2023",
    "año": 2023,
    "caso_clínico": "",
    "pregunta": "¿Qué hacer si se inicia RCP y el DEA tarda más de 10 min?",
    "opciones": {
      "opcion a": "Cambiar a ventilaciones únicamente.",
      "opcion b": "Detener la RCP a los 10 minutos.",
      "opcion c": "Continuar realizando RCP hasta conseguir un DEA.",
      "opcion d": "Administrar agua y esperar asistencia."
    },
    "respuesta_correcta": "opcion c"
  },
  {
    "id": 19,
    "tema": "Enfermería 2023",
    "año": 2023,
    "caso_clínico": "",
    "pregunta": "Ángulos de inserción de aguja según vía de administración de vacunas:",
    "opciones": {
      "opcion a": "15°, 45°, 90°.",
      "opcion b": "30°, 60°, 120°.",
      "opcion c": "20°, 50°, 80°.",
      "opcion d": "10°, 30°, 70°."
    },
    "respuesta_correcta": "opcion a"
  },
  {
    "id": 20,
    "tema": "Enfermería 2023",
    "año": 2023,
    "caso_clínico": "",
    "pregunta": "¿Quiénes llevan a cabo la farmacodinamia?",
    "opciones": {
      "opcion a": "Enzimas, hormonas y parásitos.",
      "opcion b": "Células, tejidos u organismos.",
      "opcion c": "Sustancias ácidas y bacterias.",
      "opcion d": "Vitaminas, minerales y electrolitos."
    },
    "respuesta_correcta": "opcion b"
  },
  {
    "id": 21,
    "tema": "Enfermería 2023",
    "año": 2023,
    "caso_clínico": "",
    "pregunta": "¿Qué es la desinfección?",
    "opciones": {
      "opcion a": "Eliminación de todo microorganismo incluido esporas.",
      "opcion b": "Uso de calor seco únicamente.",
      "opcion c": "Eliminación de suciedad visible.",
      "opcion d": "Proceso físico o químico donde se eliminan microorganismos de objetos inanimados."
    },
    "respuesta_correcta": "opcion d"
  },
  {
    "id": 22,
    "tema": "Enfermería 2023",
    "año": 2023,
    "caso_clínico": "",
    "pregunta": "Primera medida inicial en hemorragia postparto:",
    "opciones": {
      "opcion a": "Masajear el útero sin evaluación previa.",
      "opcion b": "Colocar catéter 24G como primera acción.",
      "opcion c": "Administrar misoprostol inmediatamente.",
      "opcion d": "Evaluar el estado clínico general."
    },
    "respuesta_correcta": "opcion d"
  },
  {
    "id": 23,
    "tema": "Enfermería 2023",
    "año": 2023,
    "caso_clínico": "",
    "pregunta": "Recomendación del Ministerio sobre catéteres centrales (Prevención cuaternaria):",
    "opciones": {
      "opcion a": "Cambiarlo solo cuando venas periféricas se ocluyen.",
      "opcion b": "Mantenerlo indefinidamente sin revisión.",
      "opcion c": "Cambiarlo cada 8 horas.",
      "opcion d": "Se recomienda monitorizar y revisar diariamente para garantizar su uso."
    },
    "respuesta_correcta": "opcion d"
  },
  {
    "id": 24,
    "tema": "Enfermería 2023",
    "año": 2023,
    "caso_clínico": "",
    "pregunta": "Definición de anticuerpo:",
    "opciones": {
      "opcion a": "Proteína producida por el organismo en respuesta a antígenos.",
      "opcion b": "Sustancia lipídica que recubre células inmunes.",
      "opcion c": "Un tipo específico de antígeno.",
      "opcion d": "Un virus que induce respuesta inmune."
    },
    "respuesta_correcta": "opcion a"
  },
  {
    "id": 25,
    "tema": "Enfermería 2023",
    "año": 2023,
    "caso_clínico": "",
    "pregunta": "Factor cuya ausencia puede causar errores catastróficos según OMS:",
    "opciones": {
      "opcion a": "Identificación del paciente.",
      "opcion b": "Control de temperatura ambiental.",
      "opcion c": "Disponibilidad de guantes estériles.",
      "opcion d": "Limpieza diaria de la sala."
    },
    "respuesta_correcta": "opcion a"
  },
  {
    "id": 26,
    "tema": "Enfermería 2023",
    "año": 2023,
    "caso_clínico": "",
    "pregunta": "Etapas del puerperio:",
    "opciones": {
      "opcion a": "Inmediato, precoz, alejado y tardío.",
      "opcion b": "Inicial, medio, final y crónico.",
      "opcion c": "Preinmediato, mediato y ultratardío.",
      "opcion d": "Posparto básico y avanzado."
    },
    "respuesta_correcta": "opcion a"
  },
  {
    "id": 27,
    "tema": "Enfermería 2023",
    "año": 2023,
    "caso_clínico": "",
    "pregunta": "Volumen corriente (VC):",
    "opciones": {
      "opcion a": "Volumen residual permanente.",
      "opcion b": "Aire inspirado en esfuerzo máximo (3000 ml).",
      "opcion c": "Cantidad de aire de unos 500 ml que entra y sale de los pulmones.",
      "opcion d": "Volumen que permanece tras espiración forzada (1000 ml)."
    },
    "respuesta_correcta": "opcion c"
  },
  {
    "id": 28,
    "tema": "Enfermería 2023",
    "año": 2023,
    "caso_clínico": "",
    "pregunta": "Cultivo que estudia secreciones pulmonares:",
    "opciones": {
      "opcion a": "Coproparasitario.",
      "opcion b": "Hemocultivo.",
      "opcion c": "Cultivo faríngeo.",
      "opcion d": "Esputo."
    },
    "respuesta_correcta": "opcion d"
  },
  {
    "id": 29,
    "tema": "Enfermería 2023",
    "año": 2023,
    "caso_clínico": "",
    "pregunta": "Atributos del cuidado humanizado según Cruz Riveros:",
    "opciones": {
      "opcion a": "Intervención basada solo en evidencia científica.",
      "opcion b": "Cuidado técnico sin interacción.",
      "opcion c": "Priorizar enfermedad sobre persona.",
      "opcion d": "Ser humano sujeto de cuidado, comunicación y enfoque holístico."
    },
    "respuesta_correcta": "opcion d"
  },
  {
    "id": 30,
    "tema": "Enfermería 2023",
    "año": 2023,
    "caso_clínico": "",
    "pregunta": "Datos para evaluación antropométrica:",
    "opciones": {
      "opcion a": "Peso, talla e IMC.",
      "opcion b": "Peso, edad y nivel de actividad.",
      "opcion c": "Perímetro craneal, edad y talla.",
      "opcion d": "IMC, edad gestacional y sexo."
    },
    "respuesta_correcta": "opcion a"
  },
  {
    "id": 31,
    "tema": "Enfermería 2023",
    "año": 2023,
    "caso_clínico": "",
    "pregunta": "Primer punto del algoritmo de paro cardíaco AHA:",
    "opciones": {
      "opcion a": "Iniciar RCP, administrar oxígeno y conectar monitor/desfibrilador.",
      "opcion b": "Realizar solo ventilaciones.",
      "opcion c": "Trasladar al paciente antes de iniciar maniobras.",
      "opcion d": "Administrar adrenalina inmediatamente."
    },
    "respuesta_correcta": "opcion a"
  },
  {
    "id": 32,
    "tema": "Enfermería 2023",
    "año": 2023,
    "caso_clínico": "",
    "pregunta": "Osmolaridad recomendada vía periférica:",
    "opciones": {
      "opcion a": "Exactamente 1000 mOsm/L.",
      "opcion b": "Mayor de 1500 mOsm/L.",
      "opcion c": "Entre 800 y 1200 mOsm/L.",
      "opcion d": "Menor a 600 mOsm/L."
    },
    "respuesta_correcta": "opcion d"
  },
  {
    "id": 33,
    "tema": "Enfermería 2023",
    "año": 2023,
    "caso_clínico": "",
    "pregunta": "Terapia de oxígeno en disnea no hipóxica:",
    "opciones": {
      "opcion a": "Administrar oxígeno a alto flujo.",
      "opcion b": "No utilizar oxígeno.",
      "opcion c": "Utilizar oxígeno cada vez que haya disnea.",
      "opcion d": "Colocar mascarilla reservorio por precaución."
    },
    "respuesta_correcta": "opcion b"
  },
  {
    "id": 34,
    "tema": "Enfermería 2023",
    "año": 2023,
    "caso_clínico": "",
    "pregunta": "Capacidad ventilatoria: aire que queda tras espiración normal:",
    "opciones": {
      "opcion a": "Residual funcional.",
      "opcion b": "Vital.",
      "opcion c": "Inspiratoria forzada.",
      "opcion d": "Pulmonar total."
    },
    "respuesta_correcta": "opcion a"
  },
  {
    "id": 35,
    "tema": "Enfermería 2023",
    "año": 2023,
    "caso_clínico": "",
    "pregunta": "Sedación en urgencia de salud mental:",
    "opciones": {
      "opcion a": "Risperidona y diazepam oral.",
      "opcion b": "Haloperidol y Lorazepam.",
      "opcion c": "Clonazepam con morfina.",
      "opcion d": "Midazolam solo."
    },
    "respuesta_correcta": "opcion b"
  },
  {
    "id": 36,
    "tema": "Enfermería 2023",
    "año": 2023,
    "caso_clínico": "",
    "pregunta": "Primera etapa de CoPaP:",
    "opciones": {
      "opcion a": "Llanto de nacimiento.",
      "opcion b": "Exploración motriz.",
      "opcion c": "Movimiento coordinado.",
      "opcion d": "Reposo profundo."
    },
    "respuesta_correcta": "opcion a"
  },
  {
    "id": 37,
    "tema": "Enfermería 2023",
    "año": 2023,
    "caso_clínico": "",
    "pregunta": "Compresiones por minuto en RCP adulto según AHA:",
    "opciones": {
      "opcion a": "100–120 por minuto.",
      "opcion b": "60–80 por minuto.",
      "opcion c": "130–150 por minuto.",
      "opcion d": "150–180 por minuto."
    },
    "respuesta_correcta": "opcion a"
  },
  {
    "id": 38,
    "tema": "Enfermería 2023",
    "año": 2023,
    "caso_clínico": "",
    "pregunta": "Funciones de enfermería en Atención Primaria:",
    "opciones": {
      "opcion a": "Dirigir exclusivamente programas.",
      "opcion b": "Solo asistencial.",
      "opcion c": "Asistencial, formar, gestionar e investigar.",
      "opcion d": "Control administrativo sin intervención clínica."
    },
    "respuesta_correcta": "opcion c"
  },
  {
    "id": 39,
    "tema": "Enfermería 2023",
    "año": 2023,
    "caso_clínico": "",
    "pregunta": "Función principal de los pelos nasales:",
    "opciones": {
      "opcion a": "Filtrar el aire.",
      "opcion b": "Humidificar aire.",
      "opcion c": "Capturar CO₂.",
      "opcion d": "Regular temperatura interna."
    },
    "respuesta_correcta": "opcion a"
  },
  {
    "id": 40,
    "tema": "Enfermería 2023",
    "año": 2023,
    "caso_clínico": "",
    "pregunta": "¿Qué es la “primera hora de vida”?",
    "opciones": {
      "opcion a": "Adaptación neonatal al medio extrauterino e inicio de lactancia.",
      "opcion b": "Momento entre alumbramiento y control materno.",
      "opcion c": "Tiempo previo al baño del recién nacido.",
      "opcion d": "Periodo entre piel a piel y alta hospitalaria."
    },
    "respuesta_correcta": "opcion a"
  },
  {
    "id": 41,
    "tema": "Enfermería 2023",
    "año": 2023,
    "caso_clínico": "",
    "pregunta": "Antiséptico de primera elección para inserción y cuidado del CVP corto:",
    "opciones": {
      "opcion a": "Povidona yodada diluida.",
      "opcion b": "Agua oxigenada.",
      "opcion c": "Alcohol al 70%.",
      "opcion d": "Clorhexidina alcohólica."
    },
    "respuesta_correcta": "opcion d"
  },
  {
    "id": 42,
    "tema": "Enfermería 2023",
    "año": 2023,
    "caso_clínico": "",
    "pregunta": "Requisitos para plantear correctamente los objetivos de investigación:",
    "opciones": {
      "opcion a": "Formularse sin relación al problema.",
      "opcion b": "Tener más de 10 líneas mínimas.",
      "opcion c": "Iniciar con adjetivos y detallar conclusiones.",
      "opcion d": "Iniciar con verbo infinitivo, ser alcanzable, lógico y coherente."
    },
    "respuesta_correcta": "opcion d"
  },
  {
    "id": 43,
    "tema": "Enfermería 2023",
    "año": 2023,
    "caso_clínico": "",
    "pregunta": "(Inventada para mantener continuidad) ¿Qué representa el pulso pedio?",
    "opciones": {
      "opcion a": "Oxigenación pulmonar.",
      "opcion b": "Perfusión arterial distal.",
      "opcion c": "Flujo linfático superficial.",
      "opcion d": "Presión venosa central."
    },
    "respuesta_correcta": "opcion b"
  },
  {
    "id": 44,
    "tema": "Enfermería 2023",
    "año": 2023,
    "caso_clínico": "",
    "pregunta": "(Inventada) ¿Qué significa el término \"asepsia\"?",
    "opciones": {
      "opcion a": "Reducción de agentes químicos.",
      "opcion b": "Limpieza de superficies visiblemente sucias.",
      "opcion c": "Eliminación total de esporas.",
      "opcion d": "Ausencia de microorganismos patógenos."
    },
    "respuesta_correcta": "opcion d"
  },
  {
    "id": 45,
    "tema": "Enfermería 2023",
    "año": 2023,
    "caso_clínico": "",
    "pregunta": "(Inventada) ¿Qué indica un GCS (Glasgow) de 8?",
    "opciones": {
      "opcion a": "Somnolencia leve.",
      "opcion b": "Coma.",
      "opcion c": "Confusión leve.",
      "opcion d": "Estado de alerta."
    },
    "respuesta_correcta": "opcion b"
  },
  {
    "id": 46,
    "tema": "Enfermería 2023",
    "año": 2023,
    "caso_clínico": "",
    "pregunta": "(Inventada) ¿Cuál es el mejor sitio para medir temperatura axilar?",
    "opciones": {
      "opcion a": "Sobre la clavícula.",
      "opcion b": "En la palma de la mano.",
      "opcion c": "Sobre la ropa.",
      "opcion d": "Zona central de la axila con brazo aducido."
    },
    "respuesta_correcta": "opcion d"
  },
  {
    "id": 47,
    "tema": "Enfermería 2023",
    "año": 2023,
    "caso_clínico": "",
    "pregunta": "(Inventada) ¿Qué parámetro indica deshidratación moderada?",
    "opciones": {
      "opcion a": "Llenado capilar > 2 segundos.",
      "opcion b": "Sudoración excesiva.",
      "opcion c": "Pulso lleno y fuerte.",
      "opcion d": "Ruidos intestinales aumentados."
    },
    "respuesta_correcta": "opcion a"
  },
  {
    "id": 48,
    "tema": "Enfermería 2023",
    "año": 2023,
    "caso_clínico": "",
    "pregunta": "(Inventada) ¿Qué vía se recomienda para administración de adrenalina en anafilaxia?",
    "opciones": {
      "opcion a": "Intramuscular.",
      "opcion b": "Tópica.",
      "opcion c": "Subcutánea.",
      "opcion d": "Intradérmica."
    },
    "respuesta_correcta": "opcion a"
  },
  {
    "id": 49,
    "tema": "Enfermería 2023",
    "año": 2023,
    "caso_clínico": "",
    "pregunta": "(Inventada) ¿Cuál es un signo temprano de sepsis?",
    "opciones": {
      "opcion a": "Hipotermia marcada de entrada.",
      "opcion b": "Piel fría marmórea inicial.",
      "opcion c": "Bradicardia.",
      "opcion d": "Taquicardia."
    },
    "respuesta_correcta": "opcion d"
  },
  {
    "id": 50,
    "tema": "Enfermería 2023",
    "año": 2023,
    "caso_clínico": "",
    "pregunta": "(Inventada) ¿Qué indica un FR > 30 en adulto?",
    "opciones": {
      "opcion a": "Taquipnea.",
      "opcion b": "Apenustia.",
      "opcion c": "Bradipnea.",
      "opcion d": "Eupnea."
    },
    "respuesta_correcta": "opcion a"
  },
  {
    "id": 51,
    "tema": "Enfermería 2023",
    "año": 2023,
    "caso_clínico": "",
    "pregunta": "(Inventada) ¿Qué elemento es fundamental en la técnica de RCP de calidad?",
    "opciones": {
      "opcion a": "Ventilar más de 20 veces por minuto.",
      "opcion b": "Permitir la expansión completa del tórax entre compresiones.",
      "opcion c": "Pausar compresiones para descansar cada 20 segundos.",
      "opcion d": "Comprimir rápido sin ritmo definido."
    },
    "respuesta_correcta": "opcion b"
  },
  {
    "id": 52,
    "tema": "Enfermería 2023",
    "año": 2023,
    "caso_clínico": "",
    "pregunta": "(Inventada) ¿Cuándo se debe lavar las manos según OMS?",
    "opciones": {
      "opcion a": "Solo antes de procedimientos invasivos.",
      "opcion b": "Antes y después del contacto con el paciente.",
      "opcion c": "Únicamente al final del turno.",
      "opcion d": "Solo cuando haya suciedad visible."
    },
    "respuesta_correcta": "opcion b"
  },
  {
    "id": 53,
    "tema": "Enfermería 2023",
    "año": 2023,
    "caso_clínico": "",
    "pregunta": "(Inventada) ¿Cuál es el valor normal de frecuencia cardíaca en adulto?",
    "opciones": {
      "opcion a": "40–55 lpm.",
      "opcion b": "20–40 lpm.",
      "opcion c": "60–100 lpm.",
      "opcion d": "110–150 lpm."
    },
    "respuesta_correcta": "opcion c"
  },
  {
    "id": 54,
    "tema": "Enfermería 2023",
    "año": 2023,
    "caso_clínico": "",
    "pregunta": "(Inventada) ¿Cuál es la vía recomendada para hidratación en deshidratación leve?",
    "opciones": {
      "opcion a": "Intratecal.",
      "opcion b": "Subcutánea.",
      "opcion c": "Intradérmica.",
      "opcion d": "Vía oral."
    },
    "respuesta_correcta": "opcion d"
  },
  {
    "id": 55,
    "tema": "Enfermería 2023",
    "año": 2023,
    "caso_clínico": "",
    "pregunta": "(Inventada) ¿Qué indica piel pálida y fría?",
    "opciones": {
      "opcion a": "Hiperhidratación.",
      "opcion b": "Fiebre.",
      "opcion c": "Hipoperfusión.",
      "opcion d": "Broncoespasmo."
    },
    "respuesta_correcta": "opcion c"
  },
  {
    "id": 56,
    "tema": "Enfermería 2023",
    "año": 2023,
    "caso_clínico": "",
    "pregunta": "(Inventada) El triage de color rojo indica:",
    "opciones": {
      "opcion a": "Atención demorable.",
      "opcion b": "Paciente ambulatorio.",
      "opcion c": "Baja prioridad.",
      "opcion d": "Atención inmediata."
    },
    "respuesta_correcta": "opcion d"
  },
  {
    "id": 57,
    "tema": "Enfermería 2023",
    "año": 2023,
    "caso_clínico": "",
    "pregunta": "(Inventada) ¿Cuál es el riesgo principal del reposo prolongado?",
    "opciones": {
      "opcion a": "Hipoglucemia.",
      "opcion b": "Hiperhidratación.",
      "opcion c": "Hipertiroidismo.",
      "opcion d": "Tromboembolismo venoso."
    },
    "respuesta_correcta": "opcion d"
  },
  {
    "id": 58,
    "tema": "Enfermería 2023",
    "año": 2023,
    "caso_clínico": "",
    "pregunta": "(Inventada) ¿Cuál es el nivel de conciencia más bajo?",
    "opciones": {
      "opcion a": "Coma.",
      "opcion b": "Desorientación.",
      "opcion c": "Letargo.",
      "opcion d": "Confusión."
    },
    "respuesta_correcta": "opcion a"
  },
  {
    "id": 59,
    "tema": "Enfermería 2023",
    "año": 2023,
    "caso_clínico": "",
    "pregunta": "(Inventada) ¿Qué acción es prioritaria en una hipoglucemia severa?",
    "opciones": {
      "opcion a": "Administrar glucosa EV.",
      "opcion b": "Administrar suero fisiológico.",
      "opcion c": "Ofrecer alimentos sólidos.",
      "opcion d": "Indicar reposo."
    },
    "respuesta_correcta": "opcion a"
  },
  {
    "id": 60,
    "tema": "Enfermería 2023",
    "año": 2023,
    "caso_clínico": "",
    "pregunta": "(Inventada) ¿Qué examen confirma anemia?",
    "opciones": {
      "opcion a": "Leucocitosis aislada.",
      "opcion b": "Sodio elevado.",
      "opcion c": "Plaquetas altas.",
      "opcion d": "Hemoglobina baja."
    },
    "respuesta_correcta": "opcion d"
  },
  {
    "id": 61,
    "tema": "Enfermería 2023",
    "año": 2023,
    "caso_clínico": "",
    "pregunta": "(Inventada) ¿Qué posición facilita la respiración en disnea?",
    "opciones": {
      "opcion a": "Rodillas al pecho.",
      "opcion b": "Trendelemburg.",
      "opcion c": "Decúbito prono.",
      "opcion d": "Fowler."
    },
    "respuesta_correcta": "opcion d"
  },
  {
    "id": 62,
    "tema": "Enfermería 2023",
    "año": 2023,
    "caso_clínico": "",
    "pregunta": "(Inventada) ¿Qué indica una presión diferencial muy baja?",
    "opciones": {
      "opcion a": "Fiebre.",
      "opcion b": "Hipotiroidismo.",
      "opcion c": "Shock.",
      "opcion d": "Hiperkalemia."
    },
    "respuesta_correcta": "opcion c"
  },
  {
    "id": 63,
    "tema": "Enfermería 2023",
    "año": 2023,
    "caso_clínico": "",
    "pregunta": "(Inventada) ¿Qué electrolito controla la contracción muscular?",
    "opciones": {
      "opcion a": "Vitamina K.",
      "opcion b": "Hierro.",
      "opcion c": "Cloro.",
      "opcion d": "Calcio."
    },
    "respuesta_correcta": "opcion d"
  },
  {
    "id": 64,
    "tema": "Enfermería 2023",
    "año": 2023,
    "caso_clínico": "",
    "pregunta": "(Inventada) ¿Qué significa FR 10 en adulto?",
    "opciones": {
      "opcion a": "Taquipnea.",
      "opcion b": "Hipopnea severa.",
      "opcion c": "Eupnea.",
      "opcion d": "Bradipnea."
    },
    "respuesta_correcta": "opcion d"
  },
  {
    "id": 65,
    "tema": "Enfermería 2023",
    "año": 2023,
    "caso_clínico": "",
    "pregunta": "(Inventada) ¿Qué hacer ante convulsión?",
    "opciones": {
      "opcion a": "Colocar objeto en la boca.",
      "opcion b": "Administrar líquidos por vía oral.",
      "opcion c": "Sujetar extremidades fuertemente.",
      "opcion d": "Proteger la cabeza del paciente."
    },
    "respuesta_correcta": "opcion d"
  },
  {
    "id": 66,
    "tema": "Enfermería 2023",
    "año": 2023,
    "caso_clínico": "",
    "pregunta": "(Inventada) ¿Qué valor de glucemia indica diabetes?",
    "opciones": {
      "opcion a": "≥ 150 mg/dL postprandial inmediato.",
      "opcion b": "≥ 110 mg/dL.",
      "opcion c": "≥ 90 mg/dL.",
      "opcion d": "≥ 126 mg/dL en ayunas."
    },
    "respuesta_correcta": "opcion d"
  },
  {
    "id": 67,
    "tema": "Enfermería 2023",
    "año": 2023,
    "caso_clínico": "",
    "pregunta": "(Inventada) ¿Qué parámetro evalúa la escala EVA?",
    "opciones": {
      "opcion a": "Dolor.",
      "opcion b": "Ansiedad.",
      "opcion c": "Perfusión.",
      "opcion d": "Oxigenación."
    },
    "respuesta_correcta": "opcion a"
  },
  {
    "id": 68,
    "tema": "Enfermería 2023",
    "año": 2023,
    "caso_clínico": "",
    "pregunta": "(Inventada) ¿Qué indica una FC de 40 lpm en adulto?",
    "opciones": {
      "opcion a": "Hipertensión arterial.",
      "opcion b": "Taquicardia.",
      "opcion c": "Hipoxemia.",
      "opcion d": "Bradicardia."
    },
    "respuesta_correcta": "opcion d"
  },
  {
    "id": 69,
    "tema": "Enfermería 2023",
    "año": 2023,
    "caso_clínico": "",
    "pregunta": "(Inventada) ¿Cuál es el riesgo de una vía periférica sin control prolongado?",
    "opciones": {
      "opcion a": "Flebitis.",
      "opcion b": "Hipocalcemia.",
      "opcion c": "Hipoglucemia.",
      "opcion d": "Hipertrofia muscular."
    },
    "respuesta_correcta": "opcion a"
  },
  {
    "id": 70,
    "tema": "Enfermería 2023",
    "año": 2023,
    "caso_clínico": "",
    "pregunta": "(Inventada) ¿En qué caso se usa máscara con reservorio?",
    "opciones": {
      "opcion a": "Hipoxemia severa.",
      "opcion b": "Dolor abdominal.",
      "opcion c": "Cefalea tensional.",
      "opcion d": "Vómitos aislados."
    },
    "respuesta_correcta": "opcion a"
  },
  {
    "id": 71,
    "tema": "Enfermería 2023",
    "año": 2023,
    "caso_clínico": "",
    "pregunta": "(Inventada) ¿Cuál es el objetivo principal del control de signos vitales?",
    "opciones": {
      "opcion a": "Evaluar el estado fisiológico del paciente.",
      "opcion b": "Diagnosticar enfermedades complejas.",
      "opcion c": "Evaluar exclusivamente el estado emocional.",
      "opcion d": "Determinar el tipo de medicación a indicar."
    },
    "respuesta_correcta": "opcion a"
  },
  {
    "id": 72,
    "tema": "Enfermería 2023",
    "año": 2023,
    "caso_clínico": "",
    "pregunta": "(Inventada) ¿Qué valor se considera fiebre en un lactante?",
    "opciones": {
      "opcion a": "36.5 °C timpánica.",
      "opcion b": "≥ 38 °C rectal.",
      "opcion c": "37.3 °C inguinal.",
      "opcion d": "37 °C axilar."
    },
    "respuesta_correcta": "opcion b"
  },
  {
    "id": 73,
    "tema": "Enfermería 2023",
    "año": 2023,
    "caso_clínico": "",
    "pregunta": "(Inventada) ¿Cuál es la vía de elección para administrar medicación durante un paro cardíaco?",
    "opciones": {
      "opcion a": "Subcutánea.",
      "opcion b": "Oral.",
      "opcion c": "Tópica.",
      "opcion d": "Intravenosa."
    },
    "respuesta_correcta": "opcion d"
  },
  {
    "id": 74,
    "tema": "Enfermería 2023",
    "año": 2023,
    "caso_clínico": "",
    "pregunta": "(Inventada) ¿Qué complicación puede producir un catéter mal fijado?",
    "opciones": {
      "opcion a": "Extravasación.",
      "opcion b": "Hiperglucemia.",
      "opcion c": "Insuficiencia respiratoria.",
      "opcion d": "Aumento de temperatura corporal."
    },
    "respuesta_correcta": "opcion a"
  },
  {
    "id": 75,
    "tema": "Enfermería 2023",
    "año": 2023,
    "caso_clínico": "",
    "pregunta": "(Inventada) ¿Cuál es el objetivo del lavado de manos clínico?",
    "opciones": {
      "opcion a": "Eliminar virus resistentes exclusivamente.",
      "opcion b": "Aumentar la humedad de las manos.",
      "opcion c": "Esterilizar completamente la piel.",
      "opcion d": "Reducir la flora transitoria."
    },
    "respuesta_correcta": "opcion d"
  },
  {
    "id": 76,
    "tema": "Enfermería 2023",
    "año": 2023,
    "caso_clínico": "",
    "pregunta": "(Inventada) ¿Qué indica un pulso filiforme?",
    "opciones": {
      "opcion a": "Perfusión deficiente.",
      "opcion b": "Perfusión normal.",
      "opcion c": "Sobrehidratación.",
      "opcion d": "Hipertiroidismo."
    },
    "respuesta_correcta": "opcion a"
  },
  {
    "id": 77,
    "tema": "Enfermería 2023",
    "año": 2023,
    "caso_clínico": "",
    "pregunta": "(Inventada) ¿Cuál es la complicación más frecuente del reposo prolongado en cama?",
    "opciones": {
      "opcion a": "Pancreatitis.",
      "opcion b": "Miopía.",
      "opcion c": "Hepatitis.",
      "opcion d": "Úlceras por presión."
    },
    "respuesta_correcta": "opcion d"
  },
  {
    "id": 78,
    "tema": "Enfermería 2023",
    "año": 2023,
    "caso_clínico": "",
    "pregunta": "Masa ovárica heterogénea con doppler (+). ¿Qué estudio complementario solicitar?",
    "opciones": {
      "opcion a": "Marcadores tumorales.",
      "opcion b": "TAC de cráneo.",
      "opcion c": "Radiografía simple de abdomen.",
      "opcion d": "Ecografía mamaria."
    },
    "respuesta_correcta": "opcion a"
  },
  {
    "id": 79,
    "tema": "Enfermería 2023",
    "año": 2023,
    "caso_clínico": "",
    "pregunta": "Diseño más adecuado para enfermedad de baja prevalencia y múltiples factores de riesgo:",
    "opciones": {
      "opcion a": "Estudio de casos y controles.",
      "opcion b": "Estudio poblacional masivo.",
      "opcion c": "Estudio clínico aleatorio.",
      "opcion d": "Ensayo no controlado."
    },
    "respuesta_correcta": "opcion a"
  },
  {
    "id": 80,
    "tema": "Enfermería 2023",
    "año": 2023,
    "caso_clínico": "",
    "pregunta": "Soplo sistólico eyectivo que se atenúa al sentarse en niña de 10 años:",
    "opciones": {
      "opcion a": "Insuficiencia tricuspídea.",
      "opcion b": "Estenosis pulmonar.",
      "opcion c": "Comunicación interauricular.",
      "opcion d": "Soplo funcional."
    },
    "respuesta_correcta": "opcion d"
  },
  {
    "id": 81,
    "tema": "Enfermería 2023",
    "año": 2023,
    "caso_clínico": "",
    "pregunta": "Hernia inguinoescrotal dolorosa + acidosis + hiperlactacidemia:",
    "opciones": {
      "opcion a": "Reposo en cama por 24 horas.",
      "opcion b": "Colocación de sonda nasogástrica y cirugía urgente.",
      "opcion c": "Administrar analgésico y dar alta.",
      "opcion d": "Realizar solo radiografía y observar."
    },
    "respuesta_correcta": "opcion b"
  },
  {
    "id": 82,
    "tema": "Enfermería 2023",
    "año": 2023,
    "caso_clínico": "",
    "pregunta": "Gold standard para diagnóstico de cáncer de endometrio:",
    "opciones": {
      "opcion a": "Resonancia sin contraste.",
      "opcion b": "Papanicolaou.",
      "opcion c": "Cultivo endometrial.",
      "opcion d": "Dilatación cervical + legrado biópsico fraccionado con histeroscopia."
    },
    "respuesta_correcta": "opcion d"
  },
  {
    "id": 83,
    "tema": "Enfermería 2023",
    "año": 2023,
    "caso_clínico": "",
    "pregunta": "Gestante 33 semanas con sangrado rojo oscuro + tono aumentado:",
    "opciones": {
      "opcion a": "Desprendimiento de placenta normoinserta.",
      "opcion b": "Pólipo cervical benigno.",
      "opcion c": "Placenta previa.",
      "opcion d": "Hemorroides sangrantes."
    },
    "respuesta_correcta": "opcion a"
  },
  {
    "id": 84,
    "tema": "Enfermería 2023",
    "año": 2023,
    "caso_clínico": "",
    "pregunta": "Inicio de insulina en diabetes tipo 2:",
    "opciones": {
      "opcion a": "Por malestar inespecífico.",
      "opcion b": "Con glucemias normales alteradas.",
      "opcion c": "Solo por mal control dietario.",
      "opcion d": "Pérdida de peso no planificada asociada a hiperglucemia."
    },
    "respuesta_correcta": "opcion d"
  },
  {
    "id": 85,
    "tema": "Enfermería 2023",
    "año": 2023,
    "caso_clínico": "",
    "pregunta": "¿Cuándo se debe continuar lactancia?",
    "opciones": {
      "opcion a": "VIH materno positivo.",
      "opcion b": "Tuberculosis activa sin tratamiento.",
      "opcion c": "Infección bacteriana grave del RN.",
      "opcion d": "Mastitis unilateral."
    },
    "respuesta_correcta": "opcion d"
  },
  {
    "id": 86,
    "tema": "Enfermería 2023",
    "año": 2023,
    "caso_clínico": "",
    "pregunta": "Epistaxis en pediatría: ¿cuándo pedir laboratorio?",
    "opciones": {
      "opcion a": "Epistaxis graves o recurrentes sin causa local.",
      "opcion b": "En cualquier primer episodio.",
      "opcion c": "Si hubo llanto intenso previo.",
      "opcion d": "Si tomó bebidas calientes."
    },
    "respuesta_correcta": "opcion a"
  },
  {
    "id": 87,
    "tema": "Enfermería 2023",
    "año": 2023,
    "caso_clínico": "",
    "pregunta": "Lactante 15 días con aumento normal de peso, madre cree que tiene hambre:",
    "opciones": {
      "opcion a": "Evaluar técnica de lactancia y continuar pecho exclusivo.",
      "opcion b": "Suspender lactancia y dar fórmula.",
      "opcion c": "Administrar suero glucosado.",
      "opcion d": "Dar agua para “llenar el estómago”."
    },
    "respuesta_correcta": "opcion a"
  },
  {
    "id": 88,
    "tema": "Enfermería 2023",
    "año": 2023,
    "caso_clínico": "",
    "pregunta": "Adolescente con anemia, blastos y hemorragias:",
    "opciones": {
      "opcion a": "Alergia medicamentosa.",
      "opcion b": "Dengue hemorrágico.",
      "opcion c": "Leucemia aguda.",
      "opcion d": "Hipotiroidismo."
    },
    "respuesta_correcta": "opcion c"
  },
  {
    "id": 89,
    "tema": "Enfermería 2023",
    "año": 2023,
    "caso_clínico": "",
    "pregunta": "Mujer con pérdida brusca de visión + VSG 80 mm/h:",
    "opciones": {
      "opcion a": "Catarata incipiente.",
      "opcion b": "Retinopatía diabética leve.",
      "opcion c": "Glaucoma crónico.",
      "opcion d": "Neuropatía óptica isquémica arterítica."
    },
    "respuesta_correcta": "opcion d"
  },
  {
    "id": 90,
    "tema": "Enfermería 2023",
    "año": 2023,
    "caso_clínico": "",
    "pregunta": "Primigesta 35 semanas, HTA, enzimas elevadas, proteinuria +++:",
    "opciones": {
      "opcion a": "Administración exclusiva de hidratación oral.",
      "opcion b": "Reposo domiciliario.",
      "opcion c": "Dejar evolucionar sin intervención.",
      "opcion d": "Tratamiento antihipertensivo, sulfato de Mg e inducción al parto."
    },
    "respuesta_correcta": "opcion d"
  },
  {
    "id": 91,
    "tema": "Enfermería 2023",
    "año": 2023,
    "caso_clínico": "",
    "pregunta": "Vacunas en control de salud de 18 meses:",
    "opciones": {
      "opcion a": "Pentavalente, IPV, refuerzo de meningococo, varicela y antigripal.",
      "opcion b": "Hexavalente y rotavirus.",
      "opcion c": "Solo antigripal.",
      "opcion d": "Hepatitis A y triple bacteriana."
    },
    "respuesta_correcta": "opcion a"
  },
  {
    "id": 92,
    "tema": "Enfermería 2023",
    "año": 2023,
    "caso_clínico": "",
    "pregunta": "¿Por qué se produce un DIP variable en monitoreo fetal?",
    "opciones": {
      "opcion a": "Por compresión del cordón.",
      "opcion b": "Por encaje cefálico.",
      "opcion c": "Por hipoxia materna.",
      "opcion d": "Por contracciones uterinas intensas."
    },
    "respuesta_correcta": "opcion a"
  },
  {
    "id": 93,
    "tema": "Enfermería 2023",
    "año": 2023,
    "caso_clínico": "",
    "pregunta": "MAPA 24 h promedio 138/90 mmHg:",
    "opciones": {
      "opcion a": "No tiene relevancia clínica.",
      "opcion b": "Sugiere cuadro ansioso.",
      "opcion c": "Indica prehipotensión.",
      "opcion d": "Confirma diagnóstico de hipertensión arterial."
    },
    "respuesta_correcta": "opcion d"
  },
  {
    "id": 94,
    "tema": "Enfermería 2023",
    "año": 2023,
    "caso_clínico": "",
    "pregunta": "Lactante 6 meses con nitritos ++ y leucocituria:",
    "opciones": {
      "opcion a": "Realizar urocultivo e iniciar ATB oral.",
      "opcion b": "Dar solo analgésicos.",
      "opcion c": "Dar líquidos y observar.",
      "opcion d": "Repetir muestra en 48 h sin tratar."
    },
    "respuesta_correcta": "opcion a"
  },
  {
    "id": 95,
    "tema": "Enfermería 2023",
    "año": 2023,
    "caso_clínico": "",
    "pregunta": "¿Para qué se solicita MAPA?",
    "opciones": {
      "opcion a": "Hipotensión severa.",
      "opcion b": "Hipoglucemia.",
      "opcion c": "Hipertensión de guardapolvo blanco.",
      "opcion d": "Arritmias."
    },
    "respuesta_correcta": "opcion c"
  },
  {
    "id": 96,
    "tema": "Enfermería 2023",
    "año": 2023,
    "caso_clínico": "",
    "pregunta": "¿Qué tipo de prevención es la toma de PA?",
    "opciones": {
      "opcion a": "Prevención terciaria.",
      "opcion b": "Prevención cuaternaria.",
      "opcion c": "Prevención primordial.",
      "opcion d": "Prevención secundaria."
    },
    "respuesta_correcta": "opcion d"
  },
  {
    "id": 97,
    "tema": "Enfermería 2023",
    "año": 2023,
    "caso_clínico": "",
    "pregunta": "Profilaxis por Haemophilus influenzae en guardería:",
    "opciones": {
      "opcion a": "Todos los contactos cercanos menores de 4 años, aunque estén vacunados.",
      "opcion b": "Solo hermanos convivientes.",
      "opcion c": "Solo los vacunados.",
      "opcion d": "Solo los adultos."
    },
    "respuesta_correcta": "opcion a"
  },
  {
    "id": 98,
    "tema": "Enfermería 2023",
    "año": 2023,
    "caso_clínico": "",
    "pregunta": "Ventaja de estudios de cohorte:",
    "opciones": {
      "opcion a": "Garantizar 100% de seguimiento.",
      "opcion b": "Determinar causalidad inmediata.",
      "opcion c": "Evaluar enfermedades rarísimas.",
      "opcion d": "Permiten estudiar varios eventos simultáneamente."
    },
    "respuesta_correcta": "opcion d"
  },
  {
    "id": 99,
    "tema": "Enfermería 2023",
    "año": 2023,
    "caso_clínico": "",
    "pregunta": "Niño con fiebre, dolor de cadera, leucocitosis 30.000 y líquido articular:",
    "opciones": {
      "opcion a": "Artritis séptica.",
      "opcion b": "Displasia de cadera.",
      "opcion c": "Traumatismo leve.",
      "opcion d": "Dolor de crecimiento."
    },
    "respuesta_correcta": "opcion a"
  },
  {
    "id": 100,
    "tema": "Enfermería 2023",
    "año": 2023,
    "caso_clínico": "",
    "pregunta": "Adulto fumador con disnea y tos crónica:",
    "opciones": {
      "opcion a": "Radiografía de manos.",
      "opcion b": "Espirometría con prueba post broncodilatador.",
      "opcion c": "Electrocardiograma únicamente.",
      "opcion d": "Test de esfuerzo sin evaluación pulmonar."
    },
    "respuesta_correcta": "opcion b"
  }
]