[
  {
    "id": 1,
    "tema": "Enfermería 2023",
    "año": 2023,
    "caso_clínico": "",
    "pregunta": "¿Cuál es la principal función de la enfermería en el control de infecciones?",
    "opciones": {
      "opcion a": "Administrar antibióticos sin orden médica.",
      "opcion b": "Prevenir la transmisión mediante técnicas de higiene y bioseguridad.",
      "opcion c": "Registrar la limpieza del área.",
      "opcion d": "Cambiar el uniforme tres veces al día."
    },
    "respuesta_correcta": "opcion b"
  },
  {
    "id": 2,
    "tema": "Enfermería 2023",
    "año": 2023,
    "caso_clínico": "",
    "pregunta": "¿Qué es la homeostasis?",
    "opciones": {
      "opcion a": "Mantenimiento del equilibrio interno del organismo.",
      "opcion b": "Capacidad de generar energía muscular.",
      "opcion c": "Función exclusiva del sistema circulatorio.",
      "opcion d": "Estado de estrés prolongado."
    },
    "respuesta_correcta": "opcion a"
  },
  {
    "id": 3,
    "tema": "Enfermería 2023",
    "año": 2023,
    "caso_clínico": "",
    "pregunta": "¿Qué vía se usa en la administración intradérmica?",
    "opciones": {
      "opcion a": "Ángulo de 75°.",
      "opcion b": "Ángulo de 10–15°.",
      "opcion c": "Ángulo de 60°.",
      "opcion d": "Ángulo de 90°."
    },
    "respuesta_correcta": "opcion b"
  },
  {
    "id": 4,
    "tema": "Enfermería 2023",
    "año": 2023,
    "caso_clínico": "",
    "pregunta": "¿Cuál es un signo temprano de hemorragia interna?",
    "opciones": {
      "opcion a": "Aumento del apetito.",
      "opcion b": "Taquicardia.",
      "opcion c": "Hiperhidratación.",
      "opcion d": "Enrojecimiento facial."
    },
    "respuesta_correcta": "opcion b"
  },
  {
    "id": 5,
    "tema": "Enfermería 2023",
    "año": 2023,
    "caso_clínico": "",
    "pregunta": "¿Qué define a la fiebre?",
    "opciones": {
      "opcion a": "Temperatura ≥38 °C.",
      "opcion b": "Coloración rosada.",
      "opcion c": "Sudoración sin temperatura.",
      "opcion d": "Temperatura 36 °C."
    },
    "respuesta_correcta": "opcion a"
  },
  {
    "id": 6,
    "tema": "Enfermería 2023",
    "año": 2023,
    "caso_clínico": "",
    "pregunta": "¿Qué músculo se usa comúnmente para vía intramuscular en adultos?",
    "opciones": {
      "opcion a": "Biceps braquial.",
      "opcion b": "Trapecio.",
      "opcion c": "Dorsal ancho.",
      "opcion d": "Deltoides."
    },
    "respuesta_correcta": "opcion d"
  },
  {
    "id": 7,
    "tema": "Enfermería 2023",
    "año": 2023,
    "caso_clínico": "",
    "pregunta": "¿Qué evalúa un electrocardiograma?",
    "opciones": {
      "opcion a": "Flujo venoso.",
      "opcion b": "Función pulmonar.",
      "opcion c": "Densidad ósea.",
      "opcion d": "Actividad eléctrica del corazón."
    },
    "respuesta_correcta": "opcion d"
  },
  {
    "id": 8,
    "tema": "Enfermería 2023",
    "año": 2023,
    "caso_clínico": "",
    "pregunta": "¿Cuál es la causa más común de paro cardiaco en adultos?",
    "opciones": {
      "opcion a": "Déficit de calcio.",
      "opcion b": "Insuficiencia renal leve.",
      "opcion c": "Fractura de hueso largo.",
      "opcion d": "Arritmias ventriculares."
    },
    "respuesta_correcta": "opcion d"
  },
  {
    "id": 9,
    "tema": "Enfermería 2023",
    "año": 2023,
    "caso_clínico": "",
    "pregunta": "¿Qué indica una diuresis de 3 L/día?",
    "opciones": {
      "opcion a": "Hematuria.",
      "opcion b": "Anuria.",
      "opcion c": "Diuresis normal.",
      "opcion d": "Poliuria."
    },
    "respuesta_correcta": "opcion d"
  },
  {
    "id": 10,
    "tema": "Enfermería 2023",
    "año": 2023,
    "caso_clínico": "",
    "pregunta": "¿Qué parámetro evalúa mejor el dolor en pediatría?",
    "opciones": {
      "opcion a": "Escala Norton.",
      "opcion b": "Escala EVA clásica.",
      "opcion c": "Test de Rusell.",
      "opcion d": "Escala FLACC."
    },
    "respuesta_correcta": "opcion d"
  },
  {
    "id": 11,
    "tema": "Enfermería 2023",
    "año": 2023,
    "caso_clínico": "",
    "pregunta": "¿Cuál es el objetivo del plan de cuidados de enfermería?",
    "opciones": {
      "opcion a": "Reducir los tiempos de internación sin evaluación.",
      "opcion b": "Organizar las intervenciones según necesidades del paciente.",
      "opcion c": "Reemplazar indicaciones médicas.",
      "opcion d": "Limitar la autonomía del paciente."
    },
    "respuesta_correcta": "opcion b"
  },
  {
    "id": 12,
    "tema": "Enfermería 2023",
    "año": 2023,
    "caso_clínico": "",
    "pregunta": "¿Qué es la hipoxia?",
    "opciones": {
      "opcion a": "Exceso de dióxido de carbono en sangre.",
      "opcion b": "Control normal de ventilación.",
      "opcion c": "Disminución del oxígeno en los tejidos.",
      "opcion d": "Aumento brusco del sodio."
    },
    "respuesta_correcta": "opcion c"
  },
  {
    "id": 13,
    "tema": "Enfermería 2023",
    "año": 2023,
    "caso_clínico": "",
    "pregunta": "¿Cuál es la FR normal en un recién nacido?",
    "opciones": {
      "opcion a": "10–15 rpm.",
      "opcion b": "12–20 rpm.",
      "opcion c": "70–90 rpm.",
      "opcion d": "30–60 rpm."
    },
    "respuesta_correcta": "opcion d"
  },
  {
    "id": 14,
    "tema": "Enfermería 2023",
    "año": 2023,
    "caso_clínico": "",
    "pregunta": "¿Cuál es un signo de shock séptico?",
    "opciones": {
      "opcion a": "Hipotensión refractaria.",
      "opcion b": "Hipertensión sostenida.",
      "opcion c": "Fiebre leve sin síntomas.",
      "opcion d": "Piel caliente sin cambios."
    },
    "respuesta_correcta": "opcion a"
  },
  {
    "id": 15,
    "tema": "Enfermería 2023",
    "año": 2023,
    "caso_clínico": "",
    "pregunta": "¿Qué línea se utiliza para nutrición parenteral de alta osmolaridad?",
    "opciones": {
      "opcion a": "Vía central.",
      "opcion b": "Vía subcutánea.",
      "opcion c": "Vía intradérmica.",
      "opcion d": "Vía intranasal."
    },
    "respuesta_correcta": "opcion a"
  },
  {
    "id": 16,
    "tema": "Enfermería 2023",
    "año": 2023,
    "caso_clínico": "",
    "pregunta": "¿Qué indica una piel fría y pegajosa?",
    "opciones": {
      "opcion a": "Hipoperfusión.",
      "opcion b": "Hipertiroidismo.",
      "opcion c": "Hiperhidratación.",
      "opcion d": "Digestión lenta."
    },
    "respuesta_correcta": "opcion a"
  },
  {
    "id": 17,
    "tema": "Enfermería 2023",
    "año": 2023,
    "caso_clínico": "",
    "pregunta": "¿Qué es el consentimiento informado?",
    "opciones": {
      "opcion a": "Documento que reemplaza la comunicación verbal.",
      "opcion b": "Obligación de firmar antes de cualquier procedimiento.",
      "opcion c": "Permiso otorgado por el familiar siempre.",
      "opcion d": "Aceptación voluntaria del paciente basada en información clara."
    },
    "respuesta_correcta": "opcion d"
  },
  {
    "id": 18,
    "tema": "Enfermería 2023",
    "año": 2023,
    "caso_clínico": "",
    "pregunta": "¿Qué sugiere un abdomen blando e indoloro?",
    "opciones": {
      "opcion a": "Peritonitis.",
      "opcion b": "Normalidad abdominal.",
      "opcion c": "Obstrucción severa.",
      "opcion d": "Abdomen agudo."
    },
    "respuesta_correcta": "opcion b"
  },
  {
    "id": 19,
    "tema": "Enfermería 2023",
    "año": 2023,
    "caso_clínico": "",
    "pregunta": "¿Cuál es la posición para un paciente con disnea severa?",
    "opciones": {
      "opcion a": "Fowler alto.",
      "opcion b": "Decúbito prono.",
      "opcion c": "Trendelemburg.",
      "opcion d": "Decúbito lateral izquierdo."
    },
    "respuesta_correcta": "opcion a"
  },
  {
    "id": 20,
    "tema": "Enfermería 2023",
    "año": 2023,
    "caso_clínico": "",
    "pregunta": "¿Qué parámetro indica hiperglucemia?",
    "opciones": {
      "opcion a": "Glucemia 70 mg/dL.",
      "opcion b": "Glucemia 120 mg/dL.",
      "opcion c": "Glucemia 40 mg/dL.",
      "opcion d": "Glucemia > 180 mg/dL."
    },
    "respuesta_correcta": "opcion d"
  },
  {
    "id": 21,
    "tema": "Enfermería 2023",
    "año": 2023,
    "caso_clínico": "",
    "pregunta": "¿Cuál es el riesgo de inmovilización prolongada?",
    "opciones": {
      "opcion a": "Hiperglucemia.",
      "opcion b": "Hipertensión súbita.",
      "opcion c": "Tromboembolismo venoso.",
      "opcion d": "Hiperhidratación."
    },
    "respuesta_correcta": "opcion c"
  },
  {
    "id": 22,
    "tema": "Enfermería 2023",
    "año": 2023,
    "caso_clínico": "",
    "pregunta": "¿Qué indica un sangrado rectal con dolor abdominal?",
    "opciones": {
      "opcion a": "Asma.",
      "opcion b": "Tendinitis.",
      "opcion c": "Infección urinaria.",
      "opcion d": "Posible patología digestiva."
    },
    "respuesta_correcta": "opcion d"
  },
  {
    "id": 23,
    "tema": "Enfermería 2023",
    "año": 2023,
    "caso_clínico": "",
    "pregunta": "¿Cuál es la función del potasio?",
    "opciones": {
      "opcion a": "Aumenta la producción de glóbulos rojos.",
      "opcion b": "Participa en la conducción eléctrica y contracción muscular.",
      "opcion c": "Promueve la digestión de grasas.",
      "opcion d": "Regula la temperatura corporal."
    },
    "respuesta_correcta": "opcion b"
  },
  {
    "id": 24,
    "tema": "Enfermería 2023",
    "año": 2023,
    "caso_clínico": "",
    "pregunta": "¿Qué se debe hacer ante un paro respiratorio?",
    "opciones": {
      "opcion a": "Iniciar ventilaciones.",
      "opcion b": "Masajear abdomen.",
      "opcion c": "Dar agua.",
      "opcion d": "Dejar al paciente reposar."
    },
    "respuesta_correcta": "opcion a"
  },
  {
    "id": 25,
    "tema": "Enfermería 2023",
    "año": 2023,
    "caso_clínico": "",
    "pregunta": "¿Qué hace la adrenalina en anafilaxia?",
    "opciones": {
      "opcion a": "Broncodilatación y aumento del gasto cardíaco.",
      "opcion b": "Produce broncoespasmo.",
      "opcion c": "Baja la presión arterial.",
      "opcion d": "Induce hiperglucemia severa."
    },
    "respuesta_correcta": "opcion a"
  },
  {
    "id": 26,
    "tema": "Enfermería 2023",
    "año": 2023,
    "caso_clínico": "",
    "pregunta": "¿Qué evalúa el test de Apgar?",
    "opciones": {
      "opcion a": "Capacidad digestiva.",
      "opcion b": "Adaptación del recién nacido.",
      "opcion c": "Nivel de dolor en RN.",
      "opcion d": "Memoria del RN."
    },
    "respuesta_correcta": "opcion b"
  },
  {
    "id": 27,
    "tema": "Enfermería 2023",
    "año": 2023,
    "caso_clínico": "",
    "pregunta": "¿Qué indica una PA de 80/40 mmHg?",
    "opciones": {
      "opcion a": "Hipertensión leve.",
      "opcion b": "Hipotensión severa.",
      "opcion c": "Presión normal.",
      "opcion d": "Normotensión adaptativa."
    },
    "respuesta_correcta": "opcion b"
  },
  {
    "id": 28,
    "tema": "Enfermería 2023",
    "año": 2023,
    "caso_clínico": "",
    "pregunta": "¿Cuál es el primer paso del triage?",
    "opciones": {
      "opcion a": "Evaluar la gravedad.",
      "opcion b": "Tomar datos administrativos.",
      "opcion c": "Pesar al paciente.",
      "opcion d": "Llamar a familiares."
    },
    "respuesta_correcta": "opcion a"
  },
  {
    "id": 29,
    "tema": "Enfermería 2023",
    "año": 2023,
    "caso_clínico": "",
    "pregunta": "¿Qué complicación puede causar un CVP sin control?",
    "opciones": {
      "opcion a": "Flebitis.",
      "opcion b": "Aumento muscular.",
      "opcion c": "Hiperreflexia.",
      "opcion d": "Hipermetabolismo."
    },
    "respuesta_correcta": "opcion a"
  },
  {
    "id": 30,
    "tema": "Enfermería 2023",
    "año": 2023,
    "caso_clínico": "",
    "pregunta": "¿Cuál es el sitio ideal para medir pulso periférico?",
    "opciones": {
      "opcion a": "Radial.",
      "opcion b": "Occipital.",
      "opcion c": "Intercostal.",
      "opcion d": "Umbilical."
    },
    "respuesta_correcta": "opcion a"
  },
  {
    "id": 41,
    "tema": "Enfermería 2023",
    "año": 2023,
    "caso_clínico": "",
    "pregunta": "¿Cuál es la función del sodio?",
    "opciones": {
      "opcion a": "Producir hormonas tiroideas.",
      "opcion b": "Regular el ritmo circadiano.",
      "opcion c": "Aumentar la respuesta inmune.",
      "opcion d": "Mantener el equilibrio hídrico y osmótico."
    },
    "respuesta_correcta": "opcion d"
  },
  {
    "id": 42,
    "tema": "Enfermería 2023",
    "año": 2023,
    "caso_clínico": "",
    "pregunta": "¿Qué indica una FR de 10 rpm en adulto?",
    "opciones": {
      "opcion a": "Apnea intermitente.",
      "opcion b": "Eupnea.",
      "opcion c": "Bradipnea.",
      "opcion d": "Taquipnea."
    },
    "respuesta_correcta": "opcion c"
  },
  {
    "id": 43,
    "tema": "Enfermería 2023",
    "año": 2023,
    "caso_clínico": "",
    "pregunta": "¿Cuál es una contraindicación para vía intramuscular?",
    "opciones": {
      "opcion a": "Paciente con trastorno severo de coagulación.",
      "opcion b": "Paciente con fiebre leve.",
      "opcion c": "Dolor muscular previo.",
      "opcion d": "Alergia ambiental."
    },
    "respuesta_correcta": "opcion a"
  },
  {
    "id": 44,
    "tema": "Enfermería 2023",
    "año": 2023,
    "caso_clínico": "",
    "pregunta": "¿Qué es la perfusión tisular?",
    "opciones": {
      "opcion a": "Control térmico.",
      "opcion b": "Contracción muscular constante.",
      "opcion c": "Eliminación renal exclusiva.",
      "opcion d": "Aporte adecuado de sangre a los tejidos."
    },
    "respuesta_correcta": "opcion d"
  },
  {
    "id": 45,
    "tema": "Enfermería 2023",
    "año": 2023,
    "caso_clínico": "",
    "pregunta": "¿Qué indica un lactante con llanto débil y piel fría?",
    "opciones": {
      "opcion a": "Somnolencia fisiológica.",
      "opcion b": "Fatiga normal.",
      "opcion c": "Hambre.",
      "opcion d": "Signos de shock."
    },
    "respuesta_correcta": "opcion d"
  },
  {
    "id": 46,
    "tema": "Enfermería 2023",
    "año": 2023,
    "caso_clínico": "",
    "pregunta": "¿Qué evalúa la escala de Glasgow?",
    "opciones": {
      "opcion a": "Temperatura corporal.",
      "opcion b": "Fuerza muscular.",
      "opcion c": "Nivel de dolor.",
      "opcion d": "Nivel de conciencia."
    },
    "respuesta_correcta": "opcion d"
  },
  {
    "id": 47,
    "tema": "Enfermería 2023",
    "año": 2023,
    "caso_clínico": "",
    "pregunta": "¿Cuál es la principal complicación de un catéter urinario?",
    "opciones": {
      "opcion a": "aumento de peso.",
      "opcion b": "Hiperreflexia.",
      "opcion c": "Hipotensión.",
      "opcion d": "Infección urinaria."
    },
    "respuesta_correcta": "opcion d"
  },
  {
    "id": 48,
    "tema": "Enfermería 2023",
    "año": 2023,
    "caso_clínico": "",
    "pregunta": "¿Qué indica una saturación de 92%?",
    "opciones": {
      "opcion a": "Nivel normal alto.",
      "opcion b": "Hipoxemia severa.",
      "opcion c": "Cianosis grave.",
      "opcion d": "Límite inferior aceptable."
    },
    "respuesta_correcta": "opcion d"
  },
  {
    "id": 49,
    "tema": "Enfermería 2023",
    "año": 2023,
    "caso_clínico": "",
    "pregunta": "¿Qué tipo de aislamiento requiere tuberculosis activa?",
    "opciones": {
      "opcion a": "Estricto digestivo.",
      "opcion b": "Respiratorio.",
      "opcion c": "Por gotas.",
      "opcion d": "Por contacto."
    },
    "respuesta_correcta": "opcion b"
  },
  {
    "id": 50,
    "tema": "Enfermería 2023",
    "año": 2023,
    "caso_clínico": "",
    "pregunta": "¿Qué significa “disfagia”?",
    "opciones": {
      "opcion a": "Dificultad para respirar.",
      "opcion b": "Dolor abdominal.",
      "opcion c": "Diarrea aguda.",
      "opcion d": "Dificultad para tragar."
    },
    "respuesta_correcta": "opcion d"
  },
  {
    "id": 51,
    "tema": "Enfermería 2023",
    "año": 2023,
    "caso_clínico": "",
    "pregunta": "¿Qué intervención previene el estreñimiento?",
    "opciones": {
      "opcion a": "Tomar menos líquidos.",
      "opcion b": "Evitar verduras.",
      "opcion c": "Reducir la actividad física.",
      "opcion d": "Aumentar hidratación y fibra."
    },
    "respuesta_correcta": "opcion d"
  },
  {
    "id": 52,
    "tema": "Enfermería 2023",
    "año": 2023,
    "caso_clínico": "",
    "pregunta": "¿Qué indica un abdomen rígido, defensa y dolor intenso?",
    "opciones": {
      "opcion a": "Abdomen agudo.",
      "opcion b": "Estreñimiento común.",
      "opcion c": "Meteorismo leve.",
      "opcion d": "Digestión incompleta."
    },
    "respuesta_correcta": "opcion a"
  },
  {
    "id": 53,
    "tema": "Enfermería 2023",
    "año": 2023,
    "caso_clínico": "",
    "pregunta": "¿Qué parámetro evalúa la perfusión periférica?",
    "opciones": {
      "opcion a": "Peso corporal.",
      "opcion b": "Perímetro cefálico.",
      "opcion c": "Temperatura ambiental.",
      "opcion d": "Llenado capilar."
    },
    "respuesta_correcta": "opcion d"
  },
  {
    "id": 54,
    "tema": "Enfermería 2023",
    "año": 2023,
    "caso_clínico": "",
    "pregunta": "¿Qué valor indica hipertensión?",
    "opciones": {
      "opcion a": "110/70.",
      "opcion b": "90/60.",
      "opcion c": "120/80.",
      "opcion d": "≥140/90 mmHg."
    },
    "respuesta_correcta": "opcion d"
  },
  {
    "id": 55,
    "tema": "Enfermería 2023",
    "año": 2023,
    "caso_clínico": "",
    "pregunta": "¿Qué significa “enteral”?",
    "opciones": {
      "opcion a": "Administración pulmonar.",
      "opcion b": "Administración intradérmica.",
      "opcion c": "Administración subcutánea.",
      "opcion d": "Administración por tracto digestivo."
    },
    "respuesta_correcta": "opcion d"
  },
  {
    "id": 56,
    "tema": "Enfermería 2023",
    "año": 2023,
    "caso_clínico": "",
    "pregunta": "¿Qué indica un aumento brusco de temperatura en un niño?",
    "opciones": {
      "opcion a": "Hipotermia leve.",
      "opcion b": "Golpe de calor siempre.",
      "opcion c": "Resfrío común sin relevancia.",
      "opcion d": "Fiebre."
    },
    "respuesta_correcta": "opcion d"
  },
  {
    "id": 57,
    "tema": "Enfermería 2023",
    "año": 2023,
    "caso_clínico": "",
    "pregunta": "¿Cuál es el primer signo de hipovolemia?",
    "opciones": {
      "opcion a": "Eritema.",
      "opcion b": "Dolor muscular.",
      "opcion c": "Hipertensión.",
      "opcion d": "Taquicardia."
    },
    "respuesta_correcta": "opcion d"
  },
  {
    "id": 58,
    "tema": "Enfermería 2023",
    "año": 2023,
    "caso_clínico": "",
    "pregunta": "¿Qué se debe monitorear en un paciente que recibe morfina?",
    "opciones": {
      "opcion a": "Aumento de apetito.",
      "opcion b": "Fiebre leve.",
      "opcion c": "Sudoración fría.",
      "opcion d": "Depresión respiratoria."
    },
    "respuesta_correcta": "opcion d"
  },
  {
    "id": 59,
    "tema": "Enfermería 2023",
    "año": 2023,
    "caso_clínico": "",
    "pregunta": "¿Qué indica un pulso débil y rápido?",
    "opciones": {
      "opcion a": "Estado saludable.",
      "opcion b": "Estado febril normal.",
      "opcion c": "Relajación profunda.",
      "opcion d": "Shock o hipovolemia."
    },
    "respuesta_correcta": "opcion d"
  },
  {
    "id": 60,
    "tema": "Enfermería 2023",
    "año": 2023,
    "caso_clínico": "",
    "pregunta": "¿Qué complicación puede producir un apósito demasiado ajustado?",
    "opciones": {
      "opcion a": "Aceleración del metabolismo.",
      "opcion b": "Aumento de temperatura corporal.",
      "opcion c": "Hiperhidratación.",
      "opcion d": "Isquemia."
    },
    "respuesta_correcta": "opcion d"
  },
  {
    "id": 61,
    "tema": "Enfermería 2023",
    "año": 2023,
    "caso_clínico": "",
    "pregunta": "¿Qué indica una glucemia de 50 mg/dL?",
    "opciones": {
      "opcion a": "Hiperglucemia leve.",
      "opcion b": "Insuficiencia renal.",
      "opcion c": "Valor normal.",
      "opcion d": "Hipoglucemia."
    },
    "respuesta_correcta": "opcion d"
  },
  {
    "id": 62,
    "tema": "Enfermería 2023",
    "año": 2023,
    "caso_clínico": "",
    "pregunta": "¿Qué vía se usa en vacunación?",
    "opciones": {
      "opcion a": "Intradérmica obligatoria.",
      "opcion b": "Oral en todas.",
      "opcion c": "Intranasal en todas.",
      "opcion d": "Intramuscular o subcutánea según vacuna."
    },
    "respuesta_correcta": "opcion d"
  },
  {
    "id": 63,
    "tema": "Enfermería 2023",
    "año": 2023,
    "caso_clínico": "",
    "pregunta": "¿Qué indica “anuria”?",
    "opciones": {
      "opcion a": "Orina abundante.",
      "opcion b": "Retención fecal.",
      "opcion c": "Ausencia casi total de orina.",
      "opcion d": "Orina espesa."
    },
    "respuesta_correcta": "opcion c"
  },
  {
    "id": 64,
    "tema": "Enfermería 2023",
    "año": 2023,
    "caso_clínico": "",
    "pregunta": "¿Qué parámetro sugiere infección?",
    "opciones": {
      "opcion a": "Plaquetas bajas.",
      "opcion b": "Leucocitos altos.",
      "opcion c": "Creatinina normal.",
      "opcion d": "Calcio elevado."
    },
    "respuesta_correcta": "opcion b"
  },
  {
    "id": 65,
    "tema": "Enfermería 2023",
    "año": 2023,
    "caso_clínico": "",
    "pregunta": "¿Qué es un antiséptico?",
    "opciones": {
      "opcion a": "Sustancia que reduce microorganismos en piel.",
      "opcion b": "Estimulante cardíaco.",
      "opcion c": "Antiinflamatorio muscular.",
      "opcion d": "Medicamento de uso oral."
    },
    "respuesta_correcta": "opcion a"
  },
  {
    "id": 66,
    "tema": "Enfermería 2023",
    "año": 2023,
    "caso_clínico": "",
    "pregunta": "¿Qué indica respiración de Cheyne-Stokes?",
    "opciones": {
      "opcion a": "Ventilación irregular con periodos de apnea.",
      "opcion b": "Hiperventilación continua.",
      "opcion c": "Apnea única.",
      "opcion d": "Movimientos respiratorios forzados."
    },
    "respuesta_correcta": "opcion a"
  },
  {
    "id": 67,
    "tema": "Enfermería 2023",
    "año": 2023,
    "caso_clínico": "",
    "pregunta": "¿Qué es la hipertermia?",
    "opciones": {
      "opcion a": "Elevación de la temperatura corporal.",
      "opcion b": "Pérdida de calor excesiva.",
      "opcion c": "Deshidratación leve.",
      "opcion d": "Hipoglucemia."
    },
    "respuesta_correcta": "opcion a"
  },
  {
    "id": 68,
    "tema": "Enfermería 2023",
    "año": 2023,
    "caso_clínico": "",
    "pregunta": "¿Qué indica un exudado seroso?",
    "opciones": {
      "opcion a": "Hemorragia interna.",
      "opcion b": "Líquido claro, típico de fase inicial de curación.",
      "opcion c": "Infección grave.",
      "opcion d": "Necrosis."
    },
    "respuesta_correcta": "opcion b"
  },
  {
    "id": 69,
    "tema": "Enfermería 2023",
    "año": 2023,
    "caso_clínico": "",
    "pregunta": "¿Qué parámetro evalúa el estado de hidratación?",
    "opciones": {
      "opcion a": "Fuerza muscular.",
      "opcion b": "Reflejo de tos.",
      "opcion c": "Acidez gástrica.",
      "opcion d": "Turgencia de la piel."
    },
    "respuesta_correcta": "opcion d"
  },
  {
    "id": 70,
    "tema": "Enfermería 2023",
    "año": 2023,
    "caso_clínico": "",
    "pregunta": "¿Qué indica una frecuencia cardíaca de 150 lpm?",
    "opciones": {
      "opcion a": "Arritmia benigna.",
      "opcion b": "Bradicardia.",
      "opcion c": "Taquicardia.",
      "opcion d": "Ritmo normal."
    },
    "respuesta_correcta": "opcion c"
  },
  {
    "id": 71,
    "tema": "Enfermería 2023",
    "año": 2023,
    "caso_clínico": "",
    "pregunta": "¿Qué complicación puede causar un apósito húmedo prolongado?",
    "opciones": {
      "opcion a": "Hipotensión.",
      "opcion b": "Fiebre.",
      "opcion c": "Maceración.",
      "opcion d": "Hiperglucemia."
    },
    "respuesta_correcta": "opcion c"
  },
  {
    "id": 72,
    "tema": "Enfermería 2023",
    "año": 2023,
    "caso_clínico": "",
    "pregunta": "¿Cuál es el riesgo de administrar potasio rápido IV?",
    "opciones": {
      "opcion a": "Visión borrosa leve.",
      "opcion b": "Hipotermia.",
      "opcion c": "Hiperglucemia.",
      "opcion d": "Arritmias letales."
    },
    "respuesta_correcta": "opcion d"
  },
  {
    "id": 73,
    "tema": "Enfermería 2023",
    "año": 2023,
    "caso_clínico": "",
    "pregunta": "¿Qué indica un RN con llanto fuerte y color rosado?",
    "opciones": {
      "opcion a": "Buena vitalidad.",
      "opcion b": "Asfixia.",
      "opcion c": "Sepsis neonatal.",
      "opcion d": "Hipoperfusión."
    },
    "respuesta_correcta": "opcion a"
  },
  {
    "id": 74,
    "tema": "Enfermería 2023",
    "año": 2023,
    "caso_clínico": "",
    "pregunta": "¿Qué intervención reduce el riesgo de broncoaspiración?",
    "opciones": {
      "opcion a": "Administrar alimentos muy rápido.",
      "opcion b": "Dar líquidos durante tos.",
      "opcion c": "Posición prono.",
      "opcion d": "Elevar cabecera 30–45°."
    },
    "respuesta_correcta": "opcion d"
  },
  {
    "id": 75,
    "tema": "Enfermería 2023",
    "año": 2023,
    "caso_clínico": "",
    "pregunta": "¿Cuál es la FR normal pediátrica (2–5 años)?",
    "opciones": {
      "opcion a": "5–9 rpm.",
      "opcion b": "20–30 rpm.",
      "opcion c": "40–60 rpm.",
      "opcion d": "10–12 rpm."
    },
    "respuesta_correcta": "opcion b"
  },
  {
    "id": 76,
    "tema": "Enfermería 2023",
    "año": 2023,
    "caso_clínico": "",
    "pregunta": "¿Qué significa “hematemesis”?",
    "opciones": {
      "opcion a": "Sangrado nasal.",
      "opcion b": "Sangre en orina.",
      "opcion c": "Sangrado rectal.",
      "opcion d": "Vómito con sangre."
    },
    "respuesta_correcta": "opcion d"
  },
  {
    "id": 77,
    "tema": "Enfermería 2023",
    "año": 2023,
    "caso_clínico": "",
    "pregunta": "¿Qué es una úlcera por presión estadio III?",
    "opciones": {
      "opcion a": "Enrojecimiento no blanqueable.",
      "opcion b": "Exposición ósea.",
      "opcion c": "Lesión superficial sin profundidad.",
      "opcion d": "Pérdida total de piel con daño del tejido subcutáneo."
    },
    "respuesta_correcta": "opcion d"
  },
  {
    "id": 78,
    "tema": "Enfermería 2023",
    "año": 2023,
    "caso_clínico": "",
    "pregunta": "¿Qué indica sudoración fría, palidez y pulso débil?",
    "opciones": {
      "opcion a": "Shock.",
      "opcion b": "Fiebre leve.",
      "opcion c": "Hambre.",
      "opcion d": "Estrés emocional."
    },
    "respuesta_correcta": "opcion a"
  },
  {
    "id": 79,
    "tema": "Enfermería 2023",
    "año": 2023,
    "caso_clínico": "",
    "pregunta": "¿Cuál es la mejor zona para punción capilar en adulto?",
    "opciones": {
      "opcion a": "Pulpejo del dedo.",
      "opcion b": "Ombligo.",
      "opcion c": "Oreja.",
      "opcion d": "Nariz."
    },
    "respuesta_correcta": "opcion a"
  },
  {
    "id": 80,
    "tema": "Enfermería 2023",
    "año": 2023,
    "caso_clínico": "",
    "pregunta": "¿Qué indica dolor torácico súbito?",
    "opciones": {
      "opcion a": "Mala postura.",
      "opcion b": "Dolor muscular leve.",
      "opcion c": "Posible evento cardíaco.",
      "opcion d": "Gases."
    },
    "respuesta_correcta": "opcion c"
  },
  {
    "id": 81,
    "tema": "Enfermería 2023",
    "año": 2023,
    "caso_clínico": "",
    "pregunta": "¿Qué se debe evaluar en un paciente con diuréticos?",
    "opciones": {
      "opcion a": "Reflejo de tos.",
      "opcion b": "Balance hídrico.",
      "opcion c": "Llenado gástrico.",
      "opcion d": "Coloración ocular."
    },
    "respuesta_correcta": "opcion b"
  },
  {
    "id": 82,
    "tema": "Enfermería 2023",
    "año": 2023,
    "caso_clínico": "",
    "pregunta": "¿Qué indica taquipnea persistente?",
    "opciones": {
      "opcion a": "Insuficiencia respiratoria inicial.",
      "opcion b": "Estado de relajación.",
      "opcion c": "Hidratación adecuada.",
      "opcion d": "Dolor abdominal."
    },
    "respuesta_correcta": "opcion a"
  },
  {
    "id": 83,
    "tema": "Enfermería 2023",
    "año": 2023,
    "caso_clínico": "",
    "pregunta": "¿Qué indican los estertores pulmonares?",
    "opciones": {
      "opcion a": "Resfrío común.",
      "opcion b": "Líquido en los alvéolos.",
      "opcion c": "Aire atrapado en abdomen.",
      "opcion d": "Hipotermia."
    },
    "respuesta_correcta": "opcion b"
  },
  {
    "id": 84,
    "tema": "Enfermería 2023",
    "año": 2023,
    "caso_clínico": "",
    "pregunta": "¿Para qué se usa la sonda Foley?",
    "opciones": {
      "opcion a": "Relajación muscular.",
      "opcion b": "Drenaje urinario.",
      "opcion c": "Drenaje gástrico.",
      "opcion d": "Ventilación mecánica."
    },
    "respuesta_correcta": "opcion b"
  },
  {
    "id": 85,
    "tema": "Enfermería 2023",
    "año": 2023,
    "caso_clínico": "",
    "pregunta": "¿Qué indica un hematocrito bajo?",
    "opciones": {
      "opcion a": "Deshidratación severa.",
      "opcion b": "Trombocitosis.",
      "opcion c": "Hemoconcentración.",
      "opcion d": "Anemia."
    },
    "respuesta_correcta": "opcion d"
  },
  {
    "id": 86,
    "tema": "Enfermería 2023",
    "año": 2023,
    "caso_clínico": "",
    "pregunta": "¿Qué es la bradicardia?",
    "opciones": {
      "opcion a": "Frecuencia cardíaca < 60 lpm.",
      "opcion b": "FR elevada.",
      "opcion c": "Presión alta.",
      "opcion d": "Fiebre."
    },
    "respuesta_correcta": "opcion a"
  },
  {
    "id": 87,
    "tema": "Enfermería 2023",
    "año": 2023,
    "caso_clínico": "",
    "pregunta": "¿Qué es la saturación de oxígeno?",
    "opciones": {
      "opcion a": "Presión intracraneal.",
      "opcion b": "Nivel de glucosa en sangre.",
      "opcion c": "Cantidad de dióxido de carbono exhalado.",
      "opcion d": "Porcentaje de hemoglobina unida a oxígeno."
    },
    "respuesta_correcta": "opcion d"
  },
  {
    "id": 88,
    "tema": "Enfermería 2023",
    "año": 2023,
    "caso_clínico": "",
    "pregunta": "¿Qué es una arritmia?",
    "opciones": {
      "opcion a": "Ritmo cardíaco anormal.",
      "opcion b": "Aumento de temperatura.",
      "opcion c": "Diarrea aguda.",
      "opcion d": "Infección urinaria."
    },
    "respuesta_correcta": "opcion a"
  },
  {
    "id": 89,
    "tema": "Enfermería 2023",
    "año": 2023,
    "caso_clínico": "",
    "pregunta": "¿Qué indica hipotermia?",
    "opciones": {
      "opcion a": "Hiperglucemia.",
      "opcion b": "Fiebre moderada.",
      "opcion c": "Temperatura 36.8 °C.",
      "opcion d": "Temperatura < 35 °C."
    },
    "respuesta_correcta": "opcion d"
  },
  {
    "id": 90,
    "tema": "Enfermería 2023",
    "año": 2023,
    "caso_clínico": "",
    "pregunta": "¿Cuál es la principal función del oxígeno suplementario?",
    "opciones": {
      "opcion a": "Reducir temperatura corporal.",
      "opcion b": "Aumentar presión arterial.",
      "opcion c": "Regular glucemia.",
      "opcion d": "Revertir la hipoxemia."
    },
    "respuesta_correcta": "opcion d"
  },
  {
    "id": 91,
    "tema": "Enfermería 2023",
    "año": 2023,
    "caso_clínico": "",
    "pregunta": "¿Qué indica cianosis central?",
    "opciones": {
      "opcion a": "Hiperglucemia.",
      "opcion b": "Anemia.",
      "opcion c": "Fiebre leve.",
      "opcion d": "Hipoxemia severa."
    },
    "respuesta_correcta": "opcion d"
  },
  {
    "id": 92,
    "tema": "Enfermería 2023",
    "año": 2023,
    "caso_clínico": "",
    "pregunta": "¿Qué es la anafilaxia?",
    "opciones": {
      "opcion a": "Reacción alérgica grave, de rápida progresión.",
      "opcion b": "Alergia leve.",
      "opcion c": "Intolerancia alimentaria.",
      "opcion d": "Infección cutánea."
    },
    "respuesta_correcta": "opcion a"
  },
  {
    "id": 93,
    "tema": "Enfermería 2023",
    "año": 2023,
    "caso_clínico": "",
    "pregunta": "¿Cuál es la prioridad ante convulsiones?",
    "opciones": {
      "opcion a": "Sujetarlo con fuerza.",
      "opcion b": "Colocar objetos en la boca.",
      "opcion c": "Administrar agua.",
      "opcion d": "Proteger la cabeza del paciente."
    },
    "respuesta_correcta": "opcion d"
  },
  {
    "id": 94,
    "tema": "Enfermería 2023",
    "año": 2023,
    "caso_clínico": "",
    "pregunta": "¿Qué indica orina oscura y escasa?",
    "opciones": {
      "opcion a": "Deshidratación.",
      "opcion b": "Hiperhidratación.",
      "opcion c": "Ingesta abundante de agua.",
      "opcion d": "Buena perfusión."
    },
    "respuesta_correcta": "opcion a"
  },
  {
    "id": 95,
    "tema": "Enfermería 2023",
    "año": 2023,
    "caso_clínico": "",
    "pregunta": "¿Qué indica una respiración ruidosa tipo “roncus”?",
    "opciones": {
      "opcion a": "Apnea.",
      "opcion b": "Secreciones en vías aéreas grandes.",
      "opcion c": "Digestión incompleta.",
      "opcion d": "Colapso pulmonar."
    },
    "respuesta_correcta": "opcion b"
  },
  {
    "id": 96,
    "tema": "Enfermería 2023",
    "año": 2023,
    "caso_clínico": "",
    "pregunta": "¿Qué indica un hematoma duro y doloroso en zona de inyección?",
    "opciones": {
      "opcion a": "Dolor muscular pasajero.",
      "opcion b": "Cicatrización normal.",
      "opcion c": "Buena absorción del medicamento.",
      "opcion d": "Posible infiltración."
    },
    "respuesta_correcta": "opcion d"
  },
  {
    "id": 97,
    "tema": "Enfermería 2023",
    "año": 2023,
    "caso_clínico": "",
    "pregunta": "¿Qué debe hacerse ante vómitos persistentes?",
    "opciones": {
      "opcion a": "Valorar hidratación y electrolitos.",
      "opcion b": "Suspender líquidos totalmente.",
      "opcion c": "Aumentar ingesta de alimentos sólidos.",
      "opcion d": "Administrar analgésicos sin indicación."
    },
    "respuesta_correcta": "opcion a"
  },
  {
    "id": 98,
    "tema": "Enfermería 2023",
    "año": 2023,
    "caso_clínico": "",
    "pregunta": "¿Cuál es el riesgo de la inmovilización prolongada?",
    "opciones": {
      "opcion a": "Hipertensión.",
      "opcion b": "Úlceras por presión.",
      "opcion c": "Hiperactividad.",
      "opcion d": "Aumento de apetito."
    },
    "respuesta_correcta": "opcion b"
  },
  {
    "id": 99,
    "tema": "Enfermería 2023",
    "año": 2023,
    "caso_clínico": "",
    "pregunta": "¿Qué indica FR mayor a 30 rpm?",
    "opciones": {
      "opcion a": "Eupnea.",
      "opcion b": "Bradipnea.",
      "opcion c": "Taquipnea.",
      "opcion d": "Apnea parcial."
    },
    "respuesta_correcta": "opcion c"
  },
  {
    "id": 100,
    "tema": "Enfermería 2023",
    "año": 2023,
    "caso_clínico": "",
    "pregunta": "¿Qué se debe hacer ante un paro cardiorrespiratorio?",
    "opciones": {
      "opcion a": "Iniciar RCP inmediata.",
      "opcion b": "Sacudir al paciente vigorosamente.",
      "opcion c": "Buscar documentación del paciente.",
      "opcion d": "Esperar al médico sin actuar."
    },
    "respuesta_correcta": "opcion a"
  }
]