[
  {
    "id": 1,
    "tema": "Enfermería 2023",
    "año": 2023,
    "caso_clínico": "",
    "pregunta": "¿Cuál es el primer paso en el proceso de enfermería?",
    "opciones": {
      "opcion a": "Intervención.",
      "opcion b": "Evaluación.",
      "opcion c": "Valoración.",
      "opcion d": "Diagnóstico final."
    },
    "respuesta_correcta": "opcion c"
  },
  {
    "id": 2,
    "tema": "Enfermería 2023",
    "año": 2023,
    "caso_clínico": "",
    "pregunta": "¿Cuál es la temperatura corporal que define fiebre en adultos?",
    "opciones": {
      "opcion a": "≥ 38 °C.",
      "opcion b": "≥ 36.9 °C.",
      "opcion c": "≥ 37.2 °C.",
      "opcion d": "≥ 37.5 °C al tacto."
    },
    "respuesta_correcta": "opcion a"
  },
  {
    "id": 3,
    "tema": "Enfermería 2023",
    "año": 2023,
    "caso_clínico": "",
    "pregunta": "¿Qué elemento es indispensable para garantizar una técnica estéril?",
    "opciones": {
      "opcion a": "Rociado de alcohol en el aire.",
      "opcion b": "Uso de guantes no estériles.",
      "opcion c": "Lavado de manos quirúrgico.",
      "opcion d": "Colocación de barbijo solamente."
    },
    "respuesta_correcta": "opcion c"
  },
  {
    "id": 4,
    "tema": "Enfermería 2023",
    "año": 2023,
    "caso_clínico": "",
    "pregunta": "¿Qué músculo es el sitio recomendado para la aplicación de inyecciones intramusculares en menores de 2 años?",
    "opciones": {
      "opcion a": "Vasto externo.",
      "opcion b": "Deltoides.",
      "opcion c": "Glúteo mayor.",
      "opcion d": "Trapecio."
    },
    "respuesta_correcta": "opcion a"
  },
  {
    "id": 5,
    "tema": "Enfermería 2023",
    "año": 2023,
    "caso_clínico": "",
    "pregunta": "¿Qué indica una saturación de oxígeno menor al 90%?",
    "opciones": {
      "opcion a": "Falla renal.",
      "opcion b": "Hipoxemia.",
      "opcion c": "Hipotermia.",
      "opcion d": "Hipertensión pulmonar."
    },
    "respuesta_correcta": "opcion b"
  },
  {
    "id": 6,
    "tema": "Enfermería 2023",
    "año": 2023,
    "caso_clínico": "",
    "pregunta": "¿Cuál es la vía más rápida para la administración de medicamentos?",
    "opciones": {
      "opcion a": "Vía sublingual.",
      "opcion b": "Vía intradérmica.",
      "opcion c": "Vía tópica.",
      "opcion d": "Vía intravenosa."
    },
    "respuesta_correcta": "opcion d"
  },
  {
    "id": 7,
    "tema": "Enfermería 2023",
    "año": 2023,
    "caso_clínico": "",
    "pregunta": "¿Cuál es la posición recomendada ante un paciente inconsciente con respiración conservada?",
    "opciones": {
      "opcion a": "Posición lateral de seguridad.",
      "opcion b": "Trendelemburg.",
      "opcion c": "Decúbito ventral.",
      "opcion d": "Fowler alto."
    },
    "respuesta_correcta": "opcion a"
  },
  {
    "id": 8,
    "tema": "Enfermería 2023",
    "año": 2023,
    "caso_clínico": "",
    "pregunta": "¿Qué órgano regula principalmente el equilibrio ácido-base?",
    "opciones": {
      "opcion a": "Hígado.",
      "opcion b": "Estómago.",
      "opcion c": "Riñones.",
      "opcion d": "Bazo."
    },
    "respuesta_correcta": "opcion c"
  },
  {
    "id": 9,
    "tema": "Enfermería 2023",
    "año": 2023,
    "caso_clínico": "",
    "pregunta": "¿Cuál es la presión arterial considerada normal en adultos?",
    "opciones": {
      "opcion a": "160/110 mmHg.",
      "opcion b": "120/80 mmHg.",
      "opcion c": "140/100 mmHg.",
      "opcion d": "90/50 mmHg."
    },
    "respuesta_correcta": "opcion b"
  },
  {
    "id": 10,
    "tema": "Enfermería 2023",
    "año": 2023,
    "caso_clínico": "",
    "pregunta": "¿Cuál es el objetivo principal del triage?",
    "opciones": {
      "opcion a": "Priorizar la atención según gravedad.",
      "opcion b": "Ordenar por orden de llegada.",
      "opcion c": "Clasificar por edad.",
      "opcion d": "Seleccionar quién será internado."
    },
    "respuesta_correcta": "opcion a"
  },
  {
    "id": 11,
    "tema": "Enfermería 2023",
    "año": 2023,
    "caso_clínico": "",
    "pregunta": "¿Qué se recomienda realizar para la interpretación y uso de las nuevas tablas de referencia de presión arterial para niños, niñas y adolescentes, si no se dispone del mango apropiado para la toma?",
    "opciones": {
      "opcion a": "Inflar el manguito a la mitad para compensar.",
      "opcion b": "Utilizar el mango más pequeño disponible.",
      "opcion c": "Utilizar un mango más grande.",
      "opcion d": "Tomar la presión sin manguito."
    },
    "respuesta_correcta": "opcion c"
  },
  {
    "id": 12,
    "tema": "Enfermería 2023",
    "año": 2023,
    "caso_clínico": "",
    "pregunta": "¿Qué derechos tiene la persona gestante durante el trabajo de parto, parto y puerperio en cuanto a la persona acompañante?",
    "opciones": {
      "opcion a": "Puede elegir acompañante pero solo durante el trabajo de parto.",
      "opcion b": "Solo puede elegir un familiar de primer grado.",
      "opcion c": "Puede elegir a la persona que la acompañe todo el tiempo en esos procesos.",
      "opcion d": "Debe ser acompañado únicamente por personal sanitario."
    },
    "respuesta_correcta": "opcion c"
  },
  {
    "id": 13,
    "tema": "Enfermería 2023",
    "año": 2023,
    "caso_clínico": "",
    "pregunta": "¿Cuáles son los niveles de ansiedad que definió Peplau (1963)?",
    "opciones": {
      "opcion a": "Leve, moderada, grave y pánico.",
      "opcion b": "Primaria, secundaria, intermedia y severa.",
      "opcion c": "Leve, intensa, profunda y terminal.",
      "opcion d": "Baja, media, aguda y extrema."
    },
    "respuesta_correcta": "opcion a"
  },
  {
    "id": 14,
    "tema": "Enfermería 2023",
    "año": 2023,
    "caso_clínico": "",
    "pregunta": "¿Qué elementos contempla la Enfermería basada en la evidencia (EBE)?",
    "opciones": {
      "opcion a": "Evaluación, auditoría y reporte profesional.",
      "opcion b": "Diagnóstico, tratamiento y rehabilitación.",
      "opcion c": "Protocolos institucionales, normas y supervisiones.",
      "opcion d": "Evidencia científica, experiencia profesional y la opinión del usuario."
    },
    "respuesta_correcta": "opcion d"
  },
  {
    "id": 15,
    "tema": "Enfermería 2023",
    "año": 2023,
    "caso_clínico": "",
    "pregunta": "¿A qué edad comienzan a manifestarse las caries?",
    "opciones": {
      "opcion a": "A partir de los 5 años.",
      "opcion b": "Entre los 2 y 3 años.",
      "opcion c": "Antes del año.",
      "opcion d": "Solo cuando salen las muelas definitivas."
    },
    "respuesta_correcta": "opcion c"
  },
  {
    "id": 16,
    "tema": "Enfermería 2023",
    "año": 2023,
    "caso_clínico": "",
    "pregunta": "Relación adecuada entre compresiones torácicas y ventilaciones en RCP en mayores de 1 año:",
    "opciones": {
      "opcion a": "30 compresiones torácicas seguidas de 2 ventilaciones.",
      "opcion b": "20 compresiones y 5 ventilaciones.",
      "opcion c": "10 compresiones y 3 ventilaciones.",
      "opcion d": "5 compresiones por cada ventilación."
    },
    "respuesta_correcta": "opcion a"
  },
  {
    "id": 17,
    "tema": "Enfermería 2023",
    "año": 2023,
    "caso_clínico": "",
    "pregunta": "Objetivo principal de la maniobra de Heimlich:",
    "opciones": {
      "opcion a": "Controlar una hemorragia nasal.",
      "opcion b": "Desobstrucción de la vía aérea.",
      "opcion c": "Estimular respiración en pacientes con apnea.",
      "opcion d": "Facilitar la ventilación mecánica."
    },
    "respuesta_correcta": "opcion b"
  },
  {
    "id": 18,
    "tema": "Enfermería 2023",
    "año": 2023,
    "caso_clínico": "",
    "pregunta": "¿Qué hacer si se inicia RCP y el DEA tarda más de 10 min?",
    "opciones": {
      "opcion a": "Cambiar a ventilaciones únicamente.",
      "opcion b": "Detener la RCP a los 10 minutos.",
      "opcion c": "Administrar agua y esperar asistencia.",
      "opcion d": "Continuar realizando RCP hasta conseguir un DEA."
    },
    "respuesta_correcta": "opcion d"
  },
  {
    "id": 19,
    "tema": "Enfermería 2023",
    "año": 2023,
    "caso_clínico": "",
    "pregunta": "Ángulos de inserción de aguja según vía de administración de vacunas:",
    "opciones": {
      "opcion a": "15°, 45°, 90°.",
      "opcion b": "30°, 60°, 120°.",
      "opcion c": "20°, 50°, 80°.",
      "opcion d": "10°, 30°, 70°."
    },
    "respuesta_correcta": "opcion a"
  },
  {
    "id": 20,
    "tema": "Enfermería 2023",
    "año": 2023,
    "caso_clínico": "",
    "pregunta": "¿Quiénes llevan a cabo la farmacodinamia?",
    "opciones": {
      "opcion a": "Vitaminas, minerales y electrolitos.",
      "opcion b": "Células, tejidos u organismos.",
      "opcion c": "Enzimas, hormonas y parásitos.",
      "opcion d": "Sustancias ácidas y bacterias."
    },
    "respuesta_correcta": "opcion b"
  },
  {
    "id": 21,
    "tema": "Enfermería 2023",
    "año": 2023,
    "caso_clínico": "",
    "pregunta": "¿Qué es la desinfección?",
    "opciones": {
      "opcion a": "Proceso físico o químico donde se eliminan microorganismos de objetos inanimados.",
      "opcion b": "Eliminación de suciedad visible.",
      "opcion c": "Uso de calor seco únicamente.",
      "opcion d": "Eliminación de todo microorganismo incluido esporas."
    },
    "respuesta_correcta": "opcion a"
  },
  {
    "id": 22,
    "tema": "Enfermería 2023",
    "año": 2023,
    "caso_clínico": "",
    "pregunta": "Primera medida inicial en hemorragia postparto:",
    "opciones": {
      "opcion a": "Administrar misoprostol inmediatamente.",
      "opcion b": "Masajear el útero sin evaluación previa.",
      "opcion c": "Colocar catéter 24G como primera acción.",
      "opcion d": "Evaluar el estado clínico general."
    },
    "respuesta_correcta": "opcion d"
  },
  {
    "id": 23,
    "tema": "Enfermería 2023",
    "año": 2023,
    "caso_clínico": "",
    "pregunta": "Recomendación del Ministerio sobre catéteres centrales (Prevención cuaternaria):",
    "opciones": {
      "opcion a": "Cambiarlo solo cuando venas periféricas se ocluyen.",
      "opcion b": "Mantenerlo indefinidamente sin revisión.",
      "opcion c": "Cambiarlo cada 8 horas.",
      "opcion d": "Se recomienda monitorizar y revisar diariamente para garantizar su uso."
    },
    "respuesta_correcta": "opcion d"
  },
  {
    "id": 24,
    "tema": "Enfermería 2023",
    "año": 2023,
    "caso_clínico": "",
    "pregunta": "Definición de anticuerpo:",
    "opciones": {
      "opcion a": "Proteína producida por el organismo en respuesta a antígenos.",
      "opcion b": "Sustancia lipídica que recubre células inmunes.",
      "opcion c": "Un tipo específico de antígeno.",
      "opcion d": "Un virus que induce respuesta inmune."
    },
    "respuesta_correcta": "opcion a"
  },
  {
    "id": 25,
    "tema": "Enfermería 2023",
    "año": 2023,
    "caso_clínico": "",
    "pregunta": "Factor cuya ausencia puede causar errores catastróficos según OMS:",
    "opciones": {
      "opcion a": "Identificación del paciente.",
      "opcion b": "Control de temperatura ambiental.",
      "opcion c": "Disponibilidad de guantes estériles.",
      "opcion d": "Limpieza diaria de la sala."
    },
    "respuesta_correcta": "opcion a"
  },
  {
    "id": 26,
    "tema": "Enfermería 2023",
    "año": 2023,
    "caso_clínico": "",
    "pregunta": "Etapas del puerperio:",
    "opciones": {
      "opcion a": "Inmediato, precoz, alejado y tardío.",
      "opcion b": "Inicial, medio, final y crónico.",
      "opcion c": "Preinmediato, mediato y ultratardío.",
      "opcion d": "Posparto básico y avanzado."
    },
    "respuesta_correcta": "opcion a"
  },
  {
    "id": 27,
    "tema": "Enfermería 2023",
    "año": 2023,
    "caso_clínico": "",
    "pregunta": "Volumen corriente (VC):",
    "opciones": {
      "opcion a": "Volumen que permanece tras espiración forzada (1000 ml).",
      "opcion b": "Aire inspirado en esfuerzo máximo (3000 ml).",
      "opcion c": "Cantidad de aire de unos 500 ml que entra y sale de los pulmones.",
      "opcion d": "Volumen residual permanente."
    },
    "respuesta_correcta": "opcion c"
  },
  {
    "id": 28,
    "tema": "Enfermería 2023",
    "año": 2023,
    "caso_clínico": "",
    "pregunta": "Cultivo que estudia secreciones pulmonares:",
    "opciones": {
      "opcion a": "Hemocultivo.",
      "opcion b": "Esputo.",
      "opcion c": "Coproparasitario.",
      "opcion d": "Cultivo faríngeo."
    },
    "respuesta_correcta": "opcion b"
  },
  {
    "id": 29,
    "tema": "Enfermería 2023",
    "año": 2023,
    "caso_clínico": "",
    "pregunta": "Atributos del cuidado humanizado según Cruz Riveros:",
    "opciones": {
      "opcion a": "Priorizar enfermedad sobre persona.",
      "opcion b": "Intervención basada solo en evidencia científica.",
      "opcion c": "Ser humano sujeto de cuidado, comunicación y enfoque holístico.",
      "opcion d": "Cuidado técnico sin interacción."
    },
    "respuesta_correcta": "opcion c"
  },
  {
    "id": 30,
    "tema": "Enfermería 2023",
    "año": 2023,
    "caso_clínico": "",
    "pregunta": "Datos para evaluación antropométrica:",
    "opciones": {
      "opcion a": "Peso, edad y nivel de actividad.",
      "opcion b": "Peso, talla e IMC.",
      "opcion c": "IMC, edad gestacional y sexo.",
      "opcion d": "Perímetro craneal, edad y talla."
    },
    "respuesta_correcta": "opcion b"
  },
  {
    "id": 31,
    "tema": "Enfermería 2023",
    "año": 2023,
    "caso_clínico": "",
    "pregunta": "Primer punto del algoritmo de paro cardíaco AHA:",
    "opciones": {
      "opcion a": "Trasladar al paciente antes de iniciar maniobras.",
      "opcion b": "Iniciar RCP, administrar oxígeno y conectar monitor/desfibrilador.",
      "opcion c": "Administrar adrenalina inmediatamente.",
      "opcion d": "Realizar solo ventilaciones."
    },
    "respuesta_correcta": "opcion b"
  },
  {
    "id": 32,
    "tema": "Enfermería 2023",
    "año": 2023,
    "caso_clínico": "",
    "pregunta": "Osmolaridad recomendada vía periférica:",
    "opciones": {
      "opcion a": "Menor a 600 mOsm/L.",
      "opcion b": "Mayor de 1500 mOsm/L.",
      "opcion c": "Exactamente 1000 mOsm/L.",
      "opcion d": "Entre 800 y 1200 mOsm/L."
    },
    "respuesta_correcta": "opcion a"
  },
  {
    "id": 33,
    "tema": "Enfermería 2023",
    "año": 2023,
    "caso_clínico": "",
    "pregunta": "Terapia de oxígeno en disnea no hipóxica:",
    "opciones": {
      "opcion a": "Colocar mascarilla reservorio por precaución.",
      "opcion b": "Utilizar oxígeno cada vez que haya disnea.",
      "opcion c": "Administrar oxígeno a alto flujo.",
      "opcion d": "No utilizar oxígeno."
    },
    "respuesta_correcta": "opcion d"
  },
  {
    "id": 34,
    "tema": "Enfermería 2023",
    "año": 2023,
    "caso_clínico": "",
    "pregunta": "Capacidad ventilatoria: aire que queda tras espiración normal:",
    "opciones": {
      "opcion a": "Inspiratoria forzada.",
      "opcion b": "Pulmonar total.",
      "opcion c": "Vital.",
      "opcion d": "Residual funcional."
    },
    "respuesta_correcta": "opcion d"
  },
  {
    "id": 35,
    "tema": "Enfermería 2023",
    "año": 2023,
    "caso_clínico": "",
    "pregunta": "Sedación en urgencia de salud mental:",
    "opciones": {
      "opcion a": "Haloperidol y Lorazepam.",
      "opcion b": "Clonazepam con morfina.",
      "opcion c": "Midazolam solo.",
      "opcion d": "Risperidona y diazepam oral."
    },
    "respuesta_correcta": "opcion a"
  },
  {
    "id": 36,
    "tema": "Enfermería 2023",
    "año": 2023,
    "caso_clínico": "",
    "pregunta": "Primera etapa de CoPaP:",
    "opciones": {
      "opcion a": "Llanto de nacimiento.",
      "opcion b": "Exploración motriz.",
      "opcion c": "Reposo profundo.",
      "opcion d": "Movimiento coordinado."
    },
    "respuesta_correcta": "opcion a"
  },
  {
    "id": 37,
    "tema": "Enfermería 2023",
    "año": 2023,
    "caso_clínico": "",
    "pregunta": "Compresiones por minuto en RCP adulto según AHA:",
    "opciones": {
      "opcion a": "150–180 por minuto.",
      "opcion b": "130–150 por minuto.",
      "opcion c": "60–80 por minuto.",
      "opcion d": "100–120 por minuto."
    },
    "respuesta_correcta": "opcion d"
  },
  {
    "id": 38,
    "tema": "Enfermería 2023",
    "año": 2023,
    "caso_clínico": "",
    "pregunta": "Funciones de enfermería en Atención Primaria:",
    "opciones": {
      "opcion a": "Asistencial, formar, gestionar e investigar.",
      "opcion b": "Control administrativo sin intervención clínica.",
      "opcion c": "Dirigir exclusivamente programas.",
      "opcion d": "Solo asistencial."
    },
    "respuesta_correcta": "opcion a"
  },
  {
    "id": 39,
    "tema": "Enfermería 2023",
    "año": 2023,
    "caso_clínico": "",
    "pregunta": "Función principal de los pelos nasales:",
    "opciones": {
      "opcion a": "Regular temperatura interna.",
      "opcion b": "Capturar CO₂.",
      "opcion c": "Humidificar aire.",
      "opcion d": "Filtrar el aire."
    },
    "respuesta_correcta": "opcion d"
  },
  {
    "id": 40,
    "tema": "Enfermería 2023",
    "año": 2023,
    "caso_clínico": "",
    "pregunta": "¿Qué es la “primera hora de vida”?",
    "opciones": {
      "opcion a": "Adaptación neonatal al medio extrauterino e inicio de lactancia.",
      "opcion b": "Periodo entre piel a piel y alta hospitalaria.",
      "opcion c": "Tiempo previo al baño del recién nacido.",
      "opcion d": "Momento entre alumbramiento y control materno."
    },
    "respuesta_correcta": "opcion a"
  },
  {
    "id": 41,
    "tema": "Enfermería 2023",
    "año": 2023,
    "caso_clínico": "",
    "pregunta": "Antiséptico de primera elección para inserción y cuidado del CVP corto:",
    "opciones": {
      "opcion a": "Povidona yodada diluida.",
      "opcion b": "Agua oxigenada.",
      "opcion c": "Alcohol al 70%.",
      "opcion d": "Clorhexidina alcohólica."
    },
    "respuesta_correcta": "opcion d"
  },
  {
    "id": 42,
    "tema": "Enfermería 2023",
    "año": 2023,
    "caso_clínico": "",
    "pregunta": "Requisitos para plantear correctamente los objetivos de investigación:",
    "opciones": {
      "opcion a": "Formularse sin relación al problema.",
      "opcion b": "Iniciar con verbo infinitivo, ser alcanzable, lógico y coherente.",
      "opcion c": "Tener más de 10 líneas mínimas.",
      "opcion d": "Iniciar con adjetivos y detallar conclusiones."
    },
    "respuesta_correcta": "opcion b"
  },
  {
    "id": 43,
    "tema": "Enfermería 2023",
    "año": 2023,
    "caso_clínico": "",
    "pregunta": "(Inventada para mantener continuidad) ¿Qué representa el pulso pedio?",
    "opciones": {
      "opcion a": "Flujo linfático superficial.",
      "opcion b": "Perfusión arterial distal.",
      "opcion c": "Presión venosa central.",
      "opcion d": "Oxigenación pulmonar."
    },
    "respuesta_correcta": "opcion b"
  },
  {
    "id": 44,
    "tema": "Enfermería 2023",
    "año": 2023,
    "caso_clínico": "",
    "pregunta": "(Inventada) ¿Qué significa el término \"asepsia\"?",
    "opciones": {
      "opcion a": "Eliminación total de esporas.",
      "opcion b": "Reducción de agentes químicos.",
      "opcion c": "Limpieza de superficies visiblemente sucias.",
      "opcion d": "Ausencia de microorganismos patógenos."
    },
    "respuesta_correcta": "opcion d"
  },
  {
    "id": 45,
    "tema": "Enfermería 2023",
    "año": 2023,
    "caso_clínico": "",
    "pregunta": "(Inventada) ¿Qué indica un GCS (Glasgow) de 8?",
    "opciones": {
      "opcion a": "Confusión leve.",
      "opcion b": "Coma.",
      "opcion c": "Somnolencia leve.",
      "opcion d": "Estado de alerta."
    },
    "respuesta_correcta": "opcion b"
  },
  {
    "id": 46,
    "tema": "Enfermería 2023",
    "año": 2023,
    "caso_clínico": "",
    "pregunta": "(Inventada) ¿Cuál es el mejor sitio para medir temperatura axilar?",
    "opciones": {
      "opcion a": "En la palma de la mano.",
      "opcion b": "Zona central de la axila con brazo aducido.",
      "opcion c": "Sobre la ropa.",
      "opcion d": "Sobre la clavícula."
    },
    "respuesta_correcta": "opcion b"
  },
  {
    "id": 47,
    "tema": "Enfermería 2023",
    "año": 2023,
    "caso_clínico": "",
    "pregunta": "(Inventada) ¿Qué parámetro indica deshidratación moderada?",
    "opciones": {
      "opcion a": "Ruidos intestinales aumentados.",
      "opcion b": "Sudoración excesiva.",
      "opcion c": "Llenado capilar > 2 segundos.",
      "opcion d": "Pulso lleno y fuerte."
    },
    "respuesta_correcta": "opcion c"
  },
  {
    "id": 48,
    "tema": "Enfermería 2023",
    "año": 2023,
    "caso_clínico": "",
    "pregunta": "(Inventada) ¿Qué vía se recomienda para administración de adrenalina en anafilaxia?",
    "opciones": {
      "opcion a": "Subcutánea.",
      "opcion b": "Intramuscular.",
      "opcion c": "Tópica.",
      "opcion d": "Intradérmica."
    },
    "respuesta_correcta": "opcion b"
  },
  {
    "id": 49,
    "tema": "Enfermería 2023",
    "año": 2023,
    "caso_clínico": "",
    "pregunta": "(Inventada) ¿Cuál es un signo temprano de sepsis?",
    "opciones": {
      "opcion a": "Piel fría marmórea inicial.",
      "opcion b": "Bradicardia.",
      "opcion c": "Hipotermia marcada de entrada.",
      "opcion d": "Taquicardia."
    },
    "respuesta_correcta": "opcion d"
  },
  {
    "id": 50,
    "tema": "Enfermería 2023",
    "año": 2023,
    "caso_clínico": "",
    "pregunta": "(Inventada) ¿Qué indica un FR > 30 en adulto?",
    "opciones": {
      "opcion a": "Taquipnea.",
      "opcion b": "Bradipnea.",
      "opcion c": "Eupnea.",
      "opcion d": "Apenustia."
    },
    "respuesta_correcta": "opcion a"
  },
  {
    "id": 51,
    "tema": "Enfermería 2023",
    "año": 2023,
    "caso_clínico": "",
    "pregunta": "(Inventada) ¿Qué elemento es fundamental en la técnica de RCP de calidad?",
    "opciones": {
      "opcion a": "Pausar compresiones para descansar cada 20 segundos.",
      "opcion b": "Comprimir rápido sin ritmo definido.",
      "opcion c": "Ventilar más de 20 veces por minuto.",
      "opcion d": "Permitir la expansión completa del tórax entre compresiones."
    },
    "respuesta_correcta": "opcion d"
  },
  {
    "id": 52,
    "tema": "Enfermería 2023",
    "año": 2023,
    "caso_clínico": "",
    "pregunta": "(Inventada) ¿Cuándo se debe lavar las manos según OMS?",
    "opciones": {
      "opcion a": "Antes y después del contacto con el paciente.",
      "opcion b": "Únicamente al final del turno.",
      "opcion c": "Solo cuando haya suciedad visible.",
      "opcion d": "Solo antes de procedimientos invasivos."
    },
    "respuesta_correcta": "opcion a"
  },
  {
    "id": 53,
    "tema": "Enfermería 2023",
    "año": 2023,
    "caso_clínico": "",
    "pregunta": "(Inventada) ¿Cuál es el valor normal de frecuencia cardíaca en adulto?",
    "opciones": {
      "opcion a": "110–150 lpm.",
      "opcion b": "20–40 lpm.",
      "opcion c": "40–55 lpm.",
      "opcion d": "60–100 lpm."
    },
    "respuesta_correcta": "opcion d"
  },
  {
    "id": 54,
    "tema": "Enfermería 2023",
    "año": 2023,
    "caso_clínico": "",
    "pregunta": "(Inventada) ¿Cuál es la vía recomendada para hidratación en deshidratación leve?",
    "opciones": {
      "opcion a": "Vía oral.",
      "opcion b": "Intradérmica.",
      "opcion c": "Intratecal.",
      "opcion d": "Subcutánea."
    },
    "respuesta_correcta": "opcion a"
  },
  {
    "id": 55,
    "tema": "Enfermería 2023",
    "año": 2023,
    "caso_clínico": "",
    "pregunta": "(Inventada) ¿Qué indica piel pálida y fría?",
    "opciones": {
      "opcion a": "Broncoespasmo.",
      "opcion b": "Hipoperfusión.",
      "opcion c": "Hiperhidratación.",
      "opcion d": "Fiebre."
    },
    "respuesta_correcta": "opcion b"
  },
  {
    "id": 56,
    "tema": "Enfermería 2023",
    "año": 2023,
    "caso_clínico": "",
    "pregunta": "(Inventada) El triage de color rojo indica:",
    "opciones": {
      "opcion a": "Baja prioridad.",
      "opcion b": "Atención inmediata.",
      "opcion c": "Paciente ambulatorio.",
      "opcion d": "Atención demorable."
    },
    "respuesta_correcta": "opcion b"
  },
  {
    "id": 57,
    "tema": "Enfermería 2023",
    "año": 2023,
    "caso_clínico": "",
    "pregunta": "(Inventada) ¿Cuál es el riesgo principal del reposo prolongado?",
    "opciones": {
      "opcion a": "Hiperhidratación.",
      "opcion b": "Hipertiroidismo.",
      "opcion c": "Hipoglucemia.",
      "opcion d": "Tromboembolismo venoso."
    },
    "respuesta_correcta": "opcion d"
  },
  {
    "id": 58,
    "tema": "Enfermería 2023",
    "año": 2023,
    "caso_clínico": "",
    "pregunta": "(Inventada) ¿Cuál es el nivel de conciencia más bajo?",
    "opciones": {
      "opcion a": "Coma.",
      "opcion b": "Desorientación.",
      "opcion c": "Confusión.",
      "opcion d": "Letargo."
    },
    "respuesta_correcta": "opcion a"
  },
  {
    "id": 59,
    "tema": "Enfermería 2023",
    "año": 2023,
    "caso_clínico": "",
    "pregunta": "(Inventada) ¿Qué acción es prioritaria en una hipoglucemia severa?",
    "opciones": {
      "opcion a": "Administrar glucosa EV.",
      "opcion b": "Administrar suero fisiológico.",
      "opcion c": "Ofrecer alimentos sólidos.",
      "opcion d": "Indicar reposo."
    },
    "respuesta_correcta": "opcion a"
  },
  {
    "id": 60,
    "tema": "Enfermería 2023",
    "año": 2023,
    "caso_clínico": "",
    "pregunta": "(Inventada) ¿Qué examen confirma anemia?",
    "opciones": {
      "opcion a": "Plaquetas altas.",
      "opcion b": "Sodio elevado.",
      "opcion c": "Hemoglobina baja.",
      "opcion d": "Leucocitosis aislada."
    },
    "respuesta_correcta": "opcion c"
  },
  {
    "id": 61,
    "tema": "Enfermería 2023",
    "año": 2023,
    "caso_clínico": "",
    "pregunta": "(Inventada) ¿Qué posición facilita la respiración en disnea?",
    "opciones": {
      "opcion a": "Fowler.",
      "opcion b": "Decúbito prono.",
      "opcion c": "Trendelemburg.",
      "opcion d": "Rodillas al pecho."
    },
    "respuesta_correcta": "opcion a"
  },
  {
    "id": 62,
    "tema": "Enfermería 2023",
    "año": 2023,
    "caso_clínico": "",
    "pregunta": "(Inventada) ¿Qué indica una presión diferencial muy baja?",
    "opciones": {
      "opcion a": "Shock.",
      "opcion b": "Fiebre.",
      "opcion c": "Hiperkalemia.",
      "opcion d": "Hipotiroidismo."
    },
    "respuesta_correcta": "opcion a"
  },
  {
    "id": 63,
    "tema": "Enfermería 2023",
    "año": 2023,
    "caso_clínico": "",
    "pregunta": "(Inventada) ¿Qué electrolito controla la contracción muscular?",
    "opciones": {
      "opcion a": "Vitamina K.",
      "opcion b": "Calcio.",
      "opcion c": "Hierro.",
      "opcion d": "Cloro."
    },
    "respuesta_correcta": "opcion b"
  },
  {
    "id": 64,
    "tema": "Enfermería 2023",
    "año": 2023,
    "caso_clínico": "",
    "pregunta": "(Inventada) ¿Qué significa FR 10 en adulto?",
    "opciones": {
      "opcion a": "Bradipnea.",
      "opcion b": "Hipopnea severa.",
      "opcion c": "Eupnea.",
      "opcion d": "Taquipnea."
    },
    "respuesta_correcta": "opcion a"
  },
  {
    "id": 65,
    "tema": "Enfermería 2023",
    "año": 2023,
    "caso_clínico": "",
    "pregunta": "(Inventada) ¿Qué hacer ante convulsión?",
    "opciones": {
      "opcion a": "Proteger la cabeza del paciente.",
      "opcion b": "Sujetar extremidades fuertemente.",
      "opcion c": "Colocar objeto en la boca.",
      "opcion d": "Administrar líquidos por vía oral."
    },
    "respuesta_correcta": "opcion a"
  },
  {
    "id": 66,
    "tema": "Enfermería 2023",
    "año": 2023,
    "caso_clínico": "",
    "pregunta": "(Inventada) ¿Qué valor de glucemia indica diabetes?",
    "opciones": {
      "opcion a": "≥ 110 mg/dL.",
      "opcion b": "≥ 150 mg/dL postprandial inmediato.",
      "opcion c": "≥ 90 mg/dL.",
      "opcion d": "≥ 126 mg/dL en ayunas."
    },
    "respuesta_correcta": "opcion d"
  },
  {
    "id": 67,
    "tema": "Enfermería 2023",
    "año": 2023,
    "caso_clínico": "",
    "pregunta": "(Inventada) ¿Qué parámetro evalúa la escala EVA?",
    "opciones": {
      "opcion a": "Ansiedad.",
      "opcion b": "Oxigenación.",
      "opcion c": "Dolor.",
      "opcion d": "Perfusión."
    },
    "respuesta_correcta": "opcion c"
  },
  {
    "id": 68,
    "tema": "Enfermería 2023",
    "año": 2023,
    "caso_clínico": "",
    "pregunta": "(Inventada) ¿Qué indica una FC de 40 lpm en adulto?",
    "opciones": {
      "opcion a": "Bradicardia.",
      "opcion b": "Hipertensión arterial.",
      "opcion c": "Hipoxemia.",
      "opcion d": "Taquicardia."
    },
    "respuesta_correcta": "opcion a"
  },
  {
    "id": 69,
    "tema": "Enfermería 2023",
    "año": 2023,
    "caso_clínico": "",
    "pregunta": "(Inventada) ¿Cuál es el riesgo de una vía periférica sin control prolongado?",
    "opciones": {
      "opcion a": "Hipoglucemia.",
      "opcion b": "Flebitis.",
      "opcion c": "Hipertrofia muscular.",
      "opcion d": "Hipocalcemia."
    },
    "respuesta_correcta": "opcion b"
  },
  {
    "id": 70,
    "tema": "Enfermería 2023",
    "año": 2023,
    "caso_clínico": "",
    "pregunta": "(Inventada) ¿En qué caso se usa máscara con reservorio?",
    "opciones": {
      "opcion a": "Hipoxemia severa.",
      "opcion b": "Dolor abdominal.",
      "opcion c": "Vómitos aislados.",
      "opcion d": "Cefalea tensional."
    },
    "respuesta_correcta": "opcion a"
  },
  {
    "id": 71,
    "tema": "Enfermería 2023",
    "año": 2023,
    "caso_clínico": "",
    "pregunta": "(Inventada) ¿Cuál es el objetivo principal del control de signos vitales?",
    "opciones": {
      "opcion a": "Diagnosticar enfermedades complejas.",
      "opcion b": "Evaluar el estado fisiológico del paciente.",
      "opcion c": "Evaluar exclusivamente el estado emocional.",
      "opcion d": "Determinar el tipo de medicación a indicar."
    },
    "respuesta_correcta": "opcion b"
  },
  {
    "id": 72,
    "tema": "Enfermería 2023",
    "año": 2023,
    "caso_clínico": "",
    "pregunta": "(Inventada) ¿Qué valor se considera fiebre en un lactante?",
    "opciones": {
      "opcion a": "37.3 °C inguinal.",
      "opcion b": "36.5 °C timpánica.",
      "opcion c": "37 °C axilar.",
      "opcion d": "≥ 38 °C rectal."
    },
    "respuesta_correcta": "opcion d"
  },
  {
    "id": 73,
    "tema": "Enfermería 2023",
    "año": 2023,
    "caso_clínico": "",
    "pregunta": "(Inventada) ¿Cuál es la vía de elección para administrar medicación durante un paro cardíaco?",
    "opciones": {
      "opcion a": "Subcutánea.",
      "opcion b": "Intravenosa.",
      "opcion c": "Tópica.",
      "opcion d": "Oral."
    },
    "respuesta_correcta": "opcion b"
  },
  {
    "id": 74,
    "tema": "Enfermería 2023",
    "año": 2023,
    "caso_clínico": "",
    "pregunta": "(Inventada) ¿Qué complicación puede producir un catéter mal fijado?",
    "opciones": {
      "opcion a": "Hiperglucemia.",
      "opcion b": "Aumento de temperatura corporal.",
      "opcion c": "Extravasación.",
      "opcion d": "Insuficiencia respiratoria."
    },
    "respuesta_correcta": "opcion c"
  },
  {
    "id": 75,
    "tema": "Enfermería 2023",
    "año": 2023,
    "caso_clínico": "",
    "pregunta": "(Inventada) ¿Cuál es el objetivo del lavado de manos clínico?",
    "opciones": {
      "opcion a": "Eliminar virus resistentes exclusivamente.",
      "opcion b": "Aumentar la humedad de las manos.",
      "opcion c": "Esterilizar completamente la piel.",
      "opcion d": "Reducir la flora transitoria."
    },
    "respuesta_correcta": "opcion d"
  },
  {
    "id": 76,
    "tema": "Enfermería 2023",
    "año": 2023,
    "caso_clínico": "",
    "pregunta": "(Inventada) ¿Qué indica un pulso filiforme?",
    "opciones": {
      "opcion a": "Sobrehidratación.",
      "opcion b": "Perfusión normal.",
      "opcion c": "Perfusión deficiente.",
      "opcion d": "Hipertiroidismo."
    },
    "respuesta_correcta": "opcion c"
  },
  {
    "id": 77,
    "tema": "Enfermería 2023",
    "año": 2023,
    "caso_clínico": "",
    "pregunta": "(Inventada) ¿Cuál es la complicación más frecuente del reposo prolongado en cama?",
    "opciones": {
      "opcion a": "Miopía.",
      "opcion b": "Pancreatitis.",
      "opcion c": "Hepatitis.",
      "opcion d": "Úlceras por presión."
    },
    "respuesta_correcta": "opcion d"
  },
  {
    "id": 78,
    "tema": "Enfermería 2023",
    "año": 2023,
    "caso_clínico": "",
    "pregunta": "Masa ovárica heterogénea con doppler (+). ¿Qué estudio complementario solicitar?",
    "opciones": {
      "opcion a": "Marcadores tumorales.",
      "opcion b": "Radiografía simple de abdomen.",
      "opcion c": "TAC de cráneo.",
      "opcion d": "Ecografía mamaria."
    },
    "respuesta_correcta": "opcion a"
  },
  {
    "id": 79,
    "tema": "Enfermería 2023",
    "año": 2023,
    "caso_clínico": "",
    "pregunta": "Diseño más adecuado para enfermedad de baja prevalencia y múltiples factores de riesgo:",
    "opciones": {
      "opcion a": "Ensayo no controlado.",
      "opcion b": "Estudio poblacional masivo.",
      "opcion c": "Estudio de casos y controles.",
      "opcion d": "Estudio clínico aleatorio."
    },
    "respuesta_correcta": "opcion c"
  },
  {
    "id": 80,
    "tema": "Enfermería 2023",
    "año": 2023,
    "caso_clínico": "",
    "pregunta": "Soplo sistólico eyectivo que se atenúa al sentarse en niña de 10 años:",
    "opciones": {
      "opcion a": "Soplo funcional.",
      "opcion b": "Estenosis pulmonar.",
      "opcion c": "Comunicación interauricular.",
      "opcion d": "Insuficiencia tricuspídea."
    },
    "respuesta_correcta": "opcion a"
  },
  {
    "id": 81,
    "tema": "Enfermería 2023",
    "año": 2023,
    "caso_clínico": "",
    "pregunta": "Hernia inguinoescrotal dolorosa + acidosis + hiperlactacidemia:",
    "opciones": {
      "opcion a": "Reposo en cama por 24 horas.",
      "opcion b": "Colocación de sonda nasogástrica y cirugía urgente.",
      "opcion c": "Administrar analgésico y dar alta.",
      "opcion d": "Realizar solo radiografía y observar."
    },
    "respuesta_correcta": "opcion b"
  },
  {
    "id": 82,
    "tema": "Enfermería 2023",
    "año": 2023,
    "caso_clínico": "",
    "pregunta": "Gold standard para diagnóstico de cáncer de endometrio:",
    "opciones": {
      "opcion a": "Dilatación cervical + legrado biópsico fraccionado con histeroscopia.",
      "opcion b": "Papanicolaou.",
      "opcion c": "Cultivo endometrial.",
      "opcion d": "Resonancia sin contraste."
    },
    "respuesta_correcta": "opcion a"
  },
  {
    "id": 83,
    "tema": "Enfermería 2023",
    "año": 2023,
    "caso_clínico": "",
    "pregunta": "Gestante 33 semanas con sangrado rojo oscuro + tono aumentado:",
    "opciones": {
      "opcion a": "Pólipo cervical benigno.",
      "opcion b": "Desprendimiento de placenta normoinserta.",
      "opcion c": "Placenta previa.",
      "opcion d": "Hemorroides sangrantes."
    },
    "respuesta_correcta": "opcion b"
  },
  {
    "id": 84,
    "tema": "Enfermería 2023",
    "año": 2023,
    "caso_clínico": "",
    "pregunta": "Inicio de insulina en diabetes tipo 2:",
    "opciones": {
      "opcion a": "Con glucemias normales alteradas.",
      "opcion b": "Pérdida de peso no planificada asociada a hiperglucemia.",
      "opcion c": "Por malestar inespecífico.",
      "opcion d": "Solo por mal control dietario."
    },
    "respuesta_correcta": "opcion b"
  },
  {
    "id": 85,
    "tema": "Enfermería 2023",
    "año": 2023,
    "caso_clínico": "",
    "pregunta": "¿Cuándo se debe continuar lactancia?",
    "opciones": {
      "opcion a": "Mastitis unilateral.",
      "opcion b": "VIH materno positivo.",
      "opcion c": "Tuberculosis activa sin tratamiento.",
      "opcion d": "Infección bacteriana grave del RN."
    },
    "respuesta_correcta": "opcion a"
  },
  {
    "id": 86,
    "tema": "Enfermería 2023",
    "año": 2023,
    "caso_clínico": "",
    "pregunta": "Epistaxis en pediatría: ¿cuándo pedir laboratorio?",
    "opciones": {
      "opcion a": "Si tomó bebidas calientes.",
      "opcion b": "En cualquier primer episodio.",
      "opcion c": "Si hubo llanto intenso previo.",
      "opcion d": "Epistaxis graves o recurrentes sin causa local."
    },
    "respuesta_correcta": "opcion d"
  },
  {
    "id": 87,
    "tema": "Enfermería 2023",
    "año": 2023,
    "caso_clínico": "",
    "pregunta": "Lactante 15 días con aumento normal de peso, madre cree que tiene hambre:",
    "opciones": {
      "opcion a": "Suspender lactancia y dar fórmula.",
      "opcion b": "Evaluar técnica de lactancia y continuar pecho exclusivo.",
      "opcion c": "Administrar suero glucosado.",
      "opcion d": "Dar agua para “llenar el estómago”."
    },
    "respuesta_correcta": "opcion b"
  },
  {
    "id": 88,
    "tema": "Enfermería 2023",
    "año": 2023,
    "caso_clínico": "",
    "pregunta": "Adolescente con anemia, blastos y hemorragias:",
    "opciones": {
      "opcion a": "Leucemia aguda.",
      "opcion b": "Dengue hemorrágico.",
      "opcion c": "Alergia medicamentosa.",
      "opcion d": "Hipotiroidismo."
    },
    "respuesta_correcta": "opcion a"
  },
  {
    "id": 89,
    "tema": "Enfermería 2023",
    "año": 2023,
    "caso_clínico": "",
    "pregunta": "Mujer con pérdida brusca de visión + VSG 80 mm/h:",
    "opciones": {
      "opcion a": "Catarata incipiente.",
      "opcion b": "Glaucoma crónico.",
      "opcion c": "Neuropatía óptica isquémica arterítica.",
      "opcion d": "Retinopatía diabética leve."
    },
    "respuesta_correcta": "opcion c"
  },
  {
    "id": 90,
    "tema": "Enfermería 2023",
    "año": 2023,
    "caso_clínico": "",
    "pregunta": "Primigesta 35 semanas, HTA, enzimas elevadas, proteinuria +++:",
    "opciones": {
      "opcion a": "Dejar evolucionar sin intervención.",
      "opcion b": "Administración exclusiva de hidratación oral.",
      "opcion c": "Tratamiento antihipertensivo, sulfato de Mg e inducción al parto.",
      "opcion d": "Reposo domiciliario."
    },
    "respuesta_correcta": "opcion c"
  },
  {
    "id": 91,
    "tema": "Enfermería 2023",
    "año": 2023,
    "caso_clínico": "",
    "pregunta": "Vacunas en control de salud de 18 meses:",
    "opciones": {
      "opcion a": "Hexavalente y rotavirus.",
      "opcion b": "Solo antigripal.",
      "opcion c": "Hepatitis A y triple bacteriana.",
      "opcion d": "Pentavalente, IPV, refuerzo de meningococo, varicela y antigripal."
    },
    "respuesta_correcta": "opcion d"
  },
  {
    "id": 92,
    "tema": "Enfermería 2023",
    "año": 2023,
    "caso_clínico": "",
    "pregunta": "¿Por qué se produce un DIP variable en monitoreo fetal?",
    "opciones": {
      "opcion a": "Por compresión del cordón.",
      "opcion b": "Por encaje cefálico.",
      "opcion c": "Por contracciones uterinas intensas.",
      "opcion d": "Por hipoxia materna."
    },
    "respuesta_correcta": "opcion a"
  },
  {
    "id": 93,
    "tema": "Enfermería 2023",
    "año": 2023,
    "caso_clínico": "",
    "pregunta": "MAPA 24 h promedio 138/90 mmHg:",
    "opciones": {
      "opcion a": "No tiene relevancia clínica.",
      "opcion b": "Sugiere cuadro ansioso.",
      "opcion c": "Indica prehipotensión.",
      "opcion d": "Confirma diagnóstico de hipertensión arterial."
    },
    "respuesta_correcta": "opcion d"
  },
  {
    "id": 94,
    "tema": "Enfermería 2023",
    "año": 2023,
    "caso_clínico": "",
    "pregunta": "Lactante 6 meses con nitritos ++ y leucocituria:",
    "opciones": {
      "opcion a": "Realizar urocultivo e iniciar ATB oral.",
      "opcion b": "Dar solo analgésicos.",
      "opcion c": "Dar líquidos y observar.",
      "opcion d": "Repetir muestra en 48 h sin tratar."
    },
    "respuesta_correcta": "opcion a"
  },
  {
    "id": 95,
    "tema": "Enfermería 2023",
    "año": 2023,
    "caso_clínico": "",
    "pregunta": "¿Para qué se solicita MAPA?",
    "opciones": {
      "opcion a": "Hipertensión de guardapolvo blanco.",
      "opcion b": "Hipoglucemia.",
      "opcion c": "Hipotensión severa.",
      "opcion d": "Arritmias."
    },
    "respuesta_correcta": "opcion a"
  },
  {
    "id": 96,
    "tema": "Enfermería 2023",
    "año": 2023,
    "caso_clínico": "",
    "pregunta": "¿Qué tipo de prevención es la toma de PA?",
    "opciones": {
      "opcion a": "Prevención terciaria.",
      "opcion b": "Prevención primordial.",
      "opcion c": "Prevención cuaternaria.",
      "opcion d": "Prevención secundaria."
    },
    "respuesta_correcta": "opcion d"
  },
  {
    "id": 97,
    "tema": "Enfermería 2023",
    "año": 2023,
    "caso_clínico": "",
    "pregunta": "Profilaxis por Haemophilus influenzae en guardería:",
    "opciones": {
      "opcion a": "Todos los contactos cercanos menores de 4 años, aunque estén vacunados.",
      "opcion b": "Solo los vacunados.",
      "opcion c": "Solo los adultos.",
      "opcion d": "Solo hermanos convivientes."
    },
    "respuesta_correcta": "opcion a"
  },
  {
    "id": 98,
    "tema": "Enfermería 2023",
    "año": 2023,
    "caso_clínico": "",
    "pregunta": "Ventaja de estudios de cohorte:",
    "opciones": {
      "opcion a": "Permiten estudiar varios eventos simultáneamente.",
      "opcion b": "Evaluar enfermedades rarísimas.",
      "opcion c": "Determinar causalidad inmediata.",
      "opcion d": "Garantizar 100% de seguimiento."
    },
    "respuesta_correcta": "opcion a"
  },
  {
    "id": 99,
    "tema": "Enfermería 2023",
    "año": 2023,
    "caso_clínico": "",
    "pregunta": "Niño con fiebre, dolor de cadera, leucocitosis 30.000 y líquido articular:",
    "opciones": {
      "opcion a": "Dolor de crecimiento.",
      "opcion b": "Traumatismo leve.",
      "opcion c": "Displasia de cadera.",
      "opcion d": "Artritis séptica."
    },
    "respuesta_correcta": "opcion d"
  },
  {
    "id": 100,
    "tema": "Enfermería 2023",
    "año": 2023,
    "caso_clínico": "",
    "pregunta": "Adulto fumador con disnea y tos crónica:",
    "opciones": {
      "opcion a": "Espirometría con prueba post broncodilatador.",
      "opcion b": "Radiografía de manos.",
      "opcion c": "Test de esfuerzo sin evaluación pulmonar.",
      "opcion d": "Electrocardiograma únicamente."
    },
    "respuesta_correcta": "opcion a"
  }
]