[
  {
    "id": 201,
    "tema": "Bioquímica/Hematología",
    "año": 2021,
    "caso_clínico": "",
    "pregunta": "¿Cuáles son las isoenzimas de Lacticodehidrogenasa (LD) que contribuyen al aumento sérico de la actividad total en una anemia megaloblástica? [cite: 93]",
    "opciones": {
      "opcion a": "LD-4 y LD-5",
      "opcion b": "LD-1 y LD-2",
      "opcion c": "LD-3 y LD-4",
      "opcion d": "Solo LD-5"
    },
    "respuesta_correcta": "opcion b"
  },
  {
    "id": 202,
    "tema": "Bioquímica/Laboratorio",
    "año": 2021,
    "caso_clínico": "",
    "pregunta": "¿Cuál es el fenotipo de la pseudocolinesterasa (EC 3.1.1.8) resistente a la inhibición con Dibucaína? [cite: 97]",
    "opciones": {
      "opcion a": "Atypico",
      "opcion b": "Silente",
      "opcion c": "Intermedio",
      "opcion d": "Usual"
    },
    "respuesta_correcta": "opcion d"
  },
  {
    "id": 203,
    "tema": "Bioquímica/Nefrología",
    "año": 2021,
    "caso_clínico": "",
    "pregunta": "¿En cuál de las siguientes situaciones disminuye el cociente urea sérica/creatinina sérica? [cite: 101]",
    "opciones": {
      "opcion a": "Deshidratación prerrenal.",
      "opcion b": "Obstrucción urinaria posrenal.",
      "opcion c": "Dieta alta en proteínas.",
      "opcion d": "Rabdomiólisis"
    },
    "respuesta_correcta": "opcion d"
  },
  {
    "id": 204,
    "tema": "Bioquímica/Laboratorio",
    "año": 2021,
    "caso_clínico": "",
    "pregunta": "¿Cuál es la determinación correcta de las cadenas livianas monoclonales libres en orina? [cite: 105]",
    "opciones": {
      "opcion a": "Electroforesis de proteínas en orina.",
      "opcion b": "Inmunofijación con antisueros anti-kappa y anti-lambda",
      "opcion c": "Dosaje de Beta-2 microglobulina.",
      "opcion d": "Inmunodifusión radial simple."
    },
    "respuesta_correcta": "opcion b"
  },
  {
    "id": 205,
    "tema": "Bioquímica/Laboratorio",
    "año": 2021,
    "caso_clínico": "",
    "pregunta": "¿Cuál de las siguientes situaciones puede causar la elevación de la fracción beta en la electroforesis de proteínas séricas? [cite: 109]",
    "opciones": {
      "opcion a": "Síndrome nefrótico.",
      "opcion b": "Déficit de alfa-1 antitripsina.",
      "opcion c": "Presencia de una inmunoglobulina monoclonal",
      "opcion d": "Insuficiencia hepática grave."
    },
    "respuesta_correcta": "opcion c"
  },
  {
    "id": 206,
    "tema": "Bioquímica/Laboratorio",
    "año": 2021,
    "caso_clínico": "",
    "pregunta": "En un cuadro inflamatorio sistémico se altera la síntesis hepática. ¿Cuál de las siguientes proteínas se considera un reactante de fase aguda y se incrementa? [cite: 114]",
    "opciones": {
      "opcion a": "Albúmina",
      "opcion b": "Prealbúmina",
      "opcion c": "Transferrina",
      "opcion d": "Haptoglobina"
    },
    "respuesta_correcta": "opcion d"
  },
  {
    "id": 207,
    "tema": "Bioquímica/Laboratorio",
    "año": 2021,
    "caso_clínico": "",
    "pregunta": "El patrón electroforético sérico de malnutrición muestra hipoproteinemia. ¿Con qué otra característica se acompaña dicha disproteinemia? [cite: 118]",
    "opciones": {
      "opcion a": "Aumento selectivo de la fracción gamma.",
      "opcion b": "Reducción de todas las fracciones y más intensa en albúmina",
      "opcion c": "Aumento compensatorio de la fracción beta.",
      "opcion d": "Elevación de la alfa-2 globulina."
    },
    "respuesta_correcta": "opcion b"
  },
  {
    "id": 208,
    "tema": "Bioquímica/Uroanálisis",
    "año": 2021,
    "caso_clínico": "",
    "pregunta": "En un sedimento urinario de un paciente con síntomas confusionales y deshidratación, se observan cilindros claros, incoloros y sin ninguna estructuración. ¿Cuál es la posible significancia de este hallazgo? [cite: 123]",
    "opciones": {
      "opcion a": "Glomerulonefritis aguda.",
      "opcion b": "Necrosis tubular aguda.",
      "opcion c": "Orina normal concentrada",
      "opcion d": "Pielonefritis."
    },
    "respuesta_correcta": "opcion c"
  },
  {
    "id": 209,
    "tema": "Bioquímica/Laboratorio",
    "año": 2021,
    "caso_clínico": "",
    "pregunta": "¿Con qué estudio de las proteínas séricas debe comenzar el algoritmo diagnóstico de un paciente con sospecha clínica de discrasia de células plasmáticas? [cite: 127]",
    "opciones": {
      "opcion a": "Dosaje de inmunoglobulinas séricas.",
      "opcion b": "Inmunofijación sérica.",
      "opcion c": "Proteinograma",
      "opcion d": "Cadena liviana libre sérica."
    },
    "respuesta_correcta": "opcion c"
  },
  {
    "id": 210,
    "tema": "Bioquímica/Control de Calidad",
    "año": 2021,
    "caso_clínico": "",
    "pregunta": "¿Qué tipo de error denota la regla R 4SD de Westgard? [cite: 131]",
    "opciones": {
      "opcion a": "Denota la existencia de un error sistemático.",
      "opcion b": "Denota la existencia de un error aleatorio.",
      "opcion c": "Denota la necesidad de recalibración.",
      "opcion d": "Denota la inaceptabilidad del lote de reactivos."
    },
    "respuesta_correcta": "opcion b"
  },
  {
    "id": 211,
    "tema": "Bioquímica/Endocrinología",
    "año": 2021,
    "caso_clínico": "",
    "pregunta": "Un paciente presenta en repetidas ocasiones glucemias en ayunas entre 115 y 120 mg/dl (Glucemia Alterada en Ayunas). ¿Qué estudio es el más apropiado para definir un diagnóstico? [cite: 135]",
    "opciones": {
      "opcion a": "Hemoglobina Glicosilada (HbA1c).",
      "opcion b": "Glucemia postprandial.",
      "opcion c": "Prueba de tolerancia oral a la glucosa",
      "opcion d": "Insulina basal."
    },
    "respuesta_correcta": "opcion c"
  },
  {
    "id": 212,
    "tema": "Bioquímica/Hematología",
    "año": 2021,
    "caso_clínico": "",
    "pregunta": "¿Qué espera observar en la serie roja de un paciente con mieloma múltiple? [cite: 139]",
    "opciones": {
      "opcion a": "Anemia microcítica hipocrómica con esferocitos.",
      "opcion b": "Anemia normocítica normocrómica con eritrocitos en pilas de monedas",
      "opcion c": "Anemia macrocítica con cuerpos de Howell-Jolly.",
      "opcion d": "Policitemia con dacriocitos."
    },
    "respuesta_correcta": "opcion b"
  },
  {
    "id": 213,
    "tema": "Bioquímica/Hematología",
    "año": 2021,
    "caso_clínico": "",
    "pregunta": "¿Cuál es la metodología utilizada por los contadores automatizados para hematimetría que se fundamenta en la medida de los cambios en la resistencia al paso de la corriente continua? [cite: 143]",
    "opciones": {
      "opcion a": "Citometría de flujo.",
      "opcion b": "Dispersión de luz (Scatter).",
      "opcion c": "Colorimetría.",
      "opcion d": "Impedancia"
    },
    "respuesta_correcta": "opcion d"
  },
  {
    "id": 214,
    "tema": "Bioquímica/Hematología",
    "año": 2021,
    "caso_clínico": "",
    "pregunta": "¿Cuáles son las causas más frecuentes de la disminución del volumen corpuscular medio (VCM) de los eritrocitos? [cite: 147]",
    "opciones": {
      "opcion a": "Déficit de folatos y Vitamina B12.",
      "opcion b": "Anemia de enfermedad crónica e insuficiencia renal.",
      "opcion c": "Déficit de hierro y talasemias",
      "opcion d": "Hemólisis autoinmune."
    },
    "respuesta_correcta": "opcion c"
  },
  {
    "id": 215,
    "tema": "Bioquímica/Hematología",
    "año": 2021,
    "caso_clínico": "",
    "pregunta": "¿Cuáles valores de los siguientes parámetros caracterizan a la anemia de los trastornos inflamatorios? [cite: 151]",
    "opciones": {
      "opcion a": "VCM disminuido, ferritina sérica disminuida.",
      "opcion b": "VCM normal, ferremia disminuida, índice de saturación de la transferrina normal, ferritina sérica aumentada",
      "opcion c": "VCM aumentado, ferremia normal.",
      "opcion d": "VCM normal, ferritina sérica disminuida."
    },
    "respuesta_correcta": "opcion b"
  },
  {
    "id": 216,
    "tema": "Bioquímica/Hematología",
    "año": 2021,
    "caso_clínico": "",
    "pregunta": "¿En cuál de las siguientes anemias hemolíticas es positivo el resultado de la prueba de Coombs directa? [cite: 155]",
    "opciones": {
      "opcion a": "Esferocitosis hereditaria.",
      "opcion b": "Anemia por déficit de G6PD.",
      "opcion c": "Anemia hemolítica autoinmune",
      "opcion d": "Talasemia mayor."
    },
    "respuesta_correcta": "opcion c"
  },
  {
    "id": 217,
    "tema": "Bioquímica/Inmunología",
    "año": 2021,
    "caso_clínico": "",
    "pregunta": "¿Qué tipo de moléculas se pueden evidenciar con la técnica de inmunocitoquímica? [cite: 159]",
    "opciones": {
      "opcion a": "Ácidos Nucleicos (ADN/ARN).",
      "opcion b": "Lípidos.",
      "opcion c": "Proteínas",
      "opcion d": "Glúcidos."
    },
    "respuesta_correcta": "opcion c"
  },
  {
    "id": 218,
    "tema": "Bioquímica/Inmunología",
    "año": 2021,
    "caso_clínico": "",
    "pregunta": "¿En qué patología autoinmune es frecuente la presencia de anticuerpos anticentrómero? [cite: 163]",
    "opciones": {
      "opcion a": "Lupus Eritematoso Sistémico (LES).",
      "opcion b": "Esclerosis sistémica localizada",
      "opcion c": "Artritis Reumatoide.",
      "opcion d": "Dermatomiositis."
    },
    "respuesta_correcta": "opcion b"
  },
  {
    "id": 219,
    "tema": "Bioquímica/Inmunología",
    "año": 2021,
    "caso_clínico": "",
    "pregunta": "¿Cuál de las siguientes alternativas es la indicada para el tamizaje de enfermedad celíaca? [cite: 167]",
    "opciones": {
      "opcion a": "Anticuerpos anti-endomisio IgG y anticuerpos anti-gliadina IgG.",
      "opcion b": "Anticuerpos anti-transglutaminasa tisular IgA y dosaje de inmunoglobulinas IgA",
      "opcion c": "Dosaje de IgA e IgM séricas.",
      "opcion d": "Test de avidez de IgG."
    },
    "respuesta_correcta": "opcion b"
  },
  {
    "id": 220,
    "tema": "Bioquímica/Inmunología",
    "año": 2021,
    "caso_clínico": "",
    "pregunta": "Paciente con astenia, artralgias, dolor en hipocondrio derecho y aumento de transaminasas (Hepatitis Autoinmune). ¿Cuál de las siguientes combinaciones de autoanticuerpos y métodos deben llevarse a cabo? [cite: 172]",
    "opciones": {
      "opcion a": "Anticuerpos anti-cardiolipina por ELISA.",
      "opcion b": "Anticuerpos anti-nucleocitoplasmáticos por inmunofluorescencia indirecta en improntas de línea celular HEp-2 y anti-músculo liso por inmunofluorescencia indirecta en improntas de triple corte de tejido",
      "opcion c": "Anticuerpos anti-CCP.",
      "opcion d": "Anticuerpos anti-citoplasma de neutrófilo (ANCA)."
    },
    "respuesta_correcta": "opcion b"
  },
  {
    "id": 221,
    "tema": "Bioquímica/Hematología",
    "año": 2021,
    "caso_clínico": "",
    "pregunta": "¿Cuál es el porcentaje mínimo de blastos para el diagnóstico de una leucemia aguda según la clasificación de la OMS? [cite: 176]",
    "opciones": {
      "opcion a": "10%",
      "opcion b": "20%",
      "opcion c": "30%",
      "opcion d": "50%"
    },
    "respuesta_correcta": "opcion b"
  },
  {
    "id": 222,
    "tema": "Bioquímica/Hematología",
    "año": 2021,
    "caso_clínico": "",
    "pregunta": "Paciente con leucocitosis (50.0x10^9/L) y desviación a la izquierda (Blast: 1%, Promiel: 9%, Mielo: 17%, Meta: 7%, Cayado: 10%, Neutro: 40%). Sospecha de Leucemia Mieloide Crónica. ¿Qué prueba citoquímica sería útil? [cite: 188]",
    "opciones": {
      "opcion a": "Mieloperoxidasa (MPO).",
      "opcion b": "Esterasa inespecífica.",
      "opcion c": "Fosfatasa alcalina leucocitaria",
      "opcion d": "PAS (Ácido peryódico de Schiff)."
    },
    "respuesta_correcta": "opcion c"
  },
  {
    "id": 223,
    "tema": "Bioquímica/Hematología",
    "año": 2021,
    "caso_clínico": "",
    "pregunta": "¿Qué tipo de anemia sugieren la combinación de volumen corpuscular (VCM) disminuido, hemoglobina corpuscular media (HCM) disminuida y amplitud de distribución de eritrocitos (ADE) elevada? [cite: 192]",
    "opciones": {
      "opcion a": "Anemia de trastornos crónicos.",
      "opcion b": "Anemia ferropénica",
      "opcion c": "Talasemia (rasgo).",
      "opcion d": "Anemia megaloblástica."
    },
    "respuesta_correcta": "opcion b"
  },
  {
    "id": 224,
    "tema": "Bioquímica/Hematología",
    "año": 2021,
    "caso_clínico": "",
    "pregunta": "¿Cómo se encuentra, la prueba de fragilidad osmótica en un paciente que padece una eliptocitosis congénita? [cite: 196]",
    "opciones": {
      "opcion a": "Aumentada (curva desviada a la izquierda).",
      "opcion b": "Normal",
      "opcion c": "Disminuida (curva desviada a la derecha).",
      "opcion d": "Siempre no reproducible."
    },
    "respuesta_correcta": "opcion b"
  },
  {
    "id": 225,
    "tema": "Bioquímica/Hematología",
    "año": 2021,
    "caso_clínico": "",
    "pregunta": "Los cuerpos de Howell-Jolly son inclusiones eritrocitarias de fragmentos nucleares. ¿En cuál situación clínica se observan? [cite: 201]",
    "opciones": {
      "opcion a": "Déficit de Vitamina B12.",
      "opcion b": "Talasemia.",
      "opcion c": "Anemia hemolítica.",
      "opcion d": "Asplenia"
    },
    "respuesta_correcta": "opcion d"
  },
  {
    "id": 226,
    "tema": "Bioquímica/Hemostasia",
    "año": 2021,
    "caso_clínico": "",
    "pregunta": "Paciente con TP 40%, APTT 46 seg, TT 22 seg (Normal 20 seg). Ambas pruebas corrigen al mezclar con plasma normal. ¿Qué anticoagulante por vía oral deberá utilizarse en la terapia? [cite: 208]",
    "opciones": {
      "opcion a": "Heparina de bajo peso molecular (HBPM).",
      "opcion b": "Dabigatrán (Inhibidor directo de la trombina).",
      "opcion c": "Acenocumarol",
      "opcion d": "Rivaroxabán (Inhibidor del Factor Xa)."
    },
    "respuesta_correcta": "opcion c"
  },
  {
    "id": 227,
    "tema": "Bioquímica/Hemostasia",
    "año": 2021,
    "caso_clínico": "",
    "pregunta": "¿Cuál es la causa más probable para que un Tiempo de Trombina prolongado corrija cuando se mezcla plasma del paciente con plasma normal? [cite: 212]",
    "opciones": {
      "opcion a": "Presencia de un inhibidor de la trombina.",
      "opcion b": "Deficiencia del Factor XIII.",
      "opcion c": "Hipofibrinogenemia",
      "opcion d": "Déficit de Vitamina K."
    },
    "respuesta_correcta": "opcion c"
  },
  {
    "id": 228,
    "tema": "Bioquímica/Hemostasia",
    "año": 2021,
    "caso_clínico": "",
    "pregunta": "En un paciente que presenta hemorragia, ¿cuál de los siguientes resultados es compatible con déficit de alfa 2 antiplasmina (inhibidor de la fibrinólisis)? [cite: 216]",
    "opciones": {
      "opcion a": "Tiempo de Trombina prolongado.",
      "opcion b": "Acortamiento del tiempo de lisis del coágulo",
      "opcion c": "APTT acortado.",
      "opcion d": "Aumento del Dímero D."
    },
    "respuesta_correcta": "opcion b"
  },
  {
    "id": 229,
    "tema": "Bioquímica/Hemostasia",
    "año": 2021,
    "caso_clínico": "",
    "pregunta": "¿Cuál de los siguientes resultados de la prueba de agregación plaquetaria corresponde a un paciente en tratamiento con 100 mg/día de aspirina? [cite: 220]",
    "opciones": {
      "opcion a": "Agregación inhibida con ADP.",
      "opcion b": "Agregación normal con Ristocetina.",
      "opcion c": "Agregación inhibida con ácido araquidónico",
      "opcion d": "Agregación aumentada con colágeno."
    },
    "respuesta_correcta": "opcion c"
  },
  {
    "id": 230,
    "tema": "Bioquímica/Hemostasia",
    "año": 2021,
    "caso_clínico": "",
    "pregunta": "¿Cuál de los siguientes receptores presentes en la membrana plaquetaria, participa en la aglutinación plaquetaria con ristocetina? [cite: 224]",
    "opciones": {
      "opcion a": "Glicoproteína IIb/IIIa",
      "opcion b": "Receptor de ADP (P2Y12)",
      "opcion c": "Glicoproteína Ib",
      "opcion d": "Receptor de Trombina (PAR-1)"
    },
    "respuesta_correcta": "opcion c"
  },
  {
    "id": 231,
    "tema": "Bioquímica/Hemostasia",
    "año": 2021,
    "caso_clínico": "",
    "pregunta": "¿Cuál de los siguientes factores son vitamina K dependiente? [cite: 228]",
    "opciones": {
      "opcion a": "I, V, VIII y XIII",
      "opcion b": "II, VII, IX y X",
      "opcion c": "VIII y vWF",
      "opcion d": "XII, XI, IX y X"
    },
    "respuesta_correcta": "opcion b"
  },
  {
    "id": 232,
    "tema": "Bioquímica/Hemostasia",
    "año": 2021,
    "caso_clínico": "",
    "pregunta": "¿A qué se asocia la alteración de la prueba de resistencia a la proteína C activada? [cite: 232]",
    "opciones": {
      "opcion a": "Déficit de Proteína S.",
      "opcion b": "Anticoagulante lúpico.",
      "opcion c": "Mutación del Factor V Leiden",
      "opcion d": "Déficit de Antitrombina."
    },
    "respuesta_correcta": "opcion c"
  },
  {
    "id": 233,
    "tema": "Bioquímica/Hemostasia",
    "año": 2021,
    "caso_clínico": "",
    "pregunta": "Niña (12 años) con epistaxis y menorragia. APTT prolongado (44 seg), Factor VIII 40%, vWF antígeno 28%, vWF cofactor de ristocetina 25%, Razón vWF:RCo/vWF:Ag = 0.89. ¿Cuál es el diagnóstico más probable? [cite: 241]",
    "opciones": {
      "opcion a": "Hemofilia A.",
      "opcion b": "Enfermedad de von Willebrand tipo 1",
      "opcion c": "Déficit de Factor VII.",
      "opcion d": "Enfermedad de von Willebrand tipo 2B."
    },
    "respuesta_correcta": "opcion b"
  },
  {
    "id": 234,
    "tema": "Bioquímica/Hemostasia",
    "año": 2021,
    "caso_clínico": "",
    "pregunta": "En el curso de un embarazo normal, ¿cuál de los siguientes resultados se puede encontrar durante el tercer trimestre de gestación? [cite: 246]",
    "opciones": {
      "opcion a": "Disminución del Fibrinógeno.",
      "opcion b": "Aumento de Fibrinógeno",
      "opcion c": "Prolongación del Tiempo de Protrombina.",
      "opcion d": "Aumento del APTT."
    },
    "respuesta_correcta": "opcion b"
  },
  {
    "id": 235,
    "tema": "Bioquímica/Hemostasia",
    "año": 2021,
    "caso_clínico": "",
    "pregunta": "¿A qué receptor del endotelio se debe unir la trombina para formar el complejo que activa a la Proteína C? [cite: 250]",
    "opciones": {
      "opcion a": "Factor Tisular (FT).",
      "opcion b": "Receptor de Proteína C Endotelial (EPCR).",
      "opcion c": "Trombomodulina",
      "opcion d": "Glicoproteína Ib."
    },
    "respuesta_correcta": "opcion c"
  },
  {
    "id": 236,
    "tema": "Bioquímica/Infectología (ITS)",
    "año": 2021,
    "caso_clínico": "",
    "pregunta": "¿Cuál es la variación del título de una prueba para sífilis que evidencia la eficacia del tratamiento? [cite: 254]",
    "opciones": {
      "opcion a": "El título de una prueba treponémica disminuye cuatro títulos en los primeros seis meses post tratamiento.",
      "opcion b": "El título de una prueba no treponémica disminuye cuatro títulos en los primeros seis meses post tratamiento.",
      "opcion c": "El título de una prueba treponémica aumenta dos títulos.",
      "opcion d": "La serología treponémica se vuelve negativa."
    },
    "respuesta_correcta": "opcion b"
  },
  {
    "id": 237,
    "tema": "Bioquímica/Infectología (Pediátrico)",
    "año": 2021,
    "caso_clínico": "",
    "pregunta": "¿Mediante que determinación se realiza el diagnóstico de toxoplasmosis congénita en un recién nacido de una madre con infección aguda en el segundo trimestre? [cite: 258]",
    "opciones": {
      "opcion a": "Detección de IgG por ELISA en suero del recién nacido.",
      "opcion b": "Determinación de IgA e IgM mediante la técnica de ISAGA en suero del recién nacido.",
      "opcion c": "PCR en sangre periférica.",
      "opcion d": "Western Blot para IgM."
    },
    "respuesta_correcta": "opcion b"
  },
  {
    "id": 238,
    "tema": "Bioquímica/Infectología",
    "año": 2021,
    "caso_clínico": "",
    "pregunta": "¿En cuál estadío de la infección crónica por el Virus de Hepatitis B se encuentra elevada viremia plasmática, transaminasas séricas normales y presencia del antígeno e (HBeAg)? [cite: 262]",
    "opciones": {
      "opcion a": "Inmunotolerancia",
      "opcion b": "Inmunoactiva",
      "opcion c": "Portador inactivo",
      "opcion d": "HBeAg negativo"
    },
    "respuesta_correcta": "opcion a"
  },
  {
    "id": 239,
    "tema": "Bioquímica/Infectología",
    "año": 2021,
    "caso_clínico": "",
    "pregunta": "¿Cómo debe realizarse el diagnóstico bioquímico de encefalitis por virus Herpes simplex I (HSV I) en un paciente inmunosuprimido? [cite: 266]",
    "opciones": {
      "opcion a": "Serología IgM en suero.",
      "opcion b": "Detección de antígenos virales en orina.",
      "opcion c": "PCR ADN HSV I en muestra de líquido cefalorraquídeo.",
      "opcion d": "Cultivo viral en hisopado faríngeo."
    },
    "respuesta_correcta": "opcion c"
  },
  {
    "id": 240,
    "tema": "Bioquímica/Infectología (Pediátrico)",
    "año": 2021,
    "caso_clínico": "",
    "pregunta": "¿Cuál determinación bioquímica realizaría para el diagnóstico de infección respiratoria aguda viral por virus sincicial respiratorio en un paciente pediátrico? [cite: 270]",
    "opciones": {
      "opcion a": "Detección de anticuerpos IgG en sangre.",
      "opcion b": "Hemocultivo.",
      "opcion c": "Antígenos virales secreción nasofaríngea por inmunofluorescencia directa (IFD).",
      "opcion d": "Cultivo bacteriano de esputo."
    },
    "respuesta_correcta": "opcion c"
  },
  {
    "id": 241,
    "tema": "Bioquímica/Infectología",
    "año": 2021,
    "caso_clínico": "",
    "pregunta": "Mujer embarazada: *Toxoplasma gondii* IgG (94 UI/mL, reactivo), IgM (0,80 index, reactivo), Test de avidez IgG (80%, alta avidez). ¿Cómo interpreta los resultados? [cite: 281, 282]",
    "opciones": {
      "opcion a": "Infección aguda reciente (menos de 3 meses).",
      "opcion b": "Infección reactivada por inmunosupresión.",
      "opcion c": "La paciente cursó una infección por Toxoplasma gondii en el pasado. No es necesario realizar tratamiento ni diagnóstico neonatal.",
      "opcion d": "Falso positivo de IgM por interferencia."
    },
    "respuesta_correcta": "opcion c"
  },
  {
    "id": 242,
    "tema": "Bioquímica/Infectología",
    "año": 2021,
    "caso_clínico": "",
    "pregunta": "¿Con qué patología está asociada la infección por el Virus de Epstein Barr? [cite: 286]",
    "opciones": {
      "opcion a": "Sarcoma de Kaposi.",
      "opcion b": "Linfoma de Burkitt",
      "opcion c": "Carcinoma de células escamosas.",
      "opcion d": "Leucemia promielocítica aguda."
    },
    "respuesta_correcta": "opcion b"
  },
  {
    "id": 243,
    "tema": "Bioquímica/Microbiología",
    "año": 2021,
    "caso_clínico": "",
    "pregunta": "¿Cuáles de las siguientes características metabólicas corresponden al género *Aeromonas* spp? [cite: 290]",
    "opciones": {
      "opcion a": "Requerimiento de NaCl para crecer y sensibilidad al compuesto vibriostático O129.",
      "opcion b": "No presentar requerimiento de cloruro de sodio para crecer y pre- sentar resistencia al compuesto vibriostático O129 (150 μg).",
      "opcion c": "Ausencia de catalasa y oxidasa.",
      "opcion d": "Fermentación de glucosa con producción de gas."
    },
    "respuesta_correcta": "opcion b"
  },
  {
    "id": 244,
    "tema": "Bioquímica/Microbiología",
    "año": 2021,
    "caso_clínico": "",
    "pregunta": "¿Cuál de los siguientes métodos es el adecuado o recomendado para determinar la sensibilidad a la penicilina en el grupo *Streptococcus viridans*? [cite: 294]",
    "opciones": {
      "opcion a": "Difusión en disco con disco de oxacilina.",
      "opcion b": "Microdilución en placa.",
      "opcion c": "E-Test sobre agar Mueller Hinton.",
      "opcion d": "Dilución en caldo (Mueller Hinton-sangre lisada de caballo)"
    },
    "respuesta_correcta": "opcion d"
  },
  {
    "id": 245,
    "tema": "Bioquímica/Microbiología",
    "año": 2021,
    "caso_clínico": "",
    "pregunta": "¿Qué significa que un aislado de *Enterobacter cloacae* sea hiperproductor de la beta-lactamasa cromosómica inducible de tipo ampC? [cite: 298]",
    "opciones": {
      "opcion a": "Es sensible a todas las cefalosporinas y carbapenemes.",
      "opcion b": "Es resistente a cefalosporinas de 1,2, 3, piperacilina-tazobactama y sensible a cefalosporinas de 4 (cefepima), cefatazidima-avi- bactama y carbapenemes.",
      "opcion c": "Es resistente a carbapenemes y sensible a penicilinas.",
      "opcion d": "Es sensible a penicilinas y resistente solo a cefalosporinas de 1ra generación."
    },
    "respuesta_correcta": "opcion b"
  },
  {
    "id": 246,
    "tema": "Bioquímica/Microbiología",
    "año": 2021,
    "caso_clínico": "",
    "pregunta": "¿Cuál es la utilidad diagnóstica de la coloración de Ziehl-Neelsen en una muestra de origen respiratorio? [cite: 302]",
    "opciones": {
      "opcion a": "Permite clasificar bacterias Gram positivas y Gram negativas.",
      "opcion b": "Permite visualizar esporas bacterianas.",
      "opcion c": "Permite visualizar bacilos ácido alcohol resistentes (BAAR) del género Mycobacterium spp.",
      "opcion d": "Permite la detección de hongos levaduriformes."
    },
    "respuesta_correcta": "opcion c"
  },
  {
    "id": 247,
    "tema": "Bioquímica/Microbiología",
    "año": 2021,
    "caso_clínico": "",
    "pregunta": "Paciente con fiebre y lesión en la pierna (tejido subcutáneo y músculo). Cultivo y hemocultivo desarrollan un coco gram positivo en cadena. ¿Cuál es la etiología más probable (Fascitis Necrotizante)? [cite: 307]",
    "opciones": {
      "opcion a": "Staphylococcus aureus.",
      "opcion b": "Streptococcus pyogenes",
      "opcion c": "Enterococcus faecalis.",
      "opcion d": "Streptococcus pneumoniae."
    },
    "respuesta_correcta": "opcion b"
  },
  {
    "id": 248,
    "tema": "Bioquímica/Parasitología",
    "año": 2021,
    "caso_clínico": "",
    "pregunta": "¿A qué especie de los siguientes *Plasmodios* corresponde las formas en banda? [cite: 311]",
    "opciones": {
      "opcion a": "Plasmodium vivax",
      "opcion b": "Plasmodium falciparum",
      "opcion c": "Plasmodium malariae",
      "opcion d": "Plasmodium ovale"
    },
    "respuesta_correcta": "opcion c"
  },
  {
    "id": 249,
    "tema": "Bioquímica/Microbiología",
    "año": 2021,
    "caso_clínico": "",
    "pregunta": "En el informe de un BACOVA (balance del contenido vaginal) ¿cuál es el parámetro compatible con una vaginosis bacteriana? [cite: 315]",
    "opciones": {
      "opcion a": "Presencia de *Candida albicans* y pH ácido.",
      "opcion b": "Score en base a los morfotipos observados en la coloración de Giemsa entre 7 y 10",
      "opcion c": "Alto número de leucocitos y diplococos Gram negativos.",
      "opcion d": "Ausencia de células clave."
    },
    "respuesta_correcta": "opcion b"
  },
  {
    "id": 250,
    "tema": "Bioquímica/Microbiología",
    "año": 2021,
    "caso_clínico": "",
    "pregunta": "¿Con qué prueba bioquímica de screening Ud. puede identificar en forma preliminar *Streptococcus agalactiae* (Estreptococo grupo B)? [cite: 319]",
    "opciones": {
      "opcion a": "Prueba de la catalasa.",
      "opcion b": "Prueba de la coagulasa.",
      "opcion c": "Prueba de la oxidasa.",
      "opcion d": "Factor CAMP"
    },
    "respuesta_correcta": "opcion d"
  },
  {
    "id": 251,
    "tema": "Bioquímica/Parasitología",
    "año": 2021,
    "caso_clínico": "",
    "pregunta": "Pescador deportivo que elimina proglótides trapezoidales con útero en forma de roseta (Finlandia). ¿De qué parásito sospecha? [cite: 324]",
    "opciones": {
      "opcion a": "Taenia saginata",
      "opcion b": "Taenia solium",
      "opcion c": "Dibothriocephalus latus",
      "opcion d": "Hymenolepis nana"
    },
    "respuesta_correcta": "opcion c"
  },
  {
    "id": 252,
    "tema": "Bioquímica/Parasitología",
    "año": 2021,
    "caso_clínico": "",
    "pregunta": "¿Cuál entre las siguientes amebas se comporta como patógena? [cite: 328]",
    "opciones": {
      "opcion a": "Entamoeba coli",
      "opcion b": "Entamoeba histolytica",
      "opcion c": "Entamoeba dispar",
      "opcion d": "Iodamoeba bütschlii"
    },
    "respuesta_correcta": "opcion b"
  },
  {
    "id": 253,
    "tema": "Bioquímica/Parasitología",
    "año": 2021,
    "caso_clínico": "",
    "pregunta": "¿Cuál es el parásito que produce la cisticercosis en humanos? [cite: 332]",
    "opciones": {
      "opcion a": "Taenia saginata",
      "opcion b": "Diphyllobothrium latum",
      "opcion c": "Echinococcus granulosus",
      "opcion d": "Taenia solium"
    },
    "respuesta_correcta": "opcion d"
  },
  {
    "id": 254,
    "tema": "Bioquímica/Parasitología",
    "año": 2021,
    "caso_clínico": "",
    "pregunta": "¿Cuál es el parásito responsable de la tricomonosis genitourinaria en el humano? [cite: 336]",
    "opciones": {
      "opcion a": "Giardia lamblia",
      "opcion b": "Trypanosoma cruzi",
      "opcion c": "Trichomonas vaginalis",
      "opcion d": "Leishmania braziliensis"
    },
    "respuesta_correcta": "opcion c"
  },
  {
    "id": 255,
    "tema": "Bioquímica/Micología",
    "año": 2021,
    "caso_clínico": "",
    "pregunta": "¿Cuál de las siguientes características corresponde al micelio de *Aspergillus* spp? [cite: 340]",
    "opciones": {
      "opcion a": "Micelio no tabicado, cenocítico.",
      "opcion b": "Hialino tabicado con ramificaciones dicotómicas",
      "opcion c": "Micelio pigmentado, dematiáceo.",
      "opcion d": "Formación de clamidosporas."
    },
    "respuesta_correcta": "opcion b"
  },
  {
    "id": 256,
    "tema": "Bioquímica/Micología (Pediátrico)",
    "año": 2021,
    "caso_clínico": "",
    "pregunta": "¿Cuál es el hongo levaduriforme intracelular que más comúnmente causa infección pulmonar en pacientes con SIDA? [cite: 344]",
    "opciones": {
      "opcion a": "*Candida albicans*",
      "opcion b": "*Histoplasma capsulatum*",
      "opcion c": "*Cryptococcus neoformans*",
      "opcion d": "*Pneumocystis jirovecii*"
    },
    "respuesta_correcta": "opcion b"
  },
  {
    "id": 257,
    "tema": "Bioquímica/Micología",
    "año": 2021,
    "caso_clínico": "",
    "pregunta": "¿Cuál de los siguientes hongos es a menudo conocido como agente causal de infección grave invasiva rino-sinusal en pacientes diabéticos o neutropénicos? [cite: 348]",
    "opciones": {
      "opcion a": "Aspergillus fumigatus",
      "opcion b": "Cryptococcus neoformans",
      "opcion c": "Mucorales",
      "opcion d": "Candida glabrata"
    },
    "respuesta_correcta": "opcion c"
  },
  {
    "id": 258,
    "tema": "Bioquímica/Endocrinología",
    "año": 2021,
    "caso_clínico": "",
    "pregunta": "¿Cuál de las siguientes hormonas hipofisarias es regulada en forma predominantemente inhibitoria desde el hipotálamo? [cite: 352]",
    "opciones": {
      "opcion a": "Hormona Luteinizante (LH).",
      "opcion b": "Hormona Adrenocorticotropa (ACTH).",
      "opcion c": "Prolactina",
      "opcion d": "Hormona del Crecimiento (GH)."
    },
    "respuesta_correcta": "opcion c"
  },
  {
    "id": 259,
    "tema": "Bioquímica/Endocrinología",
    "año": 2021,
    "caso_clínico": "",
    "pregunta": "¿Cómo espera encontrar los niveles de tirotrofina (TSH) y tiroxina libre (T4L) en un hipotiroidismo secundario o central? [cite: 356]",
    "opciones": {
      "opcion a": "T4L alta y TSH alta.",
      "opcion b": "T4L baja y TSH baja o indetectable.",
      "opcion c": "T4L baja y TSH normal o baja",
      "opcion d": "T4L normal y TSH alta."
    },
    "respuesta_correcta": "opcion c"
  },
  {
    "id": 260,
    "tema": "Bioquímica/Endocrinología",
    "año": 2021,
    "caso_clínico": "",
    "pregunta": "Mujer (28 años) con TSH disminuida, T4L aumentada, anticuerpos anti receptor de TSH positivos (Hipertiroidismo). ¿Con qué patología es compatible el cuadro? [cite: 362]",
    "opciones": {
      "opcion a": "Tiroiditis de Hashimoto.",
      "opcion b": "Enfermedad de Graves",
      "opcion c": "Adenoma tóxico.",
      "opcion d": "Tiroiditis subaguda."
    },
    "respuesta_correcta": "opcion b"
  },
  {
    "id": 261,
    "tema": "Bioquímica/Endocrinología",
    "año": 2021,
    "caso_clínico": "",
    "pregunta": "¿Cuál de las siguientes condiciones puede ser causa de amenorrea hipotalámica funcional? [cite: 366]",
    "opciones": {
      "opcion a": "Hiperprolactinemia.",
      "opcion b": "Tumor hipofisario.",
      "opcion c": "Marcado estrés",
      "opcion d": "Insuficiencia ovárica precoz."
    },
    "respuesta_correcta": "opcion c"
  },
  {
    "id": 262,
    "tema": "Bioquímica/Endocrinología",
    "año": 2021,
    "caso_clínico": "",
    "pregunta": "Mujer (38 años) con virilización marcada de rápido inicio y Testosterona sérica > 200 ng/dl. ¿Cuál es el diagnóstico más probable? [cite: 370]",
    "opciones": {
      "opcion a": "Síndrome de Ovario Poliquístico (SOP).",
      "opcion b": "Hiperplasia suprarrenal congénita de inicio tardío.",
      "opcion c": "Tumor secretor de andrógenos suprarrenal u ovárico",
      "opcion d": "Uso de anabólicos esteroides exógenos."
    },
    "respuesta_correcta": "opcion c"
  },
  {
    "id": 263,
    "tema": "Bioquímica/Endocrinología (Pediátrico)",
    "año": 2021,
    "caso_clínico": "",
    "pregunta": "¿Cuál de las siguientes determinaciones es de utilidad en el diagnóstico de la deficiencia de hormona de crecimiento (GH) en la infancia? [cite: 374]",
    "opciones": {
      "opcion a": "Dosaje de GH basal.",
      "opcion b": "Dosaje de Somatomedina C (IGF-1) basal.",
      "opcion c": "Concentración de GH en respuesta a pruebas de estímulo",
      "opcion d": "TSH y T4L."
    },
    "respuesta_correcta": "opcion c"
  },
  {
    "id": 264,
    "tema": "Bioquímica/Uroanálisis",
    "año": 2021,
    "caso_clínico": "",
    "pregunta": "En el urocitograma de una niña de 5 años, ¿qué células epiteliales planas predominan? [cite: 432]",
    "opciones": {
      "opcion a": "Células superficiales.",
      "opcion b": "Células intermedias.",
      "opcion c": "Células parabasales",
      "opcion d": "Células glandulares endocervicales."
    },
    "respuesta_correcta": "opcion c"
  },
  {
    "id": 265,
    "tema": "Bioquímica/Uroanálisis",
    "año": 2021,
    "caso_clínico": "",
    "pregunta": "¿Cómo se explica la ausencia de neutrófilos en los extendidos colpocitológicos con vaginosis anaeróbica? [cite: 436]",
    "opciones": {
      "opcion a": "Disminución del pH vaginal.",
      "opcion b": "Aumento de *Gardnerella vaginalis*.",
      "opcion c": "Aumento de IL1 y disminución de IL8",
      "opcion d": "Colonización por *Trichomonas vaginalis*."
    },
    "respuesta_correcta": "opcion c"
  },
  {
    "id": 266,
    "tema": "Bioquímica/Líquidos Biológicos",
    "año": 2021,
    "caso_clínico": "",
    "pregunta": "Líquido ascítico: Recuento celular 2880 x mm3, Neutrófilos 95% (Peritonitis Bacteriana Secundaria). ¿Qué patología podría estar cursando? [cite: 444]",
    "opciones": {
      "opcion a": "Ascitis de origen cardíaco.",
      "opcion b": "Peritonitis",
      "opcion c": "Ascitis neoplásica.",
      "opcion d": "Ascitis cirrótica no complicada."
    },
    "respuesta_correcta": "opcion b"
  },
  {
    "id": 267,
    "tema": "Bioquímica/Líquidos Biológicos",
    "año": 2021,
    "caso_clínico": "",
    "pregunta": "¿Qué tipo de células están presentes en un líquido de derrame de tipo trasudado (p. ej., insuficiencia cardíaca)? [cite: 448]",
    "opciones": {
      "opcion a": "Células mesoteliales reactivas, neutrófilos > 50%.",
      "opcion b": "Células mesoteliales, macrófagos y linfocitos",
      "opcion c": "Células malignas.",
      "opcion d": "Alto recuento de neutrófilos."
    },
    "respuesta_correcta": "opcion b"
  },
  {
    "id": 268,
    "tema": "Bioquímica/Inmunología",
    "año": 2021,
    "caso_clínico": "",
    "pregunta": "¿Para cuál enfermedad autoinmune se consideran patognomónicos los anticuerpos anti-DNA nativo de alta avidez? [cite: 452]",
    "opciones": {
      "opcion a": "Síndrome de Sjögren.",
      "opcion b": "Lupus eritematoso sistémico",
      "opcion c": "Esclerosis Sistémica.",
      "opcion d": "Polimiositis."
    },
    "respuesta_correcta": "opcion b"
  },
  {
    "id": 269,
    "tema": "Bioquímica/Inmunología",
    "año": 2021,
    "caso_clínico": "",
    "pregunta": "Mujer (54 años) con hipotiroidismo, HTA, artralgias, ojo seco, sequedad oral. HEP-2: patrón 1/640 granular fino (posible anti-Ro/La). ¿Cuál es su diagnóstico más probable? [cite: 459]",
    "opciones": {
      "opcion a": "Lupus Eritematoso Sistémico.",
      "opcion b": "Síndrome de Sjögren.",
      "opcion c": "Artritis Reumatoide.",
      "opcion d": "Dermatomiositis."
    },
    "respuesta_correcta": "opcion b"
  },
  {
    "id": 270,
    "tema": "Pediatría/Infectología",
    "año": 2021,
    "caso_clínico": "",
    "pregunta": "Niño (10 años) con fiebre, somnolencia, rigidez de nuca, petequias/púrpuras, GB 18000. Sospecha de Meningitis Bacteriana. ¿LCR compatible? [cite: 957]",
    "opciones": {
      "opcion a": "LCR con 100 leucocitos /mm3, 200 mg/dl de proteínas y 30 mg/dl de glucosa (glucemia simultánea de 120 mg/dl).",
      "opcion b": "LCR con 500 leucocitos (a predominio mononuclear), proteínas normales, glucosa normal.",
      "opcion c": "LCR con 5 leucocitos, proteínas normales, glucosa normal.",
      "opcion d": "LCR hemorrágico con xantocromía."
    },
    "respuesta_correcta": "opcion a"
  },
  {
    "id": 271,
    "tema": "Pediatría/Nefrología",
    "año": 2021,
    "caso_clínico": "",
    "pregunta": "Ignacio (10 años) con hematuria, proteinuria leve, antecedente de faringitis hace 15 días. ¿Qué síntomas/signos esperaría para confirmar Síndrome Nefrítico (GNAPE)? [cite: 964]",
    "opciones": {
      "opcion a": "Proteinuria masiva (>3.5g/24hs) y dislipemia.",
      "opcion b": "Oliguria y edemas leves.",
      "opcion c": "Poliuria y glucosuria.",
      "opcion d": "Ausencia de hipertensión arterial."
    },
    "respuesta_correcta": "opcion b"
  },
  {
    "id": 272,
    "tema": "Pediatría/Urología",
    "año": 2021,
    "caso_clínico": "",
    "pregunta": "Bebé (8 meses) con ambos testículos en bolsa, líquido bilateral (transiluminación positiva). ¿Cuál es la conducta más adecuada (Hidrocele Comunicante)? [cite: 976]",
    "opciones": {
      "opcion a": "Referir a cirugía pediátrica urgente.",
      "opcion b": "Realizar punción aspiración de líquido.",
      "opcion c": "Tranquilizar a la familia y mantener conducta expectante.",
      "opcion d": "Indicar ecografía de control inmediato."
    },
    "respuesta_correcta": "opcion c"
  },
  {
    "id": 273,
    "tema": "Pediatría/Vacunación",
    "año": 2021,
    "caso_clínico": "",
    "pregunta": "Bebé (3 meses) sano, sin cicatriz de BCG. El carnet registra su colocación. ¿Qué conducta asume? [cite: 981]",
    "opciones": {
      "opcion a": "Revacunar inmediatamente con una segunda dosis.",
      "opcion b": "Solicitar prueba de tuberculina antes de revacunar.",
      "opcion c": "Observa el carnet de vacunación, si hay registro de colocación de BCG, explica que no requiere revacunar.",
      "opcion d": "Iniciar antibióticos profilácticos."
    },
    "respuesta_correcta": "opcion c"
  },
  {
    "id": 274,
    "tema": "Pediatría/Infectología",
    "año": 2021,
    "caso_clínico": "",
    "pregunta": "Octavio (4 meses), fiebre y decaimiento. Urocultivo: 100.000 colonias/*Klebsiella* (ITU alta). ¿Cuál es la conducta adecuada? [cite: 986]",
    "opciones": {
      "opcion a": "Mantener cefalexina oral y control en 72 hs.",
      "opcion b": "Iniciar tratamiento parenteral, solicitar ecografía renovesical de urgencia y cistouretrografía miccional diferida.",
      "opcion c": "Solo realizar ecografía renovesical de urgencia.",
      "opcion d": "Realizar punción suprapúbica para reconfirmar."
    },
    "respuesta_correcta": "opcion b"
  },
  {
    "id": 275,
    "tema": "Pediatría/Traumatología",
    "año": 2021,
    "caso_clínico": "",
    "pregunta": "Paciente (15 meses) con incurvación simétrica de miembros inferiores con convexidad externa (Genu Varo Fisiológico). El crecimiento es normal. ¿Cuál es la conducta más adecuada? [cite: 1006]",
    "opciones": {
      "opcion a": "Derivar a ortopedia para colocación de férulas.",
      "opcion b": "Solicitar radiografía de miembros inferiores urgente.",
      "opcion c": "Conducta expectante y tranquilizar a la familia.",
      "opcion d": "Iniciar suplementos de Vitamina D en dosis altas."
    },
    "respuesta_correcta": "opcion c"
  },
  {
    "id": 276,
    "tema": "Pediatría/Parasitología",
    "año": 2021,
    "caso_clínico": "",
    "pregunta": "Paciente (2 años) con prurito anal nocturno. ¿Qué estudio se debe solicitar para confirmar el diagnóstico (*Enterobius vermicularis*)? [cite: 1012]",
    "opciones": {
      "opcion a": "Coproparasitológico seriado.",
      "opcion b": "Cultivo de materia fecal.",
      "opcion c": "Escobillado anal y test de Graham.",
      "opcion d": "PCR en materia fecal."
    },
    "respuesta_correcta": "opcion c"
  },
  {
    "id": 277,
    "tema": "Pediatría/Cardiología",
    "año": 2021,
    "caso_clínico": "",
    "pregunta": "Mateo (7 años) con dolor precordial, decaimiento, FC 136 (irregular), TA en p5, relleno capilar enlentecido, hepatomegalia (Miocarditis). ¿Cuál es el diagnóstico presuntivo y manejo inicial? [cite: 1020]",
    "opciones": {
      "opcion a": "Disfunción valvular aguda, indicar diuréticos.",
      "opcion b": "Crisis asmática, aumentar dosis de corticoides inhalados.",
      "opcion c": "Sospecha miocarditis infecciosa o postinfecciosa viral o por mycoplasma, solicita ECG y ecocardiograma, serologías y PCR virales, interna para control y monitoreo estricto.",
      "opcion d": "Pericarditis aguda, iniciar AINES y reposo."
    },
    "respuesta_correcta": "opcion c"
  },
  {
    "id": 278,
    "tema": "Pediatría/Vacunación",
    "año": 2021,
    "caso_clínico": "",
    "pregunta": "Sofía (12 años), sin carnet, vacunas completas solo hasta los 6 meses. ¿Qué vacunas corresponde aplicarle? [cite: 1026]",
    "opciones": {
      "opcion a": "Solo BCG y Hepatitis B.",
      "opcion b": "Una dosis de Triple Viral y una dosis de DPT.",
      "opcion c": "2 dosis de HPV; 2 dosis de triple viral; 1 dosis de antimeningocóccica; 1 dosis de triple bacteriana acelular.",
      "opcion d": "Solo PAI y Sabin."
    },
    "respuesta_correcta": "opcion c"
  },
  {
    "id": 279,
    "tema": "Pediatría/Gastroenterología",
    "año": 2021,
    "caso_clínico": "",
    "pregunta": "Tobías (24 días), vómitos 'en proyectil' con cada alimento, irritable. Sospecha de Estenosis Hipertrófica del Píloro. ¿Qué estudio complementario solicita? [cite: 1040]",
    "opciones": {
      "opcion a": "Serie esófago-gastroduodenal.",
      "opcion b": "Ecografía abdominal.",
      "opcion c": "Tomografía axial computada.",
      "opcion d": "Endoscopía digestiva alta."
    },
    "respuesta_correcta": "opcion b"
  },
  {
    "id": 280,
    "tema": "Pediatría/Infectología",
    "año": 2021,
    "caso_clínico": "",
    "pregunta": "Recién nacido a término, examen físico normal. Madre tratada por sífilis en la semana 30 con 3 dosis de Penicilina Benz., separadas por una semana. ¿Cuál es la conducta adecuada para seguimiento del niño? [cite: 1048]",
    "opciones": {
      "opcion a": "Tratamiento con Penicilina G Sódica por 10 días.",
      "opcion b": "Conducta expectante, no requiere seguimiento.",
      "opcion c": "Seguimiento clínico y serológico durante el primer año.",
      "opcion d": "Solo seguimiento clínico."
    },
    "respuesta_correcta": "opcion c"
  },
  {
    "id": 281,
    "tema": "Pediatría/ORL",
    "año": 2021,
    "caso_clínico": "",
    "pregunta": "Matías (9 años) con otitis media aguda en tto con Amoxicilina. Consulta por fiebre, dolor retroauricular izquierdo, edema/eritema retroauricular (Mastoiditis). ¿Qué estudio complementario solicita? [cite: 1056]",
    "opciones": {
      "opcion a": "Radiografía simple de mastoides.",
      "opcion b": "Audiometría.",
      "opcion c": "TAC cerebral con contraste endovenoso.",
      "opcion d": "Cultivo de secreción nasal."
    },
    "respuesta_correcta": "opcion c"
  },
  {
    "id": 282,
    "tema": "Pediatría/Infectología",
    "año": 2021,
    "caso_clínico": "",
    "pregunta": "Lucas (8 años), varicela (6º día), lesiones vesículo costrosas, costra mielicérica en pierna, lesión indurada eritematosa caliente de 6 cm (Impétigo, Celulitis). Señale la conducta a seguir: [cite: 1063]",
    "opciones": {
      "opcion a": "Alta con antibióticos orales.",
      "opcion b": "Solicita laboratorio, hemocultivos e internación para antibióticos parenterales.",
      "opcion c": "Solo tratamiento tópico con Mupirocina.",
      "opcion d": "Aislamiento y aciclovir oral."
    },
    "respuesta_correcta": "opcion b"
  },
  {
    "id": 283,
    "tema": "Pediatría/Traumatología",
    "año": 2021,
    "caso_clínico": "",
    "pregunta": "Niña (4 años) con claudicación de la marcha, fiebre, dolor a movilización de cadera derecha, derrame articular con ecos internos (Artritis Séptica de Cadera). ¿Cuál es la conducta inicial? [cite: 1070]",
    "opciones": {
      "opcion a": "Reposo y antiinflamatorios.",
      "opcion b": "Antibióticos orales y observación.",
      "opcion c": "Indica exploración quirúrgica.",
      "opcion d": "Aspiración del derrame y alta."
    },
    "respuesta_correcta": "opcion c"
  },
  {
    "id": 284,
    "tema": "Pediatría/Hematología",
    "año": 2021,
    "caso_clínico": "",
    "pregunta": "Juan (10 años) con hematomas generalizados, hipertrofia gingival, sangrado de encías, síndrome confusional, plaquetas 15.000, TP 45% (Leucemia Mieloide Aguda). ¿Cuál es su principal sospecha diagnóstica? [cite: 1076]",
    "opciones": {
      "opcion a": "Púrpura Trombocitopénica Inmune.",
      "opcion b": "Anemia Aplásica.",
      "opcion c": "Hemofilia.",
      "opcion d": "Leucemia mieloide aguda."
    },
    "respuesta_correcta": "opcion d"
  },
  {
    "id": 285,
    "tema": "Medicina (Salud Mental)",
    "año": 2021,
    "caso_clínico": "",
    "pregunta": "Facundo, múltiples episodios de palpitaciones, ahogo, hormigueos, mareo, miedo, sin causa orgánica (Trastorno de Pánico). ¿Cuál es la conducta más adecuada? [cite: 1265]",
    "opciones": {
      "opcion a": "Solo solicitar un nuevo electrocardiograma y control semanal.",
      "opcion b": "Indicar Alprazolam sublingual, contener; ampliar anamnesis para decidir inicio de tratamiento con benzodiacepinas e inhibidores de la recaptación de serotonina y pautar seguimiento.",
      "opcion c": "Derivación a cardiología para Holter de 24 hs.",
      "opcion d": "Explicarle que es estrés y darle el alta."
    },
    "respuesta_correcta": "opcion b"
  },
  {
    "id": 286,
    "tema": "Medicina (Nefrología)",
    "año": 2021,
    "caso_clínico": "",
    "pregunta": "Hombre (71 años) con hipertensión portal (cirrosis), disnea, fiebre, derrame pleural, toracocentesis con pH 6.8, LDH 900, Glucosa 20, Proteínas líquido 3.1. ¿Diagnóstico y tratamiento? [cite: 1545]",
    "opciones": {
      "opcion a": "Derrame pleural paraneumónico no complicado. Antibióticos orales.",
      "opcion b": "Derrame pleural por Insuficiencia Cardíaca. Diuréticos.",
      "opcion c": "Exudado complicado/empiema que requiere de drenaje pleural y antibioticoterapia.",
      "opcion d": "Ascitis Pleural (Hidrotórax Hepático). Albúmina IV."
    },
    "respuesta_correcta": "opcion c"
  },
  {
    "id": 287,
    "tema": "Medicina (Respiratorio)",
    "año": 2021,
    "caso_clínico": "",
    "pregunta": "Paciente (68 años) con tos, disnea, crepitantes en base derecha, compatible con neumonía. CURB-65 = 1. ¿Cuál es la conducta más adecuada? [cite: 1553]",
    "opciones": {
      "opcion a": "Internación hospitalaria con doble esquema antibiótico IV.",
      "opcion b": "Indica Amoxicilina/Clavulánico por 7 días. Mantiene control ambulatorio.",
      "opcion c": "Internación en Unidad de Cuidados Intensivos.",
      "opcion d": "Solo reposo e hidratación."
    },
    "respuesta_correcta": "opcion b"
  },
  {
    "id": 288,
    "tema": "Medicina (Infectología/Profilaxis)",
    "año": 2021,
    "caso_clínico": "",
    "pregunta": "José (23 años) con herida importante por mordedura humana de joven alcoholizado con SIDA. ¿Cuál sería el procedimiento adecuado, además de la limpieza? [cite: 1558]",
    "opciones": {
      "opcion a": "Solo profilaxis antitetánica.",
      "opcion b": "Profilaxis frente al HIV y amoxicilina-ácido clavulánico por 5 días.",
      "opcion c": "Solo amoxicilina-ácido clavulánico por 14 días.",
      "opcion d": "No requiere profilaxis de HIV si el agresor estaba alcoholizado."
    },
    "respuesta_correcta": "opcion b"
  },
  {
    "id": 289,
    "tema": "Medicina (Infectología)",
    "año": 2021,
    "caso_clínico": "",
    "pregunta": "Pamela (37 años) con TB pulmonar, abandonó el tto RHZE a los 3 meses. A los 9 meses, baciloscopia positiva (Recaída/Fracaso). ¿Cuál es la conducta más adecuada? [cite: 1565]",
    "opciones": {
      "opcion a": "Reiniciar el esquema RHZ por 6 meses.",
      "opcion b": "Tomar muestra para cultivo y antibiograma e iniciar tratamiento empírico con R-H-Z-E",
      "opcion c": "Derivar a cirugía para resección pulmonar.",
      "opcion d": "Confirmar si la cepa es sensible a RHZE con nuevo antibiograma."
    },
    "respuesta_correcta": "opcion b"
  },
  {
    "id": 290,
    "tema": "Medicina (Toxicología)",
    "año": 2021,
    "caso_clínico": "",
    "pregunta": "Joven (19 años) agresivo, verborrágico, desinhibido, atáxico, rubicundez facial, halitosis enólica. ¿Cuál es su diagnóstico presuntivo? [cite: 1572]",
    "opciones": {
      "opcion a": "Intoxicación por cocaína.",
      "opcion b": "Intoxicación por marihuana.",
      "opcion c": "Intoxicación alcohólica moderada o grave.",
      "opcion d": "Crisis psicótica aguda."
    },
    "respuesta_correcta": "opcion c"
  },
  {
    "id": 291,
    "tema": "Medicina (Neurología)",
    "año": 2021,
    "caso_clínico": "",
    "pregunta": "Varón (70 años) con temblor en reposo solo en la mano derecha y bradicinesia. ¿Qué enfermedad puede padecer? [cite: 1579]",
    "opciones": {
      "opcion a": "Parkinsonismo vascular.",
      "opcion b": "Enfermedad de Parkinson.",
      "opcion c": "Temblor esencial.",
      "opcion d": "Hipertiroidismo recurrente."
    },
    "respuesta_correcta": "opcion b"
  },
  {
    "id": 292,
    "tema": "Medicina (Gastroenterología)",
    "año": 2021,
    "caso_clínico": "",
    "pregunta": "Paciente con ascitis. Paracentesis: gradiente de albúmina > 1.1 g/dl y neutrófilos 300/mm3. ¿El diagnóstico más probable es? [cite: 1584]",
    "opciones": {
      "opcion a": "Peritonitis tuberculosa.",
      "opcion b": "Ascitis por carcinomatosis peritoneal.",
      "opcion c": "Peritonitis bacteriana espontánea en paciente con hipertensión portal.",
      "opcion d": "Ascitis pancreática."
    },
    "respuesta_correcta": "opcion c"
  },
  {
    "id": 293,
    "tema": "Bioquímica/Inmunología",
    "año": 2021,
    "caso_clínico": "",
    "pregunta": "¿Qué compuesto miden los métodos totalmente enzimáticos para la determinación de la concentración sérica de triglicéridos? [cite: 21]",
    "opciones": {
      "opcion a": "Ácidos grasos libres.",
      "opcion b": "Colesterol.",
      "opcion c": "Glicerol",
      "opcion d": "Fosfolípidos."
    },
    "respuesta_correcta": "opcion c"
  },
  {
    "id": 294,
    "tema": "Bioquímica/Nefrología",
    "año": 2021,
    "caso_clínico": "",
    "pregunta": "¿Cuál es la tríada que caracteriza al síndrome nefrótico? [cite: 65]",
    "opciones": {
      "opcion a": "Hematuria, hipertensión y azoemia.",
      "opcion b": "Proteinuria (>3.5g/24hs), hipoalbuminemia y edema",
      "opcion c": "Glucosuria, poliuria y polidipsia.",
      "opcion d": "Anuria, oliguria e hiperkalemia."
    },
    "respuesta_correcta": "opcion b"
  },
  {
    "id": 295,
    "tema": "Bioquímica/Enzimología",
    "año": 2021,
    "caso_clínico": "",
    "pregunta": "¿A cuál clase de enzimas pertenece la 5′-Nucleotidase (EC 3.1.3.5)? [cite: 85]",
    "opciones": {
      "opcion a": "Oxidorreductasas.",
      "opcion b": "Transferasas.",
      "opcion c": "Hidrolasas.",
      "opcion d": "Liasas."
    },
    "respuesta_correcta": "opcion c"
  },
  {
    "id": 296,
    "tema": "Bioquímica/Inmunología",
    "año": 2021,
    "caso_clínico": "",
    "pregunta": "¿En qué patología autoinmune es frecuente la presencia de anticuerpos anticentrómero? [cite: 163]",
    "opciones": {
      "opcion a": "Lupus Eritematoso Sistémico (LES).",
      "opcion b": "Esclerosis sistémica localizada",
      "opcion c": "Artritis Reumatoide.",
      "opcion d": "Dermatomiositis."
    },
    "respuesta_correcta": "opcion b"
  },
  {
    "id": 297,
    "tema": "Bioquímica/Endocrinología",
    "año": 2021,
    "caso_clínico": "",
    "pregunta": "¿Cuál de las siguientes hormonas hipofisarias es regulada en forma predominantemente inhibitoria desde el hipotálamo? [cite: 352]",
    "opciones": {
      "opcion a": "Hormona Luteinizante (LH).",
      "opcion b": "Hormona Adrenocorticotropa (ACTH).",
      "opcion c": "Prolactina",
      "opcion d": "Hormona del Crecimiento (GH)."
    },
    "respuesta_correcta": "opcion c"
  },
  {
    "id": 298,
    "tema": "Bioquímica/Endocrinología (Pediátrico)",
    "año": 2021,
    "caso_clínico": "",
    "pregunta": "¿Cuál de las siguientes determinaciones es de utilidad en el diagnóstico de la deficiencia de hormona de crecimiento (GH) en la infancia? [cite: 374]",
    "opciones": {
      "opcion a": "Dosaje de GH basal.",
      "opcion b": "Dosaje de Somatomedina C (IGF-1) basal.",
      "opcion c": "Concentración de GH en respuesta a pruebas de estímulo",
      "opcion d": "TSH y T4L."
    },
    "respuesta_correcta": "opcion c"
  },
  {
    "id": 299,
    "tema": "Bioquímica/Líquidos Biológicos",
    "año": 2021,
    "caso_clínico": "",
    "pregunta": "¿Qué tipo de células están presentes en un líquido de derrame de tipo trasudado (p. ej., insuficiencia cardíaca)? [cite: 448]",
    "opciones": {
      "opcion a": "Células mesoteliales reactivas, neutrófilos > 50%.",
      "opcion b": "Células mesoteliales, macrófagos y linfocitos",
      "opcion c": "Células malignas.",
      "opcion d": "Alto recuento de neutrófilos."
    },
    "respuesta_correcta": "opcion b"
  },
  {
    "id": 300,
    "tema": "Bioquímica/Inmunología",
    "año": 2021,
    "caso_clínico": "",
    "pregunta": "¿Para cuál enfermedad autoinmune se consideran patognomónicos los anticuerpos anti-DNA nativo de alta avidez? [cite: 452]",
    "opciones": {
      "opcion a": "Síndrome de Sjögren.",
      "opcion b": "Lupus eritematoso sistémico",
      "opcion c": "Esclerosis Sistémica.",
      "opcion d": "Polimiositis."
    },
    "respuesta_correcta": "opcion b"
  }
]