[
  {
    "id": 1,
    "tema": "Hematología Crítica / Trombosis",
    "pregunta": "¿Cuál es el principal criterio diagnóstico de imagen para el **Tromboembolismo Pulmonar (TEP)** en un paciente crítico?",
    "opciones": {
      "a": "Signo de la silueta en la radiografía de tórax.",
      "b": "Defectos de llenado hipodensos en las arterias pulmonares en la Angio-TC.",
      "c": "Derrame pleural masivo.",
      "d": "Elevación de la troponina."
    },
    "respuesta_correcta": "b",
    "justificacion": "La Angio-TC pulmonar es el estándar de oro y muestra el trombo como un defecto de llenado (hipodenso) en la luz de las arterias pulmonares realzadas por el contraste."
  },
  {
    "id": 2,
    "tema": "Cálculo de Medicación",
    "pregunta": "Se necesita infundir 15, mEq de KCl en 60 minutos. Si la ampolla contiene 20 , mEq/10 , mL, ¿cuál es el volumen del medicamento puro en mL que se debe cargar?",
    "opciones": {
      "a": "15 mL.",
      "b": "7.5 mL.",
      "c": "1.5 mL.",
      "d": "20 mL."
    },
    "respuesta_correcta": "b",
    "justificacion": "Cálculo: 15 , mEq times 10 , mL 20 , mEq = 7.5, mL."
  },
  {
    "id": 3,
    "tema": "Leyes de Trasplante / Ética",
    "pregunta": "El principio ético de **Justicia Distributiva** en el trasplante de órganos se refiere principalmente a:",
    "opciones": {
      "a": "La obligatoriedad de donar órganos.",
      "b": "La distribución equitativa de los órganos basados en criterios médicos y sociales, y no en la capacidad de pago.",
      "c": "La decisión del paciente de aceptar o rechazar un trasplante.",
      "d": "La seguridad de que el órgano no cause daño al receptor."
    },
    "respuesta_correcta": "b",
    "justificacion": "El principio de Justicia exige que los recursos escasos, como los órganos, sean asignados de manera justa y transparente, priorizando la necesidad médica (gravedad, compatibilidad) sobre otros factores."
  },
  {
    "id": 4,
    "tema": "Hematología Crítica / Coagulación",
    "pregunta": "En un paciente con **Coagulación Intravascular Diseminada (CID)** grave en la UCI, ¿cuál de los siguientes hallazgos de laboratorio es más indicativo de un mal pronóstico?",
    "opciones": {
      "a": "Tiempo de protrombina (TP) ligeramente prolongado.",
      "b": "Niveles normales de fibrinógeno.",
      "c": "Trombocitopenia progresiva y niveles muy elevados de Dímero D.",
      "d": "Reticulocitosis."
    },
    "respuesta_correcta": "c",
    "justificacion": "La CID se caracteriza por una coagulación y fibrinólisis descontroladas. La trombocitopenia por consumo y el aumento masivo de productos de degradación de la fibrina (Dímero D) reflejan la gravedad del proceso."
  },
  {
    "id": 5,
    "tema": "Leyes de Trasplante / Donante Vivo",
    "pregunta": "Para la **Donación de Órgano en Vida** (ej. un riñón), además del consentimiento informado, el requisito legal y ético fundamental es:",
    "opciones": {
      "a": "Ser de la misma edad que el receptor.",
      "b": "Ser compatible genéticamente al 100%.",
      "c": "Que el donante no sufra ningún riesgo para su vida o salud y que exista una relación de parentesco o judicial.",
      "d": "Tener un grupo sanguíneo ABO idéntico."
    },
    "respuesta_correcta": "c",
    "justificacion": "La ley exige minimizar el riesgo para la salud del donante y asegura que la donación se realice en el marco de lazos familiares o por autorización judicial para evitar el comercio de órganos."
  },
  {
    "id": 6,
    "tema": "Hematología Crítica / Anticoagulación",
    "pregunta": "En la monitorización de la anticoagulación con **Heparina No Fraccionada (HNF)**, ¿cuál es el parámetro de laboratorio más utilizado?",
    "opciones": {
      "a": "Tiempo de Protrombina (TP).",
      "b": "Tiempo de Tromboplastina Parcial Activada (aPTT).",
      "c": "Niveles de Antitrombina III.",
      "d": "Dímero D."
    },
    "respuesta_correcta": "b",
    "justificacion": "La HNF ejerce su efecto principalmente inhibiendo el factor Xa y la trombina (Factor IIa), lo que se refleja en la prolongación del aPTT (vía intrínseca). Se busca mantener el aPTT en un rango terapéutico específico."
  },
  {
    "id": 7,
    "tema": "Cálculo de Medicación",
    "pregunta": "Una infusión de Amiodarona (900 , mg en 500 , mL) debe pasarse a una velocidad de 0.5 , mg/min. ¿A qué velocidad se debe programar la bomba en mL/h?",
    "opciones": {
      "a": "16.7 mL/h.",
      "b": "25.5 mL/h.",
      "c": "33.3 mL/h.",
      "d": "50 mL/h."
    },
    "respuesta_correcta": "a",
    "justificacion": "Concentración de la dilución: 900 , mg 500 , mL = 1.8 , mg/mL. Dosis por hora: 0.5 , mg/min times 60 , {min/h} = 30 ,mg/h. Velocidad en mL/h: 30 , mg/h 1.8 , mg/mL approx 16.66 , mL/h."
  },
  {
    "id": 8,
    "tema": "Leyes de Trasplante / Rechazo",
    "pregunta": "¿Qué nombre recibe el rechazo de órganos o tejidos entre especies diferentes (ej. de cerdo a humano)?",
    "opciones": {
      "a": "Aloinjerto.",
      "b": "Isogéneo.",
      "c": "Xenotrasplante.",
      "d": "Autotrasplante."
    },
    "respuesta_correcta": "c",
    "justificacion": "Xenotrasplante (o heteroinjerto) es la transferencia de células, tejidos u órganos entre especies diferentes (ej. xenotrasplante porcino a humano)."
  },
  {
    "id": 9,
    "tema": "Hematología Crítica / TIH",
    "pregunta": "En la **Trombocitopenia Inducida por Heparina (TIH)** Tipo II, el tratamiento inicial crucial consiste en:",
    "opciones": {
      "a": "Continuar con Heparina de Bajo Peso Molecular (HBPM) y monitorizar.",
      "b": "Administrar transfusión de plaquetas inmediata.",
      "c": "Suspender inmediatamente toda la Heparina y comenzar con un inhibidor directo de la trombina (ej. Argatroban).",
      "d": "Iniciar Warfarina inmediatamente."
    },
    "respuesta_correcta": "c",
    "justificacion": "La TIH es un estado protrombótico grave. La suspensión de toda la heparina y el inicio de un anticoagulante no heparínico (Argatroban, Bivalirudina, Fondaparinux) es esencial. La transfusión de plaquetas está contraindicada."
  },
  {
    "id": 10,
    "tema": "Cálculo de Medicación",
    "pregunta": "Se necesita pasar 100 , mL de medicación en 30 minutos. ¿A qué velocidad se programa la bomba en mL/h?",
    "opciones": {
      "a": "100 mL/h.",
      "b": "150 mL/h.",
      "c": "200 mL/h.",
      "d": "300 mL/h."
    },
    "respuesta_correcta": "c",
    "justificacion": "Velocidad: Volumen total / Tiempo en horas. 100 , mL 0.5 , h = 200 , mL/h."
  },
  {
    "id": 11,
    "tema": "Leyes de Trasplante / Muerte Encefálica",
    "pregunta": "La declaración de **Muerte Encefálica** en el contexto de la donación de órganos requiere legalmente:",
    "opciones": {
      "a": "Un solo examen clínico por un médico tratante.",
      "b": "El cese irreversible de las funciones cardiovasculares.",
      "c": "Dos exámenes clínicos neurológicos por médicos no vinculados al trasplante y pruebas instrumentales confirmatorias.",
      "d": "Autorización notarial."
    },
    "respuesta_correcta": "c",
    "justificacion": "Se requieren dos exámenes clínicos por médicos independientes (no parte del equipo de trasplante) y pruebas instrumentales (ej. EEG, Doppler transcraneal) para asegurar la irreversibilidad y evitar conflictos de interés (Regla del Donante Muerto)."
  },
  {
    "id": 12,
    "tema": "Hematología Crítica / Transfusión",
    "pregunta": "El riesgo más grave e inmediato de la **Transfusión de Glóbulos Rojos (GR)** es:",
    "opciones": {
      "a": "Hemocromatosis.",
      "b": "Reacción hemolítica aguda por incompatibilidad ABO.",
      "c": "Transmisión del VIH.",
      "d": "Desarrollo de aloanticuerpos anti-HLA."
    },
    "respuesta_correcta": "b",
    "justificacion": "La reacción hemolítica aguda, casi siempre causada por error en la identificación del paciente y la incompatibilidad ABO, es una emergencia que puede llevar a CID, shock y muerte."
  },
  {
    "id": 13,
    "tema": "Hematología Crítica / Trombosis",
    "pregunta": "¿Cuál es el principal criterio diagnóstico de imagen para el **Tromboembolismo Pulmonar (TEP)** en un paciente crítico?",
    "opciones": {
      "a": "Signo de la silueta en la radiografía de tórax.",
      "b": "Defectos de llenado hipodensos en las arterias pulmonares en la Angio-TC.",
      "c": "Derrame pleural masivo.",
      "d": "Elevación de la troponina."
    },
    "respuesta_correcta": "b",
    "justificacion": "La Angio-TC pulmonar es el estándar de oro y muestra el trombo como un defecto de llenado (hipodenso) en la luz de las arterias pulmonares realzadas por el contraste."
  },
  {
    "id": 14,
    "tema": "Cálculo de Medicación",
    "pregunta": "Se necesita infundir 15, mEq de KCl en 60 minutos. Si la ampolla contiene 20 , mEq/10 , mL, ¿cuál es el volumen del medicamento puro en mL que se debe cargar?",
    "opciones": {
      "a": "15 mL.",
      "b": "7.5 mL.",
      "c": "1.5 mL.",
      "d": "20 mL."
    },
    "respuesta_correcta": "b",
    "justificacion": "Cálculo: 15 , mEq times 10 , mL 20 , mEq = 7.5, mL."
  },
  {
    "id": 15,
    "tema": "Leyes de Trasplante / Ética",
    "pregunta": "El principio ético de **Justicia Distributiva** en el trasplante de órganos se refiere principalmente a:",
    "opciones": {
      "a": "La obligatoriedad de donar órganos.",
      "b": "La distribución equitativa de los órganos basados en criterios médicos y sociales, y no en la capacidad de pago.",
      "c": "La decisión del paciente de aceptar o rechazar un trasplante.",
      "d": "La seguridad de que el órgano no cause daño al receptor."
    },
    "respuesta_correcta": "b",
    "justificacion": "El principio de Justicia exige que los recursos escasos, como los órganos, sean asignados de manera justa y transparente, priorizando la necesidad médica (gravedad, compatibilidad) sobre otros factores."
  },
  {
    "id": 16,
    "tema": "Hematología Crítica / Coagulación",
    "pregunta": "En un paciente con **Coagulación Intravascular Diseminada (CID)** grave en la UCI, ¿cuál de los siguientes hallazgos de laboratorio es más indicativo de un mal pronóstico?",
    "opciones": {
      "a": "Tiempo de protrombina (TP) ligeramente prolongado.",
      "b": "Niveles normales de fibrinógeno.",
      "c": "Trombocitopenia progresiva y niveles muy elevados de Dímero D.",
      "d": "Reticulocitosis."
    },
    "respuesta_correcta": "c",
    "justificacion": "La CID se caracteriza por una coagulación y fibrinólisis descontroladas. La trombocitopenia por consumo y el aumento masivo de productos de degradación de la fibrina (Dímero D) reflejan la gravedad del proceso."
  },
  {
    "id": 17,
    "tema": "Leyes de Trasplante / Donante Vivo",
    "pregunta": "Para la **Donación de Órgano en Vida** (ej. un riñón), además del consentimiento informado, el requisito legal y ético fundamental es:",
    "opciones": {
      "a": "Ser de la misma edad que el receptor.",
      "b": "Ser compatible genéticamente al 100%.",
      "c": "Que el donante no sufra ningún riesgo para su vida o salud y que exista una relación de parentesco o judicial.",
      "d": "Tener un grupo sanguíneo ABO idéntico."
    },
    "respuesta_correcta": "c",
    "justificacion": "La ley exige minimizar el riesgo para la salud del donante y asegura que la donación se realice en el marco de lazos familiares o por autorización judicial para evitar el comercio de órganos."
  },
  {
    "id": 18,
    "tema": "Hematología Crítica / Anticoagulación",
    "pregunta": "En la monitorización de la anticoagulación con **Heparina No Fraccionada (HNF)**, ¿cuál es el parámetro de laboratorio más utilizado?",
    "opciones": {
      "a": "Tiempo de Protrombina (TP).",
      "b": "Tiempo de Tromboplastina Parcial Activada (aPTT).",
      "c": "Niveles de Antitrombina III.",
      "d": "Dímero D."
    },
    "respuesta_correcta": "b",
    "justificacion": "La HNF ejerce su efecto principalmente inhibiendo el factor Xa y la trombina (Factor IIa), lo que se refleja en la prolongación del aPTT (vía intrínseca). Se busca mantener el aPTT en un rango terapéutico específico."
  },
  {
    "id": 19,
    "tema": "Cálculo de Medicación",
    "pregunta": "Una infusión de Amiodarona (900 , mg en 500 , mL) debe pasarse a una velocidad de 0.5 , mg/min. ¿A qué velocidad se debe programar la bomba en mL/h?",
    "opciones": {
      "a": "16.7 mL/h.",
      "b": "25.5 mL/h.",
      "c": "33.3 mL/h.",
      "d": "50 mL/h."
    },
    "respuesta_correcta": "a",
    "justificacion": "Concentración de la dilución: 900 , mg 500 , mL = 1.8 , mg/mL. Dosis por hora: 0.5 , mg/min times 60 , {min/h} = 30 ,mg/h. Velocidad en mL/h: 30 , mg/h 1.8 , mg/mL approx 16.66 , mL/h."
  },
  {
    "id": 20,
    "tema": "Leyes de Trasplante / Rechazo",
    "pregunta": "¿Qué nombre recibe el rechazo de órganos o tejidos entre especies diferentes (ej. de cerdo a humano)?",
    "opciones": {
      "a": "Aloinjerto.",
      "b": "Isogéneo.",
      "c": "Xenotrasplante.",
      "d": "Autotrasplante."
    },
    "respuesta_correcta": "c",
    "justificacion": "Xenotrasplante (o heteroinjerto) es la transferencia de células, tejidos u órganos entre especies diferentes (ej. xenotrasplante porcino a humano)."
  },
  {
    "id": 21,
    "tema": "Hematología Crítica / TIH",
    "pregunta": "En la **Trombocitopenia Inducida por Heparina (TIH)** Tipo II, el tratamiento inicial crucial consiste en:",
    "opciones": {
      "a": "Continuar con Heparina de Bajo Peso Molecular (HBPM) y monitorizar.",
      "b": "Administrar transfusión de plaquetas inmediata.",
      "c": "Suspender inmediatamente toda la Heparina y comenzar con un inhibidor directo de la trombina (ej. Argatroban).",
      "d": "Iniciar Warfarina inmediatamente."
    },
    "respuesta_correcta": "c",
    "justificacion": "La TIH es un estado protrombótico grave. La suspensión de toda la heparina y el inicio de un anticoagulante no heparínico (Argatroban, Bivalirudina, Fondaparinux) es esencial. La transfusión de plaquetas está contraindicada."
  },
  {
    "id": 22,
    "tema": "Cálculo de Medicación",
    "pregunta": "Se necesita pasar 100 , mL de medicación en 30 minutos. ¿A qué velocidad se programa la bomba en mL/h?",
    "opciones": {
      "a": "100 mL/h.",
      "b": "150 mL/h.",
      "c": "200 mL/h.",
      "d": "300 mL/h."
    },
    "respuesta_correcta": "c",
    "justificacion": "Velocidad: Volumen total / Tiempo en horas. 100 , mL 0.5 , h = 200 , mL/h."
  },
  {
    "id": 23,
    "tema": "Leyes de Trasplante / Muerte Encefálica",
    "pregunta": "La declaración de **Muerte Encefálica** en el contexto de la donación de órganos requiere legalmente:",
    "opciones": {
      "a": "Un solo examen clínico por un médico tratante.",
      "b": "El cese irreversible de las funciones cardiovasculares.",
      "c": "Dos exámenes clínicos neurológicos por médicos no vinculados al trasplante y pruebas instrumentales confirmatorias.",
      "d": "Autorización notarial."
    },
    "respuesta_correcta": "c",
    "justificacion": "Se requieren dos exámenes clínicos por médicos independientes (no parte del equipo de trasplante) y pruebas instrumentales (ej. EEG, Doppler transcraneal) para asegurar la irreversibilidad y evitar conflictos de interés (Regla del Donante Muerto)."
  },
  {
    "id": 24,
    "tema": "Hematología Crítica / Transfusión",
    "pregunta": "El riesgo más grave e inmediato de la **Transfusión de Glóbulos Rojos (GR)** es:",
    "opciones": {
      "a": "Hemocromatosis.",
      "b": "Reacción hemolítica aguda por incompatibilidad ABO.",
      "c": "Transmisión del VIH.",
      "d": "Desarrollo de aloanticuerpos anti-HLA."
    },
    "respuesta_correcta": "b",
    "justificacion": "La reacción hemolítica aguda, casi siempre causada por error en la identificación del paciente y la incompatibilidad ABO, es una emergencia que puede llevar a CID, shock y muerte."
  },
  {
    "id": 25,
    "tema": "Hematología Crítica / Trombosis",
    "pregunta": "¿Cuál es el principal criterio diagnóstico de imagen para el **Tromboembolismo Pulmonar (TEP)** en un paciente crítico?",
    "opciones": {
      "a": "Signo de la silueta en la radiografía de tórax.",
      "b": "Defectos de llenado hipodensos en las arterias pulmonares en la Angio-TC.",
      "c": "Derrame pleural masivo.",
      "d": "Elevación de la troponina."
    },
    "respuesta_correcta": "b",
    "justificacion": "La Angio-TC pulmonar es el estándar de oro y muestra el trombo como un defecto de llenado (hipodenso) en la luz de las arterias pulmonares realzadas por el contraste."
  },
  {
    "id": 26,
    "tema": "Cálculo de Medicación",
    "pregunta": "Se necesita infundir 15, mEq de KCl en 60 minutos. Si la ampolla contiene 20 , mEq/10 , mL, ¿cuál es el volumen del medicamento puro en mL que se debe cargar?",
    "opciones": {
      "a": "15 mL.",
      "b": "7.5 mL.",
      "c": "1.5 mL.",
      "d": "20 mL."
    },
    "respuesta_correcta": "b",
    "justificacion": "Cálculo: 15 , mEq times 10 , mL 20 , mEq = 7.5, mL."
  },
  {
    "id": 27,
    "tema": "Leyes de Trasplante / Ética",
    "pregunta": "El principio ético de **Justicia Distributiva** en el trasplante de órganos se refiere principalmente a:",
    "opciones": {
      "a": "La obligatoriedad de donar órganos.",
      "b": "La distribución equitativa de los órganos basados en criterios médicos y sociales, y no en la capacidad de pago.",
      "c": "La decisión del paciente de aceptar o rechazar un trasplante.",
      "d": "La seguridad de que el órgano no cause daño al receptor."
    },
    "respuesta_correcta": "b",
    "justificacion": "El principio de Justicia exige que los recursos escasos, como los órganos, sean asignados de manera justa y transparente, priorizando la necesidad médica (gravedad, compatibilidad) sobre otros factores."
  },
  {
    "id": 28,
    "tema": "Hematología Crítica / Coagulación",
    "pregunta": "En un paciente con **Coagulación Intravascular Diseminada (CID)** grave en la UCI, ¿cuál de los siguientes hallazgos de laboratorio es más indicativo de un mal pronóstico?",
    "opciones": {
      "a": "Tiempo de protrombina (TP) ligeramente prolongado.",
      "b": "Niveles normales de fibrinógeno.",
      "c": "Trombocitopenia progresiva y niveles muy elevados de Dímero D.",
      "d": "Reticulocitosis."
    },
    "respuesta_correcta": "c",
    "justificacion": "La CID se caracteriza por una coagulación y fibrinólisis descontroladas. La trombocitopenia por consumo y el aumento masivo de productos de degradación de la fibrina (Dímero D) reflejan la gravedad del proceso."
  },
  {
    "id": 29,
    "tema": "Leyes de Trasplante / Donante Vivo",
    "pregunta": "Para la **Donación de Órgano en Vida** (ej. un riñón), además del consentimiento informado, el requisito legal y ético fundamental es:",
    "opciones": {
      "a": "Ser de la misma edad que el receptor.",
      "b": "Ser compatible genéticamente al 100%.",
      "c": "Que el donante no sufra ningún riesgo para su vida o salud y que exista una relación de parentesco o judicial.",
      "d": "Tener un grupo sanguíneo ABO idéntico."
    },
    "respuesta_correcta": "c",
    "justificacion": "La ley exige minimizar el riesgo para la salud del donante y asegura que la donación se realice en el marco de lazos familiares o por autorización judicial para evitar el comercio de órganos."
  },
  {
    "id": 30,
    "tema": "Hematología Crítica / Anticoagulación",
    "pregunta": "En la monitorización de la anticoagulación con **Heparina No Fraccionada (HNF)**, ¿cuál es el parámetro de laboratorio más utilizado?",
    "opciones": {
      "a": "Tiempo de Protrombina (TP).",
      "b": "Tiempo de Tromboplastina Parcial Activada (aPTT).",
      "c": "Niveles de Antitrombina III.",
      "d": "Dímero D."
    },
    "respuesta_correcta": "b",
    "justificacion": "La HNF ejerce su efecto principalmente inhibiendo el factor Xa y la trombina (Factor IIa), lo que se refleja en la prolongación del aPTT (vía intrínseca). Se busca mantener el aPTT en un rango terapéutico específico."
  },
  {
    "id": 31,
    "tema": "Cálculo de Medicación",
    "pregunta": "Una infusión de Amiodarona (900 , mg en 500 , mL) debe pasarse a una velocidad de 0.5 , mg/min. ¿A qué velocidad se debe programar la bomba en mL/h?",
    "opciones": {
      "a": "16.7 mL/h.",
      "b": "25.5 mL/h.",
      "c": "33.3 mL/h.",
      "d": "50 mL/h."
    },
    "respuesta_correcta": "a",
    "justificacion": "Concentración de la dilución: 900 , mg 500 , mL = 1.8 , mg/mL. Dosis por hora: 0.5 , mg/min times 60 , {min/h} = 30 ,mg/h. Velocidad en mL/h: 30 , mg/h 1.8 , mg/mL approx 16.66 , mL/h."
  },
  {
    "id": 32,
    "tema": "Leyes de Trasplante / Rechazo",
    "pregunta": "¿Qué nombre recibe el rechazo de órganos o tejidos entre especies diferentes (ej. de cerdo a humano)?",
    "opciones": {
      "a": "Aloinjerto.",
      "b": "Isogéneo.",
      "c": "Xenotrasplante.",
      "d": "Autotrasplante."
    },
    "respuesta_correcta": "c",
    "justificacion": "Xenotrasplante (o heteroinjerto) es la transferencia de células, tejidos u órganos entre especies diferentes (ej. xenotrasplante porcino a humano)."
  },
  {
    "id": 33,
    "tema": "Hematología Crítica / TIH",
    "pregunta": "En la **Trombocitopenia Inducida por Heparina (TIH)** Tipo II, el tratamiento inicial crucial consiste en:",
    "opciones": {
      "a": "Continuar con Heparina de Bajo Peso Molecular (HBPM) y monitorizar.",
      "b": "Administrar transfusión de plaquetas inmediata.",
      "c": "Suspender inmediatamente toda la Heparina y comenzar con un inhibidor directo de la trombina (ej. Argatroban).",
      "d": "Iniciar Warfarina inmediatamente."
    },
    "respuesta_correcta": "c",
    "justificacion": "La TIH es un estado protrombótico grave. La suspensión de toda la heparina y el inicio de un anticoagulante no heparínico (Argatroban, Bivalirudina, Fondaparinux) es esencial. La transfusión de plaquetas está contraindicada."
  },
  {
    "id": 34,
    "tema": "Cálculo de Medicación",
    "pregunta": "Se necesita pasar 100 , mL de medicación en 30 minutos. ¿A qué velocidad se programa la bomba en mL/h?",
    "opciones": {
      "a": "100 mL/h.",
      "b": "150 mL/h.",
      "c": "200 mL/h.",
      "d": "300 mL/h."
    },
    "respuesta_correcta": "c",
    "justificacion": "Velocidad: Volumen total / Tiempo en horas. 100 , mL 0.5 , h = 200 , mL/h."
  },
  {
    "id": 35,
    "tema": "Leyes de Trasplante / Muerte Encefálica",
    "pregunta": "La declaración de **Muerte Encefálica** en el contexto de la donación de órganos requiere legalmente:",
    "opciones": {
      "a": "Un solo examen clínico por un médico tratante.",
      "b": "El cese irreversible de las funciones cardiovasculares.",
      "c": "Dos exámenes clínicos neurológicos por médicos no vinculados al trasplante y pruebas instrumentales confirmatorias.",
      "d": "Autorización notarial."
    },
    "respuesta_correcta": "c",
    "justificacion": "Se requieren dos exámenes clínicos por médicos independientes (no parte del equipo de trasplante) y pruebas instrumentales (ej. EEG, Doppler transcraneal) para asegurar la irreversibilidad y evitar conflictos de interés (Regla del Donante Muerto)."
  },
  {
    "id": 36,
    "tema": "Hematología Crítica / Transfusión",
    "pregunta": "El riesgo más grave e inmediato de la **Transfusión de Glóbulos Rojos (GR)** es:",
    "opciones": {
      "a": "Hemocromatosis.",
      "b": "Reacción hemolítica aguda por incompatibilidad ABO.",
      "c": "Transmisión del VIH.",
      "d": "Desarrollo de aloanticuerpos anti-HLA."
    },
    "respuesta_correcta": "b",
    "justificacion": "La reacción hemolítica aguda, casi siempre causada por error en la identificación del paciente y la incompatibilidad ABO, es una emergencia que puede llevar a CID, shock y muerte."
  },
  {
    "id": 37,
    "tema": "Hematología Crítica / Trombosis",
    "pregunta": "¿Cuál es el principal criterio diagnóstico de imagen para el **Tromboembolismo Pulmonar (TEP)** en un paciente crítico?",
    "opciones": {
      "a": "Signo de la silueta en la radiografía de tórax.",
      "b": "Defectos de llenado hipodensos en las arterias pulmonares en la Angio-TC.",
      "c": "Derrame pleural masivo.",
      "d": "Elevación de la troponina."
    },
    "respuesta_correcta": "b",
    "justificacion": "La Angio-TC pulmonar es el estándar de oro y muestra el trombo como un defecto de llenado (hipodenso) en la luz de las arterias pulmonares realzadas por el contraste."
  },
  {
    "id": 38,
    "tema": "Cálculo de Medicación",
    "pregunta": "Se necesita infundir 15, mEq de KCl en 60 minutos. Si la ampolla contiene 20 , mEq/10 , mL, ¿cuál es el volumen del medicamento puro en mL que se debe cargar?",
    "opciones": {
      "a": "15 mL.",
      "b": "7.5 mL.",
      "c": "1.5 mL.",
      "d": "20 mL."
    },
    "respuesta_correcta": "b",
    "justificacion": "Cálculo: 15 , mEq times 10 , mL 20 , mEq = 7.5, mL."
  },
  {
    "id": 39,
    "tema": "Leyes de Trasplante / Ética",
    "pregunta": "El principio ético de **Justicia Distributiva** en el trasplante de órganos se refiere principalmente a:",
    "opciones": {
      "a": "La obligatoriedad de donar órganos.",
      "b": "La distribución equitativa de los órganos basados en criterios médicos y sociales, y no en la capacidad de pago.",
      "c": "La decisión del paciente de aceptar o rechazar un trasplante.",
      "d": "La seguridad de que el órgano no cause daño al receptor."
    },
    "respuesta_correcta": "b",
    "justificacion": "El principio de Justicia exige que los recursos escasos, como los órganos, sean asignados de manera justa y transparente, priorizando la necesidad médica (gravedad, compatibilidad) sobre otros factores."
  },
  {
    "id": 40,
    "tema": "Hematología Crítica / Coagulación",
    "pregunta": "En un paciente con **Coagulación Intravascular Diseminada (CID)** grave en la UCI, ¿cuál de los siguientes hallazgos de laboratorio es más indicativo de un mal pronóstico?",
    "opciones": {
      "a": "Tiempo de protrombina (TP) ligeramente prolongado.",
      "b": "Niveles normales de fibrinógeno.",
      "c": "Trombocitopenia progresiva y niveles muy elevados de Dímero D.",
      "d": "Reticulocitosis."
    },
    "respuesta_correcta": "c",
    "justificacion": "La CID se caracteriza por una coagulación y fibrinólisis descontroladas. La trombocitopenia por consumo y el aumento masivo de productos de degradación de la fibrina (Dímero D) reflejan la gravedad del proceso."
  },
  {
    "id": 41,
    "tema": "Leyes de Trasplante / Donante Vivo",
    "pregunta": "Para la **Donación de Órgano en Vida** (ej. un riñón), además del consentimiento informado, el requisito legal y ético fundamental es:",
    "opciones": {
      "a": "Ser de la misma edad que el receptor.",
      "b": "Ser compatible genéticamente al 100%.",
      "c": "Que el donante no sufra ningún riesgo para su vida o salud y que exista una relación de parentesco o judicial.",
      "d": "Tener un grupo sanguíneo ABO idéntico."
    },
    "respuesta_correcta": "c",
    "justificacion": "La ley exige minimizar el riesgo para la salud del donante y asegura que la donación se realice en el marco de lazos familiares o por autorización judicial para evitar el comercio de órganos."
  },
  {
    "id": 42,
    "tema": "Hematología Crítica / Anticoagulación",
    "pregunta": "En la monitorización de la anticoagulación con **Heparina No Fraccionada (HNF)**, ¿cuál es el parámetro de laboratorio más utilizado?",
    "opciones": {
      "a": "Tiempo de Protrombina (TP).",
      "b": "Tiempo de Tromboplastina Parcial Activada (aPTT).",
      "c": "Niveles de Antitrombina III.",
      "d": "Dímero D."
    },
    "respuesta_correcta": "b",
    "justificacion": "La HNF ejerce su efecto principalmente inhibiendo el factor Xa y la trombina (Factor IIa), lo que se refleja en la prolongación del aPTT (vía intrínseca). Se busca mantener el aPTT en un rango terapéutico específico."
  },
  {
    "id": 43,
    "tema": "Cálculo de Medicación",
    "pregunta": "Una infusión de Amiodarona (900 , mg en 500 , mL) debe pasarse a una velocidad de 0.5 , mg/min. ¿A qué velocidad se debe programar la bomba en mL/h?",
    "opciones": {
      "a": "16.7 mL/h.",
      "b": "25.5 mL/h.",
      "c": "33.3 mL/h.",
      "d": "50 mL/h."
    },
    "respuesta_correcta": "a",
    "justificacion": "Concentración de la dilución: 900 , mg 500 , mL = 1.8 , mg/mL. Dosis por hora: 0.5 , mg/min times 60 , {min/h} = 30 ,mg/h. Velocidad en mL/h: 30 , mg/h 1.8 , mg/mL approx 16.66 , mL/h."
  },
  {
    "id": 44,
    "tema": "Leyes de Trasplante / Rechazo",
    "pregunta": "¿Qué nombre recibe el rechazo de órganos o tejidos entre especies diferentes (ej. de cerdo a humano)?",
    "opciones": {
      "a": "Aloinjerto.",
      "b": "Isogéneo.",
      "c": "Xenotrasplante.",
      "d": "Autotrasplante."
    },
    "respuesta_correcta": "c",
    "justificacion": "Xenotrasplante (o heteroinjerto) es la transferencia de células, tejidos u órganos entre especies diferentes (ej. xenotrasplante porcino a humano)."
  },
  {
    "id": 45,
    "tema": "Hematología Crítica / TIH",
    "pregunta": "En la **Trombocitopenia Inducida por Heparina (TIH)** Tipo II, el tratamiento inicial crucial consiste en:",
    "opciones": {
      "a": "Continuar con Heparina de Bajo Peso Molecular (HBPM) y monitorizar.",
      "b": "Administrar transfusión de plaquetas inmediata.",
      "c": "Suspender inmediatamente toda la Heparina y comenzar con un inhibidor directo de la trombina (ej. Argatroban).",
      "d": "Iniciar Warfarina inmediatamente."
    },
    "respuesta_correcta": "c",
    "justificacion": "La TIH es un estado protrombótico grave. La suspensión de toda la heparina y el inicio de un anticoagulante no heparínico (Argatroban, Bivalirudina, Fondaparinux) es esencial. La transfusión de plaquetas está contraindicada."
  },
  {
    "id": 46,
    "tema": "Cálculo de Medicación",
    "pregunta": "Se necesita pasar 100 , mL de medicación en 30 minutos. ¿A qué velocidad se programa la bomba en mL/h?",
    "opciones": {
      "a": "100 mL/h.",
      "b": "150 mL/h.",
      "c": "200 mL/h.",
      "d": "300 mL/h."
    },
    "respuesta_correcta": "c",
    "justificacion": "Velocidad: Volumen total / Tiempo en horas. 100 , mL 0.5 , h = 200 , mL/h."
  },
  {
    "id": 47,
    "tema": "Leyes de Trasplante / Muerte Encefálica",
    "pregunta": "La declaración de **Muerte Encefálica** en el contexto de la donación de órganos requiere legalmente:",
    "opciones": {
      "a": "Un solo examen clínico por un médico tratante.",
      "b": "El cese irreversible de las funciones cardiovasculares.",
      "c": "Dos exámenes clínicos neurológicos por médicos no vinculados al trasplante y pruebas instrumentales confirmatorias.",
      "d": "Autorización notarial."
    },
    "respuesta_correcta": "c",
    "justificacion": "Se requieren dos exámenes clínicos por médicos independientes (no parte del equipo de trasplante) y pruebas instrumentales (ej. EEG, Doppler transcraneal) para asegurar la irreversibilidad y evitar conflictos de interés (Regla del Donante Muerto)."
  },
  {
    "id": 48,
    "tema": "Hematología Crítica / Transfusión",
    "pregunta": "El riesgo más grave e inmediato de la **Transfusión de Glóbulos Rojos (GR)** es:",
    "opciones": {
      "a": "Hemocromatosis.",
      "b": "Reacción hemolítica aguda por incompatibilidad ABO.",
      "c": "Transmisión del VIH.",
      "d": "Desarrollo de aloanticuerpos anti-HLA."
    },
    "respuesta_correcta": "b",
    "justificacion": "La reacción hemolítica aguda, casi siempre causada por error en la identificación del paciente y la incompatibilidad ABO, es una emergencia que puede llevar a CID, shock y muerte."
  },
  {
    "id": 49,
    "tema": "Hematología Crítica / Trombosis",
    "pregunta": "¿Cuál es el principal criterio diagnóstico de imagen para el **Tromboembolismo Pulmonar (TEP)** en un paciente crítico?",
    "opciones": {
      "a": "Signo de la silueta en la radiografía de tórax.",
      "b": "Defectos de llenado hipodensos en las arterias pulmonares en la Angio-TC.",
      "c": "Derrame pleural masivo.",
      "d": "Elevación de la troponina."
    },
    "respuesta_correcta": "b",
    "justificacion": "La Angio-TC pulmonar es el estándar de oro y muestra el trombo como un defecto de llenado (hipodenso) en la luz de las arterias pulmonares realzadas por el contraste."
  },
  {
    "id": 50,
    "tema": "Cálculo de Medicación",
    "pregunta": "Se necesita infundir 15, mEq de KCl en 60 minutos. Si la ampolla contiene 20 , mEq/10 , mL, ¿cuál es el volumen del medicamento puro en mL que se debe cargar?",
    "opciones": {
      "a": "15 mL.",
      "b": "7.5 mL.",
      "c": "1.5 mL.",
      "d": "20 mL."
    },
    "respuesta_correcta": "b",
    "justificacion": "Cálculo: 15 , mEq times 10 , mL 20 , mEq = 7.5, mL."
  },
  {
    "id": 51,
    "tema": "Leyes de Trasplante / Ética",
    "pregunta": "El principio ético de **Justicia Distributiva** en el trasplante de órganos se refiere principalmente a:",
    "opciones": {
      "a": "La obligatoriedad de donar órganos.",
      "b": "La distribución equitativa de los órganos basados en criterios médicos y sociales, y no en la capacidad de pago.",
      "c": "La decisión del paciente de aceptar o rechazar un trasplante.",
      "d": "La seguridad de que el órgano no cause daño al receptor."
    },
    "respuesta_correcta": "b",
    "justificacion": "El principio de Justicia exige que los recursos escasos, como los órganos, sean asignados de manera justa y transparente, priorizando la necesidad médica (gravedad, compatibilidad) sobre otros factores."
  },
  {
    "id": 52,
    "tema": "Hematología Crítica / Coagulación",
    "pregunta": "En un paciente con **Coagulación Intravascular Diseminada (CID)** grave en la UCI, ¿cuál de los siguientes hallazgos de laboratorio es más indicativo de un mal pronóstico?",
    "opciones": {
      "a": "Tiempo de protrombina (TP) ligeramente prolongado.",
      "b": "Niveles normales de fibrinógeno.",
      "c": "Trombocitopenia progresiva y niveles muy elevados de Dímero D.",
      "d": "Reticulocitosis."
    },
    "respuesta_correcta": "c",
    "justificacion": "La CID se caracteriza por una coagulación y fibrinólisis descontroladas. La trombocitopenia por consumo y el aumento masivo de productos de degradación de la fibrina (Dímero D) reflejan la gravedad del proceso."
  },
  {
    "id": 53,
    "tema": "Leyes de Trasplante / Donante Vivo",
    "pregunta": "Para la **Donación de Órgano en Vida** (ej. un riñón), además del consentimiento informado, el requisito legal y ético fundamental es:",
    "opciones": {
      "a": "Ser de la misma edad que el receptor.",
      "b": "Ser compatible genéticamente al 100%.",
      "c": "Que el donante no sufra ningún riesgo para su vida o salud y que exista una relación de parentesco o judicial.",
      "d": "Tener un grupo sanguíneo ABO idéntico."
    },
    "respuesta_correcta": "c",
    "justificacion": "La ley exige minimizar el riesgo para la salud del donante y asegura que la donación se realice en el marco de lazos familiares o por autorización judicial para evitar el comercio de órganos."
  },
  {
    "id": 54,
    "tema": "Hematología Crítica / Anticoagulación",
    "pregunta": "En la monitorización de la anticoagulación con **Heparina No Fraccionada (HNF)**, ¿cuál es el parámetro de laboratorio más utilizado?",
    "opciones": {
      "a": "Tiempo de Protrombina (TP).",
      "b": "Tiempo de Tromboplastina Parcial Activada (aPTT).",
      "c": "Niveles de Antitrombina III.",
      "d": "Dímero D."
    },
    "respuesta_correcta": "b",
    "justificacion": "La HNF ejerce su efecto principalmente inhibiendo el factor Xa y la trombina (Factor IIa), lo que se refleja en la prolongación del aPTT (vía intrínseca). Se busca mantener el aPTT en un rango terapéutico específico."
  },
  {
    "id": 55,
    "tema": "Cálculo de Medicación",
    "pregunta": "Una infusión de Amiodarona (900 , mg en 500 , mL) debe pasarse a una velocidad de 0.5 , mg/min. ¿A qué velocidad se debe programar la bomba en mL/h?",
    "opciones": {
      "a": "16.7 mL/h.",
      "b": "25.5 mL/h.",
      "c": "33.3 mL/h.",
      "d": "50 mL/h."
    },
    "respuesta_correcta": "a",
    "justificacion": "Concentración de la dilución: 900 , mg 500 , mL = 1.8 , mg/mL. Dosis por hora: 0.5 , mg/min times 60 , {min/h} = 30 ,mg/h. Velocidad en mL/h: 30 , mg/h 1.8 , mg/mL approx 16.66 , mL/h."
  },
  {
    "id": 56,
    "tema": "Leyes de Trasplante / Rechazo",
    "pregunta": "¿Qué nombre recibe el rechazo de órganos o tejidos entre especies diferentes (ej. de cerdo a humano)?",
    "opciones": {
      "a": "Aloinjerto.",
      "b": "Isogéneo.",
      "c": "Xenotrasplante.",
      "d": "Autotrasplante."
    },
    "respuesta_correcta": "c",
    "justificacion": "Xenotrasplante (o heteroinjerto) es la transferencia de células, tejidos u órganos entre especies diferentes (ej. xenotrasplante porcino a humano)."
  },
  {
    "id": 57,
    "tema": "Hematología Crítica / TIH",
    "pregunta": "En la **Trombocitopenia Inducida por Heparina (TIH)** Tipo II, el tratamiento inicial crucial consiste en:",
    "opciones": {
      "a": "Continuar con Heparina de Bajo Peso Molecular (HBPM) y monitorizar.",
      "b": "Administrar transfusión de plaquetas inmediata.",
      "c": "Suspender inmediatamente toda la Heparina y comenzar con un inhibidor directo de la trombina (ej. Argatroban).",
      "d": "Iniciar Warfarina inmediatamente."
    },
    "respuesta_correcta": "c",
    "justificacion": "La TIH es un estado protrombótico grave. La suspensión de toda la heparina y el inicio de un anticoagulante no heparínico (Argatroban, Bivalirudina, Fondaparinux) es esencial. La transfusión de plaquetas está contraindicada."
  },
  {
    "id": 58,
    "tema": "Cálculo de Medicación",
    "pregunta": "Se necesita pasar 100 , mL de medicación en 30 minutos. ¿A qué velocidad se programa la bomba en mL/h?",
    "opciones": {
      "a": "100 mL/h.",
      "b": "150 mL/h.",
      "c": "200 mL/h.",
      "d": "300 mL/h."
    },
    "respuesta_correcta": "c",
    "justificacion": "Velocidad: Volumen total / Tiempo en horas. 100 , mL 0.5 , h = 200 , mL/h."
  },
  {
    "id": 59,
    "tema": "Leyes de Trasplante / Muerte Encefálica",
    "pregunta": "La declaración de **Muerte Encefálica** en el contexto de la donación de órganos requiere legalmente:",
    "opciones": {
      "a": "Un solo examen clínico por un médico tratante.",
      "b": "El cese irreversible de las funciones cardiovasculares.",
      "c": "Dos exámenes clínicos neurológicos por médicos no vinculados al trasplante y pruebas instrumentales confirmatorias.",
      "d": "Autorización notarial."
    },
    "respuesta_correcta": "c",
    "justificacion": "Se requieren dos exámenes clínicos por médicos independientes (no parte del equipo de trasplante) y pruebas instrumentales (ej. EEG, Doppler transcraneal) para asegurar la irreversibilidad y evitar conflictos de interés (Regla del Donante Muerto)."
  },
  {
    "id": 60,
    "tema": "Hematología Crítica / Transfusión",
    "pregunta": "El riesgo más grave e inmediato de la **Transfusión de Glóbulos Rojos (GR)** es:",
    "opciones": {
      "a": "Hemocromatosis.",
      "b": "Reacción hemolítica aguda por incompatibilidad ABO.",
      "c": "Transmisión del VIH.",
      "d": "Desarrollo de aloanticuerpos anti-HLA."
    },
    "respuesta_correcta": "b",
    "justificacion": "La reacción hemolítica aguda, casi siempre causada por error en la identificación del paciente y la incompatibilidad ABO, es una emergencia que puede llevar a CID, shock y muerte."
  },
  {
    "id": 61,
    "tema": "Hematología Crítica / Trombosis",
    "pregunta": "¿Cuál es el principal criterio diagnóstico de imagen para el **Tromboembolismo Pulmonar (TEP)** en un paciente crítico?",
    "opciones": {
      "a": "Signo de la silueta en la radiografía de tórax.",
      "b": "Defectos de llenado hipodensos en las arterias pulmonares en la Angio-TC.",
      "c": "Derrame pleural masivo.",
      "d": "Elevación de la troponina."
    },
    "respuesta_correcta": "b",
    "justificacion": "La Angio-TC pulmonar es el estándar de oro y muestra el trombo como un defecto de llenado (hipodenso) en la luz de las arterias pulmonares realzadas por el contraste."
  },
  {
    "id": 62,
    "tema": "Cálculo de Medicación",
    "pregunta": "Se necesita infundir 15, mEq de KCl en 60 minutos. Si la ampolla contiene 20 , mEq/10 , mL, ¿cuál es el volumen del medicamento puro en mL que se debe cargar?",
    "opciones": {
      "a": "15 mL.",
      "b": "7.5 mL.",
      "c": "1.5 mL.",
      "d": "20 mL."
    },
    "respuesta_correcta": "b",
    "justificacion": "Cálculo: 15 , mEq times 10 , mL 20 , mEq = 7.5, mL."
  },
  {
    "id": 63,
    "tema": "Leyes de Trasplante / Ética",
    "pregunta": "El principio ético de **Justicia Distributiva** en el trasplante de órganos se refiere principalmente a:",
    "opciones": {
      "a": "La obligatoriedad de donar órganos.",
      "b": "La distribución equitativa de los órganos basados en criterios médicos y sociales, y no en la capacidad de pago.",
      "c": "La decisión del paciente de aceptar o rechazar un trasplante.",
      "d": "La seguridad de que el órgano no cause daño al receptor."
    },
    "respuesta_correcta": "b",
    "justificacion": "El principio de Justicia exige que los recursos escasos, como los órganos, sean asignados de manera justa y transparente, priorizando la necesidad médica (gravedad, compatibilidad) sobre otros factores."
  },
  {
    "id": 64,
    "tema": "Hematología Crítica / Coagulación",
    "pregunta": "En un paciente con **Coagulación Intravascular Diseminada (CID)** grave en la UCI, ¿cuál de los siguientes hallazgos de laboratorio es más indicativo de un mal pronóstico?",
    "opciones": {
      "a": "Tiempo de protrombina (TP) ligeramente prolongado.",
      "b": "Niveles normales de fibrinógeno.",
      "c": "Trombocitopenia progresiva y niveles muy elevados de Dímero D.",
      "d": "Reticulocitosis."
    },
    "respuesta_correcta": "c",
    "justificacion": "La CID se caracteriza por una coagulación y fibrinólisis descontroladas. La trombocitopenia por consumo y el aumento masivo de productos de degradación de la fibrina (Dímero D) reflejan la gravedad del proceso."
  },
  {
    "id": 65,
    "tema": "Leyes de Trasplante / Donante Vivo",
    "pregunta": "Para la **Donación de Órgano en Vida** (ej. un riñón), además del consentimiento informado, el requisito legal y ético fundamental es:",
    "opciones": {
      "a": "Ser de la misma edad que el receptor.",
      "b": "Ser compatible genéticamente al 100%.",
      "c": "Que el donante no sufra ningún riesgo para su vida o salud y que exista una relación de parentesco o judicial.",
      "d": "Tener un grupo sanguíneo ABO idéntico."
    },
    "respuesta_correcta": "c",
    "justificacion": "La ley exige minimizar el riesgo para la salud del donante y asegura que la donación se realice en el marco de lazos familiares o por autorización judicial para evitar el comercio de órganos."
  },
  {
    "id": 66,
    "tema": "Hematología Crítica / Anticoagulación",
    "pregunta": "En la monitorización de la anticoagulación con **Heparina No Fraccionada (HNF)**, ¿cuál es el parámetro de laboratorio más utilizado?",
    "opciones": {
      "a": "Tiempo de Protrombina (TP).",
      "b": "Tiempo de Tromboplastina Parcial Activada (aPTT).",
      "c": "Niveles de Antitrombina III.",
      "d": "Dímero D."
    },
    "respuesta_correcta": "b",
    "justificacion": "La HNF ejerce su efecto principalmente inhibiendo el factor Xa y la trombina (Factor IIa), lo que se refleja en la prolongación del aPTT (vía intrínseca). Se busca mantener el aPTT en un rango terapéutico específico."
  },
  {
    "id": 67,
    "tema": "Cálculo de Medicación",
    "pregunta": "Una infusión de Amiodarona (900 , mg en 500 , mL) debe pasarse a una velocidad de 0.5 , mg/min. ¿A qué velocidad se debe programar la bomba en mL/h?",
    "opciones": {
      "a": "16.7 mL/h.",
      "b": "25.5 mL/h.",
      "c": "33.3 mL/h.",
      "d": "50 mL/h."
    },
    "respuesta_correcta": "a",
    "justificacion": "Concentración de la dilución: 900 , mg 500 , mL = 1.8 , mg/mL. Dosis por hora: 0.5 , mg/min times 60 , {min/h} = 30 ,mg/h. Velocidad en mL/h: 30 , mg/h 1.8 , mg/mL approx 16.66 , mL/h."
  },
  {
    "id": 68,
    "tema": "Leyes de Trasplante / Rechazo",
    "pregunta": "¿Qué nombre recibe el rechazo de órganos o tejidos entre especies diferentes (ej. de cerdo a humano)?",
    "opciones": {
      "a": "Aloinjerto.",
      "b": "Isogéneo.",
      "c": "Xenotrasplante.",
      "d": "Autotrasplante."
    },
    "respuesta_correcta": "c",
    "justificacion": "Xenotrasplante (o heteroinjerto) es la transferencia de células, tejidos u órganos entre especies diferentes (ej. xenotrasplante porcino a humano)."
  },
  {
    "id": 69,
    "tema": "Hematología Crítica / TIH",
    "pregunta": "En la **Trombocitopenia Inducida por Heparina (TIH)** Tipo II, el tratamiento inicial crucial consiste en:",
    "opciones": {
      "a": "Continuar con Heparina de Bajo Peso Molecular (HBPM) y monitorizar.",
      "b": "Administrar transfusión de plaquetas inmediata.",
      "c": "Suspender inmediatamente toda la Heparina y comenzar con un inhibidor directo de la trombina (ej. Argatroban).",
      "d": "Iniciar Warfarina inmediatamente."
    },
    "respuesta_correcta": "c",
    "justificacion": "La TIH es un estado protrombótico grave. La suspensión de toda la heparina y el inicio de un anticoagulante no heparínico (Argatroban, Bivalirudina, Fondaparinux) es esencial. La transfusión de plaquetas está contraindicada."
  },
  {
    "id": 70,
    "tema": "Cálculo de Medicación",
    "pregunta": "Se necesita pasar 100 , mL de medicación en 30 minutos. ¿A qué velocidad se programa la bomba en mL/h?",
    "opciones": {
      "a": "100 mL/h.",
      "b": "150 mL/h.",
      "c": "200 mL/h.",
      "d": "300 mL/h."
    },
    "respuesta_correcta": "c",
    "justificacion": "Velocidad: Volumen total / Tiempo en horas. 100 , mL 0.5 , h = 200 , mL/h."
  },
  {
    "id": 71,
    "tema": "Leyes de Trasplante / Muerte Encefálica",
    "pregunta": "La declaración de **Muerte Encefálica** en el contexto de la donación de órganos requiere legalmente:",
    "opciones": {
      "a": "Un solo examen clínico por un médico tratante.",
      "b": "El cese irreversible de las funciones cardiovasculares.",
      "c": "Dos exámenes clínicos neurológicos por médicos no vinculados al trasplante y pruebas instrumentales confirmatorias.",
      "d": "Autorización notarial."
    },
    "respuesta_correcta": "c",
    "justificacion": "Se requieren dos exámenes clínicos por médicos independientes (no parte del equipo de trasplante) y pruebas instrumentales (ej. EEG, Doppler transcraneal) para asegurar la irreversibilidad y evitar conflictos de interés (Regla del Donante Muerto)."
  },
  {
    "id": 72,
    "tema": "Hematología Crítica / Transfusión",
    "pregunta": "El riesgo más grave e inmediato de la **Transfusión de Glóbulos Rojos (GR)** es:",
    "opciones": {
      "a": "Hemocromatosis.",
      "b": "Reacción hemolítica aguda por incompatibilidad ABO.",
      "c": "Transmisión del VIH.",
      "d": "Desarrollo de aloanticuerpos anti-HLA."
    },
    "respuesta_correcta": "b",
    "justificacion": "La reacción hemolítica aguda, casi siempre causada por error en la identificación del paciente y la incompatibilidad ABO, es una emergencia que puede llevar a CID, shock y muerte."
  },
  {
    "id": 73,
    "tema": "Hematología Crítica / Trombosis",
    "pregunta": "¿Cuál es el principal criterio diagnóstico de imagen para el **Tromboembolismo Pulmonar (TEP)** en un paciente crítico?",
    "opciones": {
      "a": "Signo de la silueta en la radiografía de tórax.",
      "b": "Defectos de llenado hipodensos en las arterias pulmonares en la Angio-TC.",
      "c": "Derrame pleural masivo.",
      "d": "Elevación de la troponina."
    },
    "respuesta_correcta": "b",
    "justificacion": "La Angio-TC pulmonar es el estándar de oro y muestra el trombo como un defecto de llenado (hipodenso) en la luz de las arterias pulmonares realzadas por el contraste."
  },
  {
    "id": 74,
    "tema": "Cálculo de Medicación",
    "pregunta": "Se necesita infundir 15, mEq de KCl en 60 minutos. Si la ampolla contiene 20 , mEq/10 , mL, ¿cuál es el volumen del medicamento puro en mL que se debe cargar?",
    "opciones": {
      "a": "15 mL.",
      "b": "7.5 mL.",
      "c": "1.5 mL.",
      "d": "20 mL."
    },
    "respuesta_correcta": "b",
    "justificacion": "Cálculo: 15 , mEq times 10 , mL 20 , mEq = 7.5, mL."
  },
  {
    "id": 75,
    "tema": "Leyes de Trasplante / Ética",
    "pregunta": "El principio ético de **Justicia Distributiva** en el trasplante de órganos se refiere principalmente a:",
    "opciones": {
      "a": "La obligatoriedad de donar órganos.",
      "b": "La distribución equitativa de los órganos basados en criterios médicos y sociales, y no en la capacidad de pago.",
      "c": "La decisión del paciente de aceptar o rechazar un trasplante.",
      "d": "La seguridad de que el órgano no cause daño al receptor."
    },
    "respuesta_correcta": "b",
    "justificacion": "El principio de Justicia exige que los recursos escasos, como los órganos, sean asignados de manera justa y transparente, priorizando la necesidad médica (gravedad, compatibilidad) sobre otros factores."
  },
  {
    "id": 76,
    "tema": "Hematología Crítica / Coagulación",
    "pregunta": "En un paciente con **Coagulación Intravascular Diseminada (CID)** grave en la UCI, ¿cuál de los siguientes hallazgos de laboratorio es más indicativo de un mal pronóstico?",
    "opciones": {
      "a": "Tiempo de protrombina (TP) ligeramente prolongado.",
      "b": "Niveles normales de fibrinógeno.",
      "c": "Trombocitopenia progresiva y niveles muy elevados de Dímero D.",
      "d": "Reticulocitosis."
    },
    "respuesta_correcta": "c",
    "justificacion": "La CID se caracteriza por una coagulación y fibrinólisis descontroladas. La trombocitopenia por consumo y el aumento masivo de productos de degradación de la fibrina (Dímero D) reflejan la gravedad del proceso."
  },
  {
    "id": 77,
    "tema": "Leyes de Trasplante / Donante Vivo",
    "pregunta": "Para la **Donación de Órgano en Vida** (ej. un riñón), además del consentimiento informado, el requisito legal y ético fundamental es:",
    "opciones": {
      "a": "Ser de la misma edad que el receptor.",
      "b": "Ser compatible genéticamente al 100%.",
      "c": "Que el donante no sufra ningún riesgo para su vida o salud y que exista una relación de parentesco o judicial.",
      "d": "Tener un grupo sanguíneo ABO idéntico."
    },
    "respuesta_correcta": "c",
    "justificacion": "La ley exige minimizar el riesgo para la salud del donante y asegura que la donación se realice en el marco de lazos familiares o por autorización judicial para evitar el comercio de órganos."
  },
  {
    "id": 78,
    "tema": "Hematología Crítica / Anticoagulación",
    "pregunta": "En la monitorización de la anticoagulación con **Heparina No Fraccionada (HNF)**, ¿cuál es el parámetro de laboratorio más utilizado?",
    "opciones": {
      "a": "Tiempo de Protrombina (TP).",
      "b": "Tiempo de Tromboplastina Parcial Activada (aPTT).",
      "c": "Niveles de Antitrombina III.",
      "d": "Dímero D."
    },
    "respuesta_correcta": "b",
    "justificacion": "La HNF ejerce su efecto principalmente inhibiendo el factor Xa y la trombina (Factor IIa), lo que se refleja en la prolongación del aPTT (vía intrínseca). Se busca mantener el aPTT en un rango terapéutico específico."
  },
  {
    "id": 79,
    "tema": "Cálculo de Medicación",
    "pregunta": "Una infusión de Amiodarona (900 , mg en 500 , mL) debe pasarse a una velocidad de 0.5 , mg/min. ¿A qué velocidad se debe programar la bomba en mL/h?",
    "opciones": {
      "a": "16.7 mL/h.",
      "b": "25.5 mL/h.",
      "c": "33.3 mL/h.",
      "d": "50 mL/h."
    },
    "respuesta_correcta": "a",
    "justificacion": "Concentración de la dilución: 900 , mg 500 , mL = 1.8 , mg/mL. Dosis por hora: 0.5 , mg/min times 60 , {min/h} = 30 ,mg/h. Velocidad en mL/h: 30 , mg/h 1.8 , mg/mL approx 16.66 , mL/h."
  },
  {
    "id": 80,
    "tema": "Leyes de Trasplante / Rechazo",
    "pregunta": "¿Qué nombre recibe el rechazo de órganos o tejidos entre especies diferentes (ej. de cerdo a humano)?",
    "opciones": {
      "a": "Aloinjerto.",
      "b": "Isogéneo.",
      "c": "Xenotrasplante.",
      "d": "Autotrasplante."
    },
    "respuesta_correcta": "c",
    "justificacion": "Xenotrasplante (o heteroinjerto) es la transferencia de células, tejidos u órganos entre especies diferentes (ej. xenotrasplante porcino a humano)."
  },
  {
    "id": 81,
    "tema": "Hematología Crítica / TIH",
    "pregunta": "En la **Trombocitopenia Inducida por Heparina (TIH)** Tipo II, el tratamiento inicial crucial consiste en:",
    "opciones": {
      "a": "Continuar con Heparina de Bajo Peso Molecular (HBPM) y monitorizar.",
      "b": "Administrar transfusión de plaquetas inmediata.",
      "c": "Suspender inmediatamente toda la Heparina y comenzar con un inhibidor directo de la trombina (ej. Argatroban).",
      "d": "Iniciar Warfarina inmediatamente."
    },
    "respuesta_correcta": "c",
    "justificacion": "La TIH es un estado protrombótico grave. La suspensión de toda la heparina y el inicio de un anticoagulante no heparínico (Argatroban, Bivalirudina, Fondaparinux) es esencial. La transfusión de plaquetas está contraindicada."
  },
  {
    "id": 82,
    "tema": "Cálculo de Medicación",
    "pregunta": "Se necesita pasar 100 , mL de medicación en 30 minutos. ¿A qué velocidad se programa la bomba en mL/h?",
    "opciones": {
      "a": "100 mL/h.",
      "b": "150 mL/h.",
      "c": "200 mL/h.",
      "d": "300 mL/h."
    },
    "respuesta_correcta": "c",
    "justificacion": "Velocidad: Volumen total / Tiempo en horas. 100 , mL 0.5 , h = 200 , mL/h."
  },
  {
    "id": 83,
    "tema": "Leyes de Trasplante / Muerte Encefálica",
    "pregunta": "La declaración de **Muerte Encefálica** en el contexto de la donación de órganos requiere legalmente:",
    "opciones": {
      "a": "Un solo examen clínico por un médico tratante.",
      "b": "El cese irreversible de las funciones cardiovasculares.",
      "c": "Dos exámenes clínicos neurológicos por médicos no vinculados al trasplante y pruebas instrumentales confirmatorias.",
      "d": "Autorización notarial."
    },
    "respuesta_correcta": "c",
    "justificacion": "Se requieren dos exámenes clínicos por médicos independientes (no parte del equipo de trasplante) y pruebas instrumentales (ej. EEG, Doppler transcraneal) para asegurar la irreversibilidad y evitar conflictos de interés (Regla del Donante Muerto)."
  },
  {
    "id": 84,
    "tema": "Hematología Crítica / Transfusión",
    "pregunta": "El riesgo más grave e inmediato de la **Transfusión de Glóbulos Rojos (GR)** es:",
    "opciones": {
      "a": "Hemocromatosis.",
      "b": "Reacción hemolítica aguda por incompatibilidad ABO.",
      "c": "Transmisión del VIH.",
      "d": "Desarrollo de aloanticuerpos anti-HLA."
    },
    "respuesta_correcta": "b",
    "justificacion": "La reacción hemolítica aguda, casi siempre causada por error en la identificación del paciente y la incompatibilidad ABO, es una emergencia que puede llevar a CID, shock y muerte."
  },
  {
    "id": 85,
    "tema": "Hematología Crítica / Trombosis",
    "pregunta": "¿Cuál es el principal criterio diagnóstico de imagen para el **Tromboembolismo Pulmonar (TEP)** en un paciente crítico?",
    "opciones": {
      "a": "Signo de la silueta en la radiografía de tórax.",
      "b": "Defectos de llenado hipodensos en las arterias pulmonares en la Angio-TC.",
      "c": "Derrame pleural masivo.",
      "d": "Elevación de la troponina."
    },
    "respuesta_correcta": "b",
    "justificacion": "La Angio-TC pulmonar es el estándar de oro y muestra el trombo como un defecto de llenado (hipodenso) en la luz de las arterias pulmonares realzadas por el contraste."
  },
  {
    "id": 86,
    "tema": "Cálculo de Medicación",
    "pregunta": "Se necesita infundir 15, mEq de KCl en 60 minutos. Si la ampolla contiene 20 , mEq/10 , mL, ¿cuál es el volumen del medicamento puro en mL que se debe cargar?",
    "opciones": {
      "a": "15 mL.",
      "b": "7.5 mL.",
      "c": "1.5 mL.",
      "d": "20 mL."
    },
    "respuesta_correcta": "b",
    "justificacion": "Cálculo: 15 , mEq times 10 , mL 20 , mEq = 7.5, mL."
  },
  {
    "id": 87,
    "tema": "Leyes de Trasplante / Ética",
    "pregunta": "El principio ético de **Justicia Distributiva** en el trasplante de órganos se refiere principalmente a:",
    "opciones": {
      "a": "La obligatoriedad de donar órganos.",
      "b": "La distribución equitativa de los órganos basados en criterios médicos y sociales, y no en la capacidad de pago.",
      "c": "La decisión del paciente de aceptar o rechazar un trasplante.",
      "d": "La seguridad de que el órgano no cause daño al receptor."
    },
    "respuesta_correcta": "b",
    "justificacion": "El principio de Justicia exige que los recursos escasos, como los órganos, sean asignados de manera justa y transparente, priorizando la necesidad médica (gravedad, compatibilidad) sobre otros factores."
  },
  {
    "id": 88,
    "tema": "Hematología Crítica / Coagulación",
    "pregunta": "En un paciente con **Coagulación Intravascular Diseminada (CID)** grave en la UCI, ¿cuál de los siguientes hallazgos de laboratorio es más indicativo de un mal pronóstico?",
    "opciones": {
      "a": "Tiempo de protrombina (TP) ligeramente prolongado.",
      "b": "Niveles normales de fibrinógeno.",
      "c": "Trombocitopenia progresiva y niveles muy elevados de Dímero D.",
      "d": "Reticulocitosis."
    },
    "respuesta_correcta": "c",
    "justificacion": "La CID se caracteriza por una coagulación y fibrinólisis descontroladas. La trombocitopenia por consumo y el aumento masivo de productos de degradación de la fibrina (Dímero D) reflejan la gravedad del proceso."
  },
  {
    "id": 89,
    "tema": "Leyes de Trasplante / Donante Vivo",
    "pregunta": "Para la **Donación de Órgano en Vida** (ej. un riñón), además del consentimiento informado, el requisito legal y ético fundamental es:",
    "opciones": {
      "a": "Ser de la misma edad que el receptor.",
      "b": "Ser compatible genéticamente al 100%.",
      "c": "Que el donante no sufra ningún riesgo para su vida o salud y que exista una relación de parentesco o judicial.",
      "d": "Tener un grupo sanguíneo ABO idéntico."
    },
    "respuesta_correcta": "c",
    "justificacion": "La ley exige minimizar el riesgo para la salud del donante y asegura que la donación se realice en el marco de lazos familiares o por autorización judicial para evitar el comercio de órganos."
  },
  {
    "id": 90,
    "tema": "Hematología Crítica / Anticoagulación",
    "pregunta": "En la monitorización de la anticoagulación con **Heparina No Fraccionada (HNF)**, ¿cuál es el parámetro de laboratorio más utilizado?",
    "opciones": {
      "a": "Tiempo de Protrombina (TP).",
      "b": "Tiempo de Tromboplastina Parcial Activada (aPTT).",
      "c": "Niveles de Antitrombina III.",
      "d": "Dímero D."
    },
    "respuesta_correcta": "b",
    "justificacion": "La HNF ejerce su efecto principalmente inhibiendo el factor Xa y la trombina (Factor IIa), lo que se refleja en la prolongación del aPTT (vía intrínseca). Se busca mantener el aPTT en un rango terapéutico específico."
  },
  {
    "id": 91,
    "tema": "Cálculo de Medicación",
    "pregunta": "Una infusión de Amiodarona (900 , mg en 500 , mL) debe pasarse a una velocidad de 0.5 , mg/min. ¿A qué velocidad se debe programar la bomba en mL/h?",
    "opciones": {
      "a": "16.7 mL/h.",
      "b": "25.5 mL/h.",
      "c": "33.3 mL/h.",
      "d": "50 mL/h."
    },
    "respuesta_correcta": "a",
    "justificacion": "Concentración de la dilución: 900 , mg 500 , mL = 1.8 , mg/mL. Dosis por hora: 0.5 , mg/min times 60 , {min/h} = 30 ,mg/h. Velocidad en mL/h: 30 , mg/h 1.8 , mg/mL approx 16.66 , mL/h."
  },
  {
    "id": 92,
    "tema": "Leyes de Trasplante / Rechazo",
    "pregunta": "¿Qué nombre recibe el rechazo de órganos o tejidos entre especies diferentes (ej. de cerdo a humano)?",
    "opciones": {
      "a": "Aloinjerto.",
      "b": "Isogéneo.",
      "c": "Xenotrasplante.",
      "d": "Autotrasplante."
    },
    "respuesta_correcta": "c",
    "justificacion": "Xenotrasplante (o heteroinjerto) es la transferencia de células, tejidos u órganos entre especies diferentes (ej. xenotrasplante porcino a humano)."
  },
  {
    "id": 93,
    "tema": "Hematología Crítica / TIH",
    "pregunta": "En la **Trombocitopenia Inducida por Heparina (TIH)** Tipo II, el tratamiento inicial crucial consiste en:",
    "opciones": {
      "a": "Continuar con Heparina de Bajo Peso Molecular (HBPM) y monitorizar.",
      "b": "Administrar transfusión de plaquetas inmediata.",
      "c": "Suspender inmediatamente toda la Heparina y comenzar con un inhibidor directo de la trombina (ej. Argatroban).",
      "d": "Iniciar Warfarina inmediatamente."
    },
    "respuesta_correcta": "c",
    "justificacion": "La TIH es un estado protrombótico grave. La suspensión de toda la heparina y el inicio de un anticoagulante no heparínico (Argatroban, Bivalirudina, Fondaparinux) es esencial. La transfusión de plaquetas está contraindicada."
  },
  {
    "id": 94,
    "tema": "Cálculo de Medicación",
    "pregunta": "Se necesita pasar 100 , mL de medicación en 30 minutos. ¿A qué velocidad se programa la bomba en mL/h?",
    "opciones": {
      "a": "100 mL/h.",
      "b": "150 mL/h.",
      "c": "200 mL/h.",
      "d": "300 mL/h."
    },
    "respuesta_correcta": "c",
    "justificacion": "Velocidad: Volumen total / Tiempo en horas. 100 , mL 0.5 , h = 200 , mL/h."
  },
  {
    "id": 95,
    "tema": "Leyes de Trasplante / Muerte Encefálica",
    "pregunta": "La declaración de **Muerte Encefálica** en el contexto de la donación de órganos requiere legalmente:",
    "opciones": {
      "a": "Un solo examen clínico por un médico tratante.",
      "b": "El cese irreversible de las funciones cardiovasculares.",
      "c": "Dos exámenes clínicos neurológicos por médicos no vinculados al trasplante y pruebas instrumentales confirmatorias.",
      "d": "Autorización notarial."
    },
    "respuesta_correcta": "c",
    "justificacion": "Se requieren dos exámenes clínicos por médicos independientes (no parte del equipo de trasplante) y pruebas instrumentales (ej. EEG, Doppler transcraneal) para asegurar la irreversibilidad y evitar conflictos de interés (Regla del Donante Muerto)."
  },
  {
    "id": 96,
    "tema": "Hematología Crítica / Transfusión",
    "pregunta": "El riesgo más grave e inmediato de la **Transfusión de Glóbulos Rojos (GR)** es:",
    "opciones": {
      "a": "Hemocromatosis.",
      "b": "Reacción hemolítica aguda por incompatibilidad ABO.",
      "c": "Transmisión del VIH.",
      "d": "Desarrollo de aloanticuerpos anti-HLA."
    },
    "respuesta_correcta": "b",
    "justificacion": "La reacción hemolítica aguda, casi siempre causada por error en la identificación del paciente y la incompatibilidad ABO, es una emergencia que puede llevar a CID, shock y muerte."
  },
  {
    "id": 97,
    "tema": "Hematología Crítica / Trombosis",
    "pregunta": "¿Cuál es el principal criterio diagnóstico de imagen para el **Tromboembolismo Pulmonar (TEP)** en un paciente crítico?",
    "opciones": {
      "a": "Signo de la silueta en la radiografía de tórax.",
      "b": "Defectos de llenado hipodensos en las arterias pulmonares en la Angio-TC.",
      "c": "Derrame pleural masivo.",
      "d": "Elevación de la troponina."
    },
    "respuesta_correcta": "b",
    "justificacion": "La Angio-TC pulmonar es el estándar de oro y muestra el trombo como un defecto de llenado (hipodenso) en la luz de las arterias pulmonares realzadas por el contraste."
  },
  {
    "id": 98,
    "tema": "Cálculo de Medicación",
    "pregunta": "Se necesita infundir 15, mEq de KCl en 60 minutos. Si la ampolla contiene 20 , mEq/10 , mL, ¿cuál es el volumen del medicamento puro en mL que se debe cargar?",
    "opciones": {
      "a": "15 mL.",
      "b": "7.5 mL.",
      "c": "1.5 mL.",
      "d": "20 mL."
    },
    "respuesta_correcta": "b",
    "justificacion": "Cálculo: 15 , mEq times 10 , mL 20 , mEq = 7.5, mL."
  },
  {
    "id": 99,
    "tema": "Leyes de Trasplante / Ética",
    "pregunta": "El principio ético de **Justicia Distributiva** en el trasplante de órganos se refiere principalmente a:",
    "opciones": {
      "a": "La obligatoriedad de donar órganos.",
      "b": "La distribución equitativa de los órganos basados en criterios médicos y sociales, y no en la capacidad de pago.",
      "c": "La decisión del paciente de aceptar o rechazar un trasplante.",
      "d": "La seguridad de que el órgano no cause daño al receptor."
    },
    "respuesta_correcta": "b",
    "justificacion": "El principio de Justicia exige que los recursos escasos, como los órganos, sean asignados de manera justa y transparente, priorizando la necesidad médica (gravedad, compatibilidad) sobre otros factores."
  },
  {
    "id": 100,
    "tema": "Hematología Crítica / Coagulación",
    "pregunta": "En un paciente con **Coagulación Intravascular Diseminada (CID)** grave en la UCI, ¿cuál de los siguientes hallazgos de laboratorio es más indicativo de un mal pronóstico?",
    "opciones": {
      "a": "Tiempo de protrombina (TP) ligeramente prolongado.",
      "b": "Niveles normales de fibrinógeno.",
      "c": "Trombocitopenia progresiva y niveles muy elevados de Dímero D.",
      "d": "Reticulocitosis."
    },
    "respuesta_correcta": "c",
    "justificacion": "La CID se caracteriza por una coagulación y fibrinólisis descontroladas. La trombocitopenia por consumo y el aumento masivo de productos de degradación de la fibrina (Dímero D) reflejan la gravedad del proceso."
  }
]