[
  {
    "id": 1,
    "pregunta": "¿Qué índice pronóstico, específico para fracturas pélvicas y abdominales, se utiliza para evaluar el riesgo de muerte en un paciente politraumatizado?",
    "opciones": {
      "a": " (Injury Severity Score)",
      "b": " (Mangled Extremity Severity Score)",
      "c": " (Wang and Hou score)",
      "d": " (Trauma Score)"
    },
    "respuesta_correcta": "a"
  },
  {
    "id": 2,
    "pregunta": "La complicación más frecuente y grave a largo plazo después de una fractura de pilón tibial severa (fractura intraarticular de la tibia distal) es:",
    "opciones": {
      "a": "Opción A: Neuropatía del nervio peroneo",
      "b": "Opción B: Artrosis postraumática",
      "c": "Opción C: Pseudoartrosis no infectada",
      "d": "Opción D: Rigidez de la articulación {subastragalina}"
    },
    "respuesta_correcta": "b"
  },
  {
    "id": 3,
    "pregunta": "Paciente adulto con fractura inestable de Columna Toracolumbar sin déficit neurológico completo. Se ha estabilizado hemodinámicamente. ¿Cuál es el momento óptimo para la fijación interna definitiva en el manejo de Control de Daños?",
    "opciones": {
      "a": " Inmediatamente ( <6 horas)",
      "b": " Cuando el paciente ha superado la 'ventana de la muerte' (2-5 días)",
      "c": " A los 3 meses",
      "d": " La fijación externa es siempre preferible"
    },
    "respuesta_correcta": "b"
  },
  {
    "id": 4,
    "pregunta": "Según la Ley de Trasplantes, ¿quién tiene la autoridad legal final para revocar la decisión de donación de órganos de un paciente declarado en muerte cerebral, si este no dejó su voluntad por escrito?",
    "opciones": {
      "a": "Opción A: El equipo médico tratante",
      "b": "Opción B: El coordinador de trasplantes",
      "c": "Opción C: Los familiares directos y legalmente reconocidos",
      "d": "Opción D: Un juez de guardia"
    },
    "respuesta_correcta": "c"
  },
  {
    "id": 5,
    "pregunta": "Un niño de 20 kg con TCE requiere Manitol al 20% a dosis de 0.5 g/kg. Si la presentación del Manitol es de 20 g por 100 mL, ¿cuántos mililitros de solución deben administrarse en total?",
    "opciones": {
      "a": "50 mL",
      "b": "25 mL",
      "c": "100 mL",
      "d": "10 mL"
    },
    "respuesta_correcta": "a"
  },
  {
    "id": 6,
    "pregunta": "La escala de clasificación de fracturas óseas abiertas más utilizada en el entorno de cuidados críticos es:",
    "opciones": {
      "a": "Clasificación de Salter-Harris",
      "b": " Clasificación de Gustilo-Anderson",
      "c": "Clasificación de Denis",
      "d": " Clasificación de AO (Arbeitsgemeinschaft für Osteosynthesefragen)"
    },
    "respuesta_correcta": "b"
  },
  {
    "id": 7,
    "pregunta": "En un paciente con Shock grave y Fractura Abierta de Tibia con alto riesgo de amputación, el uso de la escala MESS (Mangled Extremity Severity Score) ayuda al clínico a tomar la decisión final. ¿Qué puntuación en la MESS sugiere un alto riesgo de fracaso del salvamento?",
    "opciones": {
      "a": "{MESS} < 3",
      "b": "{MESS} geq 7",
      "c": "{MESS} = 5",
      "d": "{MESS} = 0"
    },
    "respuesta_correcta": "b"
  },
  {
    "id": 8,
    "pregunta": "En un lactante de 5 meses con sospecha de Maltrato Infantil y múltiples fracturas. Las fracturas metafisarias en esquina o en cubo son altamente específicas de:",
    "opciones": {
      "a": "Osteogénesis Imperfecta",
      "b": "Lesión por Cizallamiento y Tracción",
      "c": "Caída de altura",
      "d": "Déficit de Vitamina D"
    },
    "respuesta_correcta": "b"
  },
  {
    "id": 9,
    "pregunta": "La causa más común de Muerte Cerebral en niños y adultos jóvenes, que es la principal fuente de órganos para trasplante, es:",
    "opciones": {
      "a": " Accidentes cerebrovasculares hemorrágicos",
      "b": "Traumatismo Craneoencefálico grave",
      "c": "Tumores cerebrales primarios",
      "d": "Infecciones del SNC"
    },
    "respuesta_correcta": "b"
  },
  {
    "id": 10,
    "pregunta": "Paciente adulto politraumatizado de 60 kg requiere una dosis de carga de Fenitoína para profilaxis anticonvulsiva a 15 mg/kg. La presentación es $50 mg/mL. ¿Qué volumen mL debe infundirse en el bolo?",
    "opciones": {
      "a": "18 mL",
      "b": "36 mL",
      "c": "9 mL",
      "d": "45 mL"
    },
    "respuesta_correcta": "a"
  },
  {
    "id": 11,
    "pregunta": "Un paciente crítico con fracturas abiertas Gustilo II requiere la administración de antibióticos de amplio espectro. El antibiótico de elección para la profilaxis en este tipo de fractura es:",
    "opciones": {
      "a": "Vancomicina",
      "b": "Cefalosporina de primera generación (ej. Cefazolina",
      "c": "Metronidazol",
      "d": "Gentamicina"
    },
    "respuesta_correcta": "b"
  },
  {
    "id": 12,
    "pregunta": "La lesión más comúnmente asociada a las fracturas-luxaciones de la columna cervical subaxial es:",
    "opciones": {
      "a": "{Lesión del plexo braquial}",
      "b": "{Lesión de la arteria carótida}",
      "c": "{Lesión de la médula espinal}",
      "d": "{Fractura del húmero}"
    },
    "respuesta_correcta": "c"
  },
  {
    "id": 13,
    "pregunta": "Una complicación temprana y grave de la cirugía de Control de Daños por fracturas pélvicas es la reaparición de Shock por hemorragia continua. ¿Cuál es la fuente de sangrado más común que requiere Embolización Arterial?",
    "opciones": {
      "a": "{Arteria femoral}",
      "b": "{Arteria ilíaca interna}",
      "c": "Venas pélvicas y plexos óseos",
      "d": "{Arteria sacra media}"
    },
    "respuesta_correcta": "b"
  },
  {
    "id": 14,
    "pregunta": "La **Necrosis Avascular de la Cabeza Femoral** es una complicación temida en fracturas intracapsulares de cadera en niños. ¿Cuál es el factor más importante que determina el riesgo de $\\text{NAV}$?",
    "opciones": {
      "a": " El sexo del paciente",
      "b": " El grado de desplazamiento de la fractura",
      "c": " La velocidad de la consolidación ósea",
      "d": "La presencia de fiebre"
    },
    "respuesta_correcta": "b"
  },
  {
    "id": 15,
    "pregunta": "En el contexto de la donación en asistolia DCD, ¿qué requerimiento legal y éticO es fundamental para la extracción de órganos?",
    "opciones": {
      "a": "El paciente debe estar en muerte cerebral",
      "b": "Debe transcurrir un periodo mínimo sin latido cardíaco y respiración 5 minutos típicamente)",
      "c": "El paciente debe ser menor de 18 años",
      "d": "Se puede iniciar la extracción antes del cese cardíaco"
    },
    "respuesta_correcta": "b"
  },
  {
    "id": 16,
    "pregunta": "Paciente adulto de 40 años, Shock inestable, fractura Gustilo IIIb de tibia. El tratamiento inicial de control de daños más efectivo para prevenir infección y necrosis es:",
    "opciones": {
      "a": "Opción A: Iniciar antibióticos y fijación interna con clavo",
      "b": "Opción B: Desbridamiento urgente, irrigación, y estabilización con fijador externo",
      "c": "Opción C: Aplicar sólo un vendaje compresivo estéril",
      "d": "Opción D: Cierre primario de la herida sin desbridamiento"
    },
    "respuesta_correcta": "b"
  },
  {
    "id": 17,
    "pregunta": "Un paciente pediátrico de 7 años presenta una fractura supracondílea de húmero Gartland III con ausencia de pulsos radial y cubital. ¿Cuál es el tratamiento quirúrgico urgente y prioritario, considerando el manejo de la extremidad isquémica?",
    "opciones": {
      "a": "Opción A: Exploración vascular abierta inmediata",
      "b": "Opción B: Reducción cerrada, comprobación de pulsos, si persisten ausentes, reducción abierta/fijación percutánea y exploración vascular",
      "c": "Opción C: Angiografía y luego reducción",
      "d": "Opción D: Fijación interna rígida con placa y tornillos"
    },
    "respuesta_correcta": "b"
  },
  {
    "id": 18,
    "pregunta": "¿Qué índice pronóstico, específico para fracturas pélvicas y abdominales, se utiliza para evaluar el riesgo de muerte en un paciente politraumatizado?",
    "opciones": {
      "a": " (Injury Severity Score)",
      "b": " (Mangled Extremity Severity Score)",
      "c": " (Wang and Hou score)",
      "d": " (Trauma Score)"
    },
    "respuesta_correcta": "a"
  },
  {
    "id": 19,
    "pregunta": "La complicación más frecuente y grave a largo plazo después de una fractura de pilón tibial severa (fractura intraarticular de la tibia distal) es:",
    "opciones": {
      "a": "Opción A: Neuropatía del nervio peroneo",
      "b": "Opción B: Artrosis postraumática",
      "c": "Opción C: Pseudoartrosis no infectada",
      "d": "Opción D: Rigidez de la articulación {subastragalina}"
    },
    "respuesta_correcta": "b"
  },
  {
    "id": 20,
    "pregunta": "Paciente adulto con fractura inestable de Columna Toracolumbar sin déficit neurológico completo. Se ha estabilizado hemodinámicamente. ¿Cuál es el momento óptimo para la fijación interna definitiva en el manejo de Control de Daños?",
    "opciones": {
      "a": " Inmediatamente ( <6 horas)",
      "b": " Cuando el paciente ha superado la 'ventana de la muerte' (2-5 días)",
      "c": " A los 3 meses",
      "d": " La fijación externa es siempre preferible"
    },
    "respuesta_correcta": "b"
  },
  {
    "id": 21,
    "pregunta": "Según la Ley de Trasplantes, ¿quién tiene la autoridad legal final para revocar la decisión de donación de órganos de un paciente declarado en muerte cerebral, si este no dejó su voluntad por escrito?",
    "opciones": {
      "a": "Opción A: El equipo médico tratante",
      "b": "Opción B: El coordinador de trasplantes",
      "c": "Opción C: Los familiares directos y legalmente reconocidos",
      "d": "Opción D: Un juez de guardia"
    },
    "respuesta_correcta": "c"
  },
  {
    "id": 22,
    "pregunta": "Un niño de 20 kg con TCE requiere Manitol al 20% a dosis de 0.5 g/kg. Si la presentación del Manitol es de 20 g por 100 mL, ¿cuántos mililitros de solución deben administrarse en total?",
    "opciones": {
      "a": "50 mL",
      "b": "25 mL",
      "c": "100 mL",
      "d": "10 mL"
    },
    "respuesta_correcta": "a"
  },
  {
    "id": 23,
    "pregunta": "La escala de clasificación de fracturas óseas abiertas más utilizada en el entorno de cuidados críticos es:",
    "opciones": {
      "a": "Clasificación de Salter-Harris",
      "b": " Clasificación de Gustilo-Anderson",
      "c": "Clasificación de Denis",
      "d": " Clasificación de AO (Arbeitsgemeinschaft für Osteosynthesefragen)"
    },
    "respuesta_correcta": "b"
  },
  {
    "id": 24,
    "pregunta": "En un paciente con Shock grave y Fractura Abierta de Tibia con alto riesgo de amputación, el uso de la escala MESS (Mangled Extremity Severity Score) ayuda al clínico a tomar la decisión final. ¿Qué puntuación en la MESS sugiere un alto riesgo de fracaso del salvamento?",
    "opciones": {
      "a": "{MESS} < 3",
      "b": "{MESS} geq 7",
      "c": "{MESS} = 5",
      "d": "{MESS} = 0"
    },
    "respuesta_correcta": "b"
  },
  {
    "id": 25,
    "pregunta": "En un lactante de 5 meses con sospecha de Maltrato Infantil y múltiples fracturas. Las fracturas metafisarias en esquina o en cubo son altamente específicas de:",
    "opciones": {
      "a": "Osteogénesis Imperfecta",
      "b": "Lesión por Cizallamiento y Tracción",
      "c": "Caída de altura",
      "d": "Déficit de Vitamina D"
    },
    "respuesta_correcta": "b"
  },
  {
    "id": 26,
    "pregunta": "La causa más común de Muerte Cerebral en niños y adultos jóvenes, que es la principal fuente de órganos para trasplante, es:",
    "opciones": {
      "a": " Accidentes cerebrovasculares hemorrágicos",
      "b": "Traumatismo Craneoencefálico grave",
      "c": "Tumores cerebrales primarios",
      "d": "Infecciones del SNC"
    },
    "respuesta_correcta": "b"
  },
  {
    "id": 27,
    "pregunta": "Paciente adulto politraumatizado de 60 kg requiere una dosis de carga de Fenitoína para profilaxis anticonvulsiva a 15 mg/kg. La presentación es $50 mg/mL. ¿Qué volumen mL debe infundirse en el bolo?",
    "opciones": {
      "a": "18 mL",
      "b": "36 mL",
      "c": "9 mL",
      "d": "45 mL"
    },
    "respuesta_correcta": "a"
  },
  {
    "id": 28,
    "pregunta": "Un paciente crítico con fracturas abiertas Gustilo II requiere la administración de antibióticos de amplio espectro. El antibiótico de elección para la profilaxis en este tipo de fractura es:",
    "opciones": {
      "a": "Vancomicina",
      "b": "Cefalosporina de primera generación (ej. Cefazolina",
      "c": "Metronidazol",
      "d": "Gentamicina"
    },
    "respuesta_correcta": "b"
  },
  {
    "id": 29,
    "pregunta": "La lesión más comúnmente asociada a las fracturas-luxaciones de la columna cervical subaxial es:",
    "opciones": {
      "a": "{Lesión del plexo braquial}",
      "b": "{Lesión de la arteria carótida}",
      "c": "{Lesión de la médula espinal}",
      "d": "{Fractura del húmero}"
    },
    "respuesta_correcta": "c"
  },
  {
    "id": 30,
    "pregunta": "Una complicación temprana y grave de la cirugía de Control de Daños por fracturas pélvicas es la reaparición de Shock por hemorragia continua. ¿Cuál es la fuente de sangrado más común que requiere Embolización Arterial?",
    "opciones": {
      "a": "{Arteria femoral}",
      "b": "{Arteria ilíaca interna}",
      "c": "Venas pélvicas y plexos óseos",
      "d": "{Arteria sacra media}"
    },
    "respuesta_correcta": "b"
  },
  {
    "id": 31,
    "pregunta": "La **Necrosis Avascular de la Cabeza Femoral** es una complicación temida en fracturas intracapsulares de cadera en niños. ¿Cuál es el factor más importante que determina el riesgo de $\\text{NAV}$?",
    "opciones": {
      "a": " El sexo del paciente",
      "b": " El grado de desplazamiento de la fractura",
      "c": " La velocidad de la consolidación ósea",
      "d": "La presencia de fiebre"
    },
    "respuesta_correcta": "b"
  },
  {
    "id": 32,
    "pregunta": "En el contexto de la donación en asistolia DCD, ¿qué requerimiento legal y éticO es fundamental para la extracción de órganos?",
    "opciones": {
      "a": "El paciente debe estar en muerte cerebral",
      "b": "Debe transcurrir un periodo mínimo sin latido cardíaco y respiración 5 minutos típicamente)",
      "c": "El paciente debe ser menor de 18 años",
      "d": "Se puede iniciar la extracción antes del cese cardíaco"
    },
    "respuesta_correcta": "b"
  },
  {
    "id": 33,
    "pregunta": "Paciente adulto de 40 años, Shock inestable, fractura Gustilo IIIb de tibia. El tratamiento inicial de control de daños más efectivo para prevenir infección y necrosis es:",
    "opciones": {
      "a": "Opción A: Iniciar antibióticos y fijación interna con clavo",
      "b": "Opción B: Desbridamiento urgente, irrigación, y estabilización con fijador externo",
      "c": "Opción C: Aplicar sólo un vendaje compresivo estéril",
      "d": "Opción D: Cierre primario de la herida sin desbridamiento"
    },
    "respuesta_correcta": "b"
  },
  {
    "id": 34,
    "pregunta": "Un paciente pediátrico de 7 años presenta una fractura supracondílea de húmero Gartland III con ausencia de pulsos radial y cubital. ¿Cuál es el tratamiento quirúrgico urgente y prioritario, considerando el manejo de la extremidad isquémica?",
    "opciones": {
      "a": "Opción A: Exploración vascular abierta inmediata",
      "b": "Opción B: Reducción cerrada, comprobación de pulsos, si persisten ausentes, reducción abierta/fijación percutánea y exploración vascular",
      "c": "Opción C: Angiografía y luego reducción",
      "d": "Opción D: Fijación interna rígida con placa y tornillos"
    },
    "respuesta_correcta": "b"
  },
  {
    "id": 35,
    "pregunta": "¿Qué índice pronóstico, específico para fracturas pélvicas y abdominales, se utiliza para evaluar el riesgo de muerte en un paciente politraumatizado?",
    "opciones": {
      "a": " (Injury Severity Score)",
      "b": " (Mangled Extremity Severity Score)",
      "c": " (Wang and Hou score)",
      "d": " (Trauma Score)"
    },
    "respuesta_correcta": "a"
  },
  {
    "id": 36,
    "pregunta": "La complicación más frecuente y grave a largo plazo después de una fractura de pilón tibial severa (fractura intraarticular de la tibia distal) es:",
    "opciones": {
      "a": "Opción A: Neuropatía del nervio peroneo",
      "b": "Opción B: Artrosis postraumática",
      "c": "Opción C: Pseudoartrosis no infectada",
      "d": "Opción D: Rigidez de la articulación {subastragalina}"
    },
    "respuesta_correcta": "b"
  },
  {
    "id": 37,
    "pregunta": "Paciente adulto con fractura inestable de Columna Toracolumbar sin déficit neurológico completo. Se ha estabilizado hemodinámicamente. ¿Cuál es el momento óptimo para la fijación interna definitiva en el manejo de Control de Daños?",
    "opciones": {
      "a": " Inmediatamente ( <6 horas)",
      "b": " Cuando el paciente ha superado la 'ventana de la muerte' (2-5 días)",
      "c": " A los 3 meses",
      "d": " La fijación externa es siempre preferible"
    },
    "respuesta_correcta": "b"
  },
  {
    "id": 38,
    "pregunta": "Según la Ley de Trasplantes, ¿quién tiene la autoridad legal final para revocar la decisión de donación de órganos de un paciente declarado en muerte cerebral, si este no dejó su voluntad por escrito?",
    "opciones": {
      "a": "Opción A: El equipo médico tratante",
      "b": "Opción B: El coordinador de trasplantes",
      "c": "Opción C: Los familiares directos y legalmente reconocidos",
      "d": "Opción D: Un juez de guardia"
    },
    "respuesta_correcta": "c"
  },
  {
    "id": 39,
    "pregunta": "Un niño de 20 kg con TCE requiere Manitol al 20% a dosis de 0.5 g/kg. Si la presentación del Manitol es de 20 g por 100 mL, ¿cuántos mililitros de solución deben administrarse en total?",
    "opciones": {
      "a": "50 mL",
      "b": "25 mL",
      "c": "100 mL",
      "d": "10 mL"
    },
    "respuesta_correcta": "a"
  },
  {
    "id": 40,
    "pregunta": "La escala de clasificación de fracturas óseas abiertas más utilizada en el entorno de cuidados críticos es:",
    "opciones": {
      "a": "Clasificación de Salter-Harris",
      "b": " Clasificación de Gustilo-Anderson",
      "c": "Clasificación de Denis",
      "d": " Clasificación de AO (Arbeitsgemeinschaft für Osteosynthesefragen)"
    },
    "respuesta_correcta": "b"
  },
  {
    "id": 41,
    "pregunta": "En un paciente con Shock grave y Fractura Abierta de Tibia con alto riesgo de amputación, el uso de la escala MESS (Mangled Extremity Severity Score) ayuda al clínico a tomar la decisión final. ¿Qué puntuación en la MESS sugiere un alto riesgo de fracaso del salvamento?",
    "opciones": {
      "a": "{MESS} < 3",
      "b": "{MESS} geq 7",
      "c": "{MESS} = 5",
      "d": "{MESS} = 0"
    },
    "respuesta_correcta": "b"
  },
  {
    "id": 42,
    "pregunta": "En un lactante de 5 meses con sospecha de Maltrato Infantil y múltiples fracturas. Las fracturas metafisarias en esquina o en cubo son altamente específicas de:",
    "opciones": {
      "a": "Osteogénesis Imperfecta",
      "b": "Lesión por Cizallamiento y Tracción",
      "c": "Caída de altura",
      "d": "Déficit de Vitamina D"
    },
    "respuesta_correcta": "b"
  },
  {
    "id": 43,
    "pregunta": "La causa más común de Muerte Cerebral en niños y adultos jóvenes, que es la principal fuente de órganos para trasplante, es:",
    "opciones": {
      "a": " Accidentes cerebrovasculares hemorrágicos",
      "b": "Traumatismo Craneoencefálico grave",
      "c": "Tumores cerebrales primarios",
      "d": "Infecciones del SNC"
    },
    "respuesta_correcta": "b"
  },
  {
    "id": 44,
    "pregunta": "Paciente adulto politraumatizado de 60 kg requiere una dosis de carga de Fenitoína para profilaxis anticonvulsiva a 15 mg/kg. La presentación es $50 mg/mL. ¿Qué volumen mL debe infundirse en el bolo?",
    "opciones": {
      "a": "18 mL",
      "b": "36 mL",
      "c": "9 mL",
      "d": "45 mL"
    },
    "respuesta_correcta": "a"
  },
  {
    "id": 45,
    "pregunta": "Un paciente crítico con fracturas abiertas Gustilo II requiere la administración de antibióticos de amplio espectro. El antibiótico de elección para la profilaxis en este tipo de fractura es:",
    "opciones": {
      "a": "Vancomicina",
      "b": "Cefalosporina de primera generación (ej. Cefazolina",
      "c": "Metronidazol",
      "d": "Gentamicina"
    },
    "respuesta_correcta": "b"
  },
  {
    "id": 46,
    "pregunta": "La lesión más comúnmente asociada a las fracturas-luxaciones de la columna cervical subaxial es:",
    "opciones": {
      "a": "{Lesión del plexo braquial}",
      "b": "{Lesión de la arteria carótida}",
      "c": "{Lesión de la médula espinal}",
      "d": "{Fractura del húmero}"
    },
    "respuesta_correcta": "c"
  },
  {
    "id": 47,
    "pregunta": "Una complicación temprana y grave de la cirugía de Control de Daños por fracturas pélvicas es la reaparición de Shock por hemorragia continua. ¿Cuál es la fuente de sangrado más común que requiere Embolización Arterial?",
    "opciones": {
      "a": "{Arteria femoral}",
      "b": "{Arteria ilíaca interna}",
      "c": "Venas pélvicas y plexos óseos",
      "d": "{Arteria sacra media}"
    },
    "respuesta_correcta": "b"
  },
  {
    "id": 48,
    "pregunta": "La **Necrosis Avascular de la Cabeza Femoral** es una complicación temida en fracturas intracapsulares de cadera en niños. ¿Cuál es el factor más importante que determina el riesgo de $\\text{NAV}$?",
    "opciones": {
      "a": " El sexo del paciente",
      "b": " El grado de desplazamiento de la fractura",
      "c": " La velocidad de la consolidación ósea",
      "d": "La presencia de fiebre"
    },
    "respuesta_correcta": "b"
  },
  {
    "id": 49,
    "pregunta": "En el contexto de la donación en asistolia DCD, ¿qué requerimiento legal y éticO es fundamental para la extracción de órganos?",
    "opciones": {
      "a": "El paciente debe estar en muerte cerebral",
      "b": "Debe transcurrir un periodo mínimo sin latido cardíaco y respiración 5 minutos típicamente)",
      "c": "El paciente debe ser menor de 18 años",
      "d": "Se puede iniciar la extracción antes del cese cardíaco"
    },
    "respuesta_correcta": "b"
  },
  {
    "id": 50,
    "pregunta": "Paciente adulto de 40 años, Shock inestable, fractura Gustilo IIIb de tibia. El tratamiento inicial de control de daños más efectivo para prevenir infección y necrosis es:",
    "opciones": {
      "a": "Opción A: Iniciar antibióticos y fijación interna con clavo",
      "b": "Opción B: Desbridamiento urgente, irrigación, y estabilización con fijador externo",
      "c": "Opción C: Aplicar sólo un vendaje compresivo estéril",
      "d": "Opción D: Cierre primario de la herida sin desbridamiento"
    },
    "respuesta_correcta": "b"
  },
  {
    "id": 51,
    "pregunta": "Un paciente pediátrico de 7 años presenta una fractura supracondílea de húmero Gartland III con ausencia de pulsos radial y cubital. ¿Cuál es el tratamiento quirúrgico urgente y prioritario, considerando el manejo de la extremidad isquémica?",
    "opciones": {
      "a": "Opción A: Exploración vascular abierta inmediata",
      "b": "Opción B: Reducción cerrada, comprobación de pulsos, si persisten ausentes, reducción abierta/fijación percutánea y exploración vascular",
      "c": "Opción C: Angiografía y luego reducción",
      "d": "Opción D: Fijación interna rígida con placa y tornillos"
    },
    "respuesta_correcta": "b"
  },
  {
    "id": 52,
    "pregunta": "¿Qué índice pronóstico, específico para fracturas pélvicas y abdominales, se utiliza para evaluar el riesgo de muerte en un paciente politraumatizado?",
    "opciones": {
      "a": " (Injury Severity Score)",
      "b": " (Mangled Extremity Severity Score)",
      "c": " (Wang and Hou score)",
      "d": " (Trauma Score)"
    },
    "respuesta_correcta": "a"
  },
  {
    "id": 53,
    "pregunta": "La complicación más frecuente y grave a largo plazo después de una fractura de pilón tibial severa (fractura intraarticular de la tibia distal) es:",
    "opciones": {
      "a": "Opción A: Neuropatía del nervio peroneo",
      "b": "Opción B: Artrosis postraumática",
      "c": "Opción C: Pseudoartrosis no infectada",
      "d": "Opción D: Rigidez de la articulación {subastragalina}"
    },
    "respuesta_correcta": "b"
  },
  {
    "id": 54,
    "pregunta": "Paciente adulto con fractura inestable de Columna Toracolumbar sin déficit neurológico completo. Se ha estabilizado hemodinámicamente. ¿Cuál es el momento óptimo para la fijación interna definitiva en el manejo de Control de Daños?",
    "opciones": {
      "a": " Inmediatamente ( <6 horas)",
      "b": " Cuando el paciente ha superado la 'ventana de la muerte' (2-5 días)",
      "c": " A los 3 meses",
      "d": " La fijación externa es siempre preferible"
    },
    "respuesta_correcta": "b"
  },
  {
    "id": 55,
    "pregunta": "Según la Ley de Trasplantes, ¿quién tiene la autoridad legal final para revocar la decisión de donación de órganos de un paciente declarado en muerte cerebral, si este no dejó su voluntad por escrito?",
    "opciones": {
      "a": "Opción A: El equipo médico tratante",
      "b": "Opción B: El coordinador de trasplantes",
      "c": "Opción C: Los familiares directos y legalmente reconocidos",
      "d": "Opción D: Un juez de guardia"
    },
    "respuesta_correcta": "c"
  },
  {
    "id": 56,
    "pregunta": "Un niño de 20 kg con TCE requiere Manitol al 20% a dosis de 0.5 g/kg. Si la presentación del Manitol es de 20 g por 100 mL, ¿cuántos mililitros de solución deben administrarse en total?",
    "opciones": {
      "a": "50 mL",
      "b": "25 mL",
      "c": "100 mL",
      "d": "10 mL"
    },
    "respuesta_correcta": "a"
  },
  {
    "id": 57,
    "pregunta": "La escala de clasificación de fracturas óseas abiertas más utilizada en el entorno de cuidados críticos es:",
    "opciones": {
      "a": "Clasificación de Salter-Harris",
      "b": " Clasificación de Gustilo-Anderson",
      "c": "Clasificación de Denis",
      "d": " Clasificación de AO (Arbeitsgemeinschaft für Osteosynthesefragen)"
    },
    "respuesta_correcta": "b"
  },
  {
    "id": 58,
    "pregunta": "En un paciente con Shock grave y Fractura Abierta de Tibia con alto riesgo de amputación, el uso de la escala MESS (Mangled Extremity Severity Score) ayuda al clínico a tomar la decisión final. ¿Qué puntuación en la MESS sugiere un alto riesgo de fracaso del salvamento?",
    "opciones": {
      "a": "{MESS} < 3",
      "b": "{MESS} geq 7",
      "c": "{MESS} = 5",
      "d": "{MESS} = 0"
    },
    "respuesta_correcta": "b"
  },
  {
    "id": 59,
    "pregunta": "En un lactante de 5 meses con sospecha de Maltrato Infantil y múltiples fracturas. Las fracturas metafisarias en esquina o en cubo son altamente específicas de:",
    "opciones": {
      "a": "Osteogénesis Imperfecta",
      "b": "Lesión por Cizallamiento y Tracción",
      "c": "Caída de altura",
      "d": "Déficit de Vitamina D"
    },
    "respuesta_correcta": "b"
  },
  {
    "id": 60,
    "pregunta": "La causa más común de Muerte Cerebral en niños y adultos jóvenes, que es la principal fuente de órganos para trasplante, es:",
    "opciones": {
      "a": " Accidentes cerebrovasculares hemorrágicos",
      "b": "Traumatismo Craneoencefálico grave",
      "c": "Tumores cerebrales primarios",
      "d": "Infecciones del SNC"
    },
    "respuesta_correcta": "b"
  },
  {
    "id": 61,
    "pregunta": "Paciente adulto politraumatizado de 60 kg requiere una dosis de carga de Fenitoína para profilaxis anticonvulsiva a 15 mg/kg. La presentación es $50 mg/mL. ¿Qué volumen mL debe infundirse en el bolo?",
    "opciones": {
      "a": "18 mL",
      "b": "36 mL",
      "c": "9 mL",
      "d": "45 mL"
    },
    "respuesta_correcta": "a"
  },
  {
    "id": 62,
    "pregunta": "Un paciente crítico con fracturas abiertas Gustilo II requiere la administración de antibióticos de amplio espectro. El antibiótico de elección para la profilaxis en este tipo de fractura es:",
    "opciones": {
      "a": "Vancomicina",
      "b": "Cefalosporina de primera generación (ej. Cefazolina",
      "c": "Metronidazol",
      "d": "Gentamicina"
    },
    "respuesta_correcta": "b"
  },
  {
    "id": 63,
    "pregunta": "La lesión más comúnmente asociada a las fracturas-luxaciones de la columna cervical subaxial es:",
    "opciones": {
      "a": "{Lesión del plexo braquial}",
      "b": "{Lesión de la arteria carótida}",
      "c": "{Lesión de la médula espinal}",
      "d": "{Fractura del húmero}"
    },
    "respuesta_correcta": "c"
  },
  {
    "id": 64,
    "pregunta": "Una complicación temprana y grave de la cirugía de Control de Daños por fracturas pélvicas es la reaparición de Shock por hemorragia continua. ¿Cuál es la fuente de sangrado más común que requiere Embolización Arterial?",
    "opciones": {
      "a": "{Arteria femoral}",
      "b": "{Arteria ilíaca interna}",
      "c": "Venas pélvicas y plexos óseos",
      "d": "{Arteria sacra media}"
    },
    "respuesta_correcta": "b"
  },
  {
    "id": 65,
    "pregunta": "La **Necrosis Avascular de la Cabeza Femoral** es una complicación temida en fracturas intracapsulares de cadera en niños. ¿Cuál es el factor más importante que determina el riesgo de $\\text{NAV}$?",
    "opciones": {
      "a": " El sexo del paciente",
      "b": " El grado de desplazamiento de la fractura",
      "c": " La velocidad de la consolidación ósea",
      "d": "La presencia de fiebre"
    },
    "respuesta_correcta": "b"
  },
  {
    "id": 66,
    "pregunta": "En el contexto de la donación en asistolia DCD, ¿qué requerimiento legal y éticO es fundamental para la extracción de órganos?",
    "opciones": {
      "a": "El paciente debe estar en muerte cerebral",
      "b": "Debe transcurrir un periodo mínimo sin latido cardíaco y respiración 5 minutos típicamente)",
      "c": "El paciente debe ser menor de 18 años",
      "d": "Se puede iniciar la extracción antes del cese cardíaco"
    },
    "respuesta_correcta": "b"
  },
  {
    "id": 67,
    "pregunta": "Paciente adulto de 40 años, Shock inestable, fractura Gustilo IIIb de tibia. El tratamiento inicial de control de daños más efectivo para prevenir infección y necrosis es:",
    "opciones": {
      "a": "Opción A: Iniciar antibióticos y fijación interna con clavo",
      "b": "Opción B: Desbridamiento urgente, irrigación, y estabilización con fijador externo",
      "c": "Opción C: Aplicar sólo un vendaje compresivo estéril",
      "d": "Opción D: Cierre primario de la herida sin desbridamiento"
    },
    "respuesta_correcta": "b"
  },
  {
    "id": 68,
    "pregunta": "Un paciente pediátrico de 7 años presenta una fractura supracondílea de húmero Gartland III con ausencia de pulsos radial y cubital. ¿Cuál es el tratamiento quirúrgico urgente y prioritario, considerando el manejo de la extremidad isquémica?",
    "opciones": {
      "a": "Opción A: Exploración vascular abierta inmediata",
      "b": "Opción B: Reducción cerrada, comprobación de pulsos, si persisten ausentes, reducción abierta/fijación percutánea y exploración vascular",
      "c": "Opción C: Angiografía y luego reducción",
      "d": "Opción D: Fijación interna rígida con placa y tornillos"
    },
    "respuesta_correcta": "b"
  },
  {
    "id": 69,
    "pregunta": "¿Qué índice pronóstico, específico para fracturas pélvicas y abdominales, se utiliza para evaluar el riesgo de muerte en un paciente politraumatizado?",
    "opciones": {
      "a": " (Injury Severity Score)",
      "b": " (Mangled Extremity Severity Score)",
      "c": " (Wang and Hou score)",
      "d": " (Trauma Score)"
    },
    "respuesta_correcta": "a"
  },
  {
    "id": 70,
    "pregunta": "La complicación más frecuente y grave a largo plazo después de una fractura de pilón tibial severa (fractura intraarticular de la tibia distal) es:",
    "opciones": {
      "a": "Opción A: Neuropatía del nervio peroneo",
      "b": "Opción B: Artrosis postraumática",
      "c": "Opción C: Pseudoartrosis no infectada",
      "d": "Opción D: Rigidez de la articulación {subastragalina}"
    },
    "respuesta_correcta": "b"
  },
  {
    "id": 71,
    "pregunta": "Paciente adulto con fractura inestable de Columna Toracolumbar sin déficit neurológico completo. Se ha estabilizado hemodinámicamente. ¿Cuál es el momento óptimo para la fijación interna definitiva en el manejo de Control de Daños?",
    "opciones": {
      "a": " Inmediatamente ( <6 horas)",
      "b": " Cuando el paciente ha superado la 'ventana de la muerte' (2-5 días)",
      "c": " A los 3 meses",
      "d": " La fijación externa es siempre preferible"
    },
    "respuesta_correcta": "b"
  },
  {
    "id": 72,
    "pregunta": "Según la Ley de Trasplantes, ¿quién tiene la autoridad legal final para revocar la decisión de donación de órganos de un paciente declarado en muerte cerebral, si este no dejó su voluntad por escrito?",
    "opciones": {
      "a": "Opción A: El equipo médico tratante",
      "b": "Opción B: El coordinador de trasplantes",
      "c": "Opción C: Los familiares directos y legalmente reconocidos",
      "d": "Opción D: Un juez de guardia"
    },
    "respuesta_correcta": "c"
  },
  {
    "id": 73,
    "pregunta": "Un niño de 20 kg con TCE requiere Manitol al 20% a dosis de 0.5 g/kg. Si la presentación del Manitol es de 20 g por 100 mL, ¿cuántos mililitros de solución deben administrarse en total?",
    "opciones": {
      "a": "50 mL",
      "b": "25 mL",
      "c": "100 mL",
      "d": "10 mL"
    },
    "respuesta_correcta": "a"
  },
  {
    "id": 74,
    "pregunta": "La escala de clasificación de fracturas óseas abiertas más utilizada en el entorno de cuidados críticos es:",
    "opciones": {
      "a": "Clasificación de Salter-Harris",
      "b": " Clasificación de Gustilo-Anderson",
      "c": "Clasificación de Denis",
      "d": " Clasificación de AO (Arbeitsgemeinschaft für Osteosynthesefragen)"
    },
    "respuesta_correcta": "b"
  },
  {
    "id": 75,
    "pregunta": "En un paciente con Shock grave y Fractura Abierta de Tibia con alto riesgo de amputación, el uso de la escala MESS (Mangled Extremity Severity Score) ayuda al clínico a tomar la decisión final. ¿Qué puntuación en la MESS sugiere un alto riesgo de fracaso del salvamento?",
    "opciones": {
      "a": "{MESS} < 3",
      "b": "{MESS} geq 7",
      "c": "{MESS} = 5",
      "d": "{MESS} = 0"
    },
    "respuesta_correcta": "b"
  },
  {
    "id": 76,
    "pregunta": "En un lactante de 5 meses con sospecha de Maltrato Infantil y múltiples fracturas. Las fracturas metafisarias en esquina o en cubo son altamente específicas de:",
    "opciones": {
      "a": "Osteogénesis Imperfecta",
      "b": "Lesión por Cizallamiento y Tracción",
      "c": "Caída de altura",
      "d": "Déficit de Vitamina D"
    },
    "respuesta_correcta": "b"
  },
  {
    "id": 77,
    "pregunta": "La causa más común de Muerte Cerebral en niños y adultos jóvenes, que es la principal fuente de órganos para trasplante, es:",
    "opciones": {
      "a": " Accidentes cerebrovasculares hemorrágicos",
      "b": "Traumatismo Craneoencefálico grave",
      "c": "Tumores cerebrales primarios",
      "d": "Infecciones del SNC"
    },
    "respuesta_correcta": "b"
  },
  {
    "id": 78,
    "pregunta": "Paciente adulto politraumatizado de 60 kg requiere una dosis de carga de Fenitoína para profilaxis anticonvulsiva a 15 mg/kg. La presentación es $50 mg/mL. ¿Qué volumen mL debe infundirse en el bolo?",
    "opciones": {
      "a": "18 mL",
      "b": "36 mL",
      "c": "9 mL",
      "d": "45 mL"
    },
    "respuesta_correcta": "a"
  },
  {
    "id": 79,
    "pregunta": "Un paciente crítico con fracturas abiertas Gustilo II requiere la administración de antibióticos de amplio espectro. El antibiótico de elección para la profilaxis en este tipo de fractura es:",
    "opciones": {
      "a": "Vancomicina",
      "b": "Cefalosporina de primera generación (ej. Cefazolina",
      "c": "Metronidazol",
      "d": "Gentamicina"
    },
    "respuesta_correcta": "b"
  },
  {
    "id": 80,
    "pregunta": "La lesión más comúnmente asociada a las fracturas-luxaciones de la columna cervical subaxial es:",
    "opciones": {
      "a": "{Lesión del plexo braquial}",
      "b": "{Lesión de la arteria carótida}",
      "c": "{Lesión de la médula espinal}",
      "d": "{Fractura del húmero}"
    },
    "respuesta_correcta": "c"
  },
  {
    "id": 81,
    "pregunta": "Una complicación temprana y grave de la cirugía de Control de Daños por fracturas pélvicas es la reaparición de Shock por hemorragia continua. ¿Cuál es la fuente de sangrado más común que requiere Embolización Arterial?",
    "opciones": {
      "a": "{Arteria femoral}",
      "b": "{Arteria ilíaca interna}",
      "c": "Venas pélvicas y plexos óseos",
      "d": "{Arteria sacra media}"
    },
    "respuesta_correcta": "b"
  },
  {
    "id": 82,
    "pregunta": "La **Necrosis Avascular de la Cabeza Femoral** es una complicación temida en fracturas intracapsulares de cadera en niños. ¿Cuál es el factor más importante que determina el riesgo de $\\text{NAV}$?",
    "opciones": {
      "a": " El sexo del paciente",
      "b": " El grado de desplazamiento de la fractura",
      "c": " La velocidad de la consolidación ósea",
      "d": "La presencia de fiebre"
    },
    "respuesta_correcta": "b"
  },
  {
    "id": 83,
    "pregunta": "En el contexto de la donación en asistolia DCD, ¿qué requerimiento legal y éticO es fundamental para la extracción de órganos?",
    "opciones": {
      "a": "El paciente debe estar en muerte cerebral",
      "b": "Debe transcurrir un periodo mínimo sin latido cardíaco y respiración 5 minutos típicamente)",
      "c": "El paciente debe ser menor de 18 años",
      "d": "Se puede iniciar la extracción antes del cese cardíaco"
    },
    "respuesta_correcta": "b"
  },
  {
    "id": 84,
    "pregunta": "Paciente adulto de 40 años, Shock inestable, fractura Gustilo IIIb de tibia. El tratamiento inicial de control de daños más efectivo para prevenir infección y necrosis es:",
    "opciones": {
      "a": "Opción A: Iniciar antibióticos y fijación interna con clavo",
      "b": "Opción B: Desbridamiento urgente, irrigación, y estabilización con fijador externo",
      "c": "Opción C: Aplicar sólo un vendaje compresivo estéril",
      "d": "Opción D: Cierre primario de la herida sin desbridamiento"
    },
    "respuesta_correcta": "b"
  },
  {
    "id": 85,
    "pregunta": "Un paciente pediátrico de 7 años presenta una fractura supracondílea de húmero Gartland III con ausencia de pulsos radial y cubital. ¿Cuál es el tratamiento quirúrgico urgente y prioritario, considerando el manejo de la extremidad isquémica?",
    "opciones": {
      "a": "Opción A: Exploración vascular abierta inmediata",
      "b": "Opción B: Reducción cerrada, comprobación de pulsos, si persisten ausentes, reducción abierta/fijación percutánea y exploración vascular",
      "c": "Opción C: Angiografía y luego reducción",
      "d": "Opción D: Fijación interna rígida con placa y tornillos"
    },
    "respuesta_correcta": "b"
  },
  {
    "id": 86,
    "pregunta": "¿Qué índice pronóstico, específico para fracturas pélvicas y abdominales, se utiliza para evaluar el riesgo de muerte en un paciente politraumatizado?",
    "opciones": {
      "a": " (Injury Severity Score)",
      "b": " (Mangled Extremity Severity Score)",
      "c": " (Wang and Hou score)",
      "d": " (Trauma Score)"
    },
    "respuesta_correcta": "a"
  },
  {
    "id": 87,
    "pregunta": "La complicación más frecuente y grave a largo plazo después de una fractura de pilón tibial severa (fractura intraarticular de la tibia distal) es:",
    "opciones": {
      "a": "Opción A: Neuropatía del nervio peroneo",
      "b": "Opción B: Artrosis postraumática",
      "c": "Opción C: Pseudoartrosis no infectada",
      "d": "Opción D: Rigidez de la articulación {subastragalina}"
    },
    "respuesta_correcta": "b"
  },
  {
    "id": 88,
    "pregunta": "Paciente adulto con fractura inestable de Columna Toracolumbar sin déficit neurológico completo. Se ha estabilizado hemodinámicamente. ¿Cuál es el momento óptimo para la fijación interna definitiva en el manejo de Control de Daños?",
    "opciones": {
      "a": " Inmediatamente ( <6 horas)",
      "b": " Cuando el paciente ha superado la 'ventana de la muerte' (2-5 días)",
      "c": " A los 3 meses",
      "d": " La fijación externa es siempre preferible"
    },
    "respuesta_correcta": "b"
  },
  {
    "id": 89,
    "pregunta": "Según la Ley de Trasplantes, ¿quién tiene la autoridad legal final para revocar la decisión de donación de órganos de un paciente declarado en muerte cerebral, si este no dejó su voluntad por escrito?",
    "opciones": {
      "a": "Opción A: El equipo médico tratante",
      "b": "Opción B: El coordinador de trasplantes",
      "c": "Opción C: Los familiares directos y legalmente reconocidos",
      "d": "Opción D: Un juez de guardia"
    },
    "respuesta_correcta": "c"
  },
  {
    "id": 90,
    "pregunta": "Un niño de 20 kg con TCE requiere Manitol al 20% a dosis de 0.5 g/kg. Si la presentación del Manitol es de 20 g por 100 mL, ¿cuántos mililitros de solución deben administrarse en total?",
    "opciones": {
      "a": "50 mL",
      "b": "25 mL",
      "c": "100 mL",
      "d": "10 mL"
    },
    "respuesta_correcta": "a"
  },
  {
    "id": 91,
    "pregunta": "La escala de clasificación de fracturas óseas abiertas más utilizada en el entorno de cuidados críticos es:",
    "opciones": {
      "a": "Clasificación de Salter-Harris",
      "b": " Clasificación de Gustilo-Anderson",
      "c": "Clasificación de Denis",
      "d": " Clasificación de AO (Arbeitsgemeinschaft für Osteosynthesefragen)"
    },
    "respuesta_correcta": "b"
  },
  {
    "id": 92,
    "pregunta": "En un paciente con Shock grave y Fractura Abierta de Tibia con alto riesgo de amputación, el uso de la escala MESS (Mangled Extremity Severity Score) ayuda al clínico a tomar la decisión final. ¿Qué puntuación en la MESS sugiere un alto riesgo de fracaso del salvamento?",
    "opciones": {
      "a": "{MESS} < 3",
      "b": "{MESS} geq 7",
      "c": "{MESS} = 5",
      "d": "{MESS} = 0"
    },
    "respuesta_correcta": "b"
  },
  {
    "id": 93,
    "pregunta": "En un lactante de 5 meses con sospecha de Maltrato Infantil y múltiples fracturas. Las fracturas metafisarias en esquina o en cubo son altamente específicas de:",
    "opciones": {
      "a": "Osteogénesis Imperfecta",
      "b": "Lesión por Cizallamiento y Tracción",
      "c": "Caída de altura",
      "d": "Déficit de Vitamina D"
    },
    "respuesta_correcta": "b"
  },
  {
    "id": 94,
    "pregunta": "La causa más común de Muerte Cerebral en niños y adultos jóvenes, que es la principal fuente de órganos para trasplante, es:",
    "opciones": {
      "a": " Accidentes cerebrovasculares hemorrágicos",
      "b": "Traumatismo Craneoencefálico grave",
      "c": "Tumores cerebrales primarios",
      "d": "Infecciones del SNC"
    },
    "respuesta_correcta": "b"
  },
  {
    "id": 95,
    "pregunta": "Paciente adulto politraumatizado de 60 kg requiere una dosis de carga de Fenitoína para profilaxis anticonvulsiva a 15 mg/kg. La presentación es $50 mg/mL. ¿Qué volumen mL debe infundirse en el bolo?",
    "opciones": {
      "a": "18 mL",
      "b": "36 mL",
      "c": "9 mL",
      "d": "45 mL"
    },
    "respuesta_correcta": "a"
  },
  {
    "id": 96,
    "pregunta": "Un paciente crítico con fracturas abiertas Gustilo II requiere la administración de antibióticos de amplio espectro. El antibiótico de elección para la profilaxis en este tipo de fractura es:",
    "opciones": {
      "a": "Vancomicina",
      "b": "Cefalosporina de primera generación (ej. Cefazolina",
      "c": "Metronidazol",
      "d": "Gentamicina"
    },
    "respuesta_correcta": "b"
  },
  {
    "id": 97,
    "pregunta": "La lesión más comúnmente asociada a las fracturas-luxaciones de la columna cervical subaxial es:",
    "opciones": {
      "a": "{Lesión del plexo braquial}",
      "b": "{Lesión de la arteria carótida}",
      "c": "{Lesión de la médula espinal}",
      "d": "{Fractura del húmero}"
    },
    "respuesta_correcta": "c"
  },
  {
    "id": 98,
    "pregunta": "Una complicación temprana y grave de la cirugía de Control de Daños por fracturas pélvicas es la reaparición de Shock por hemorragia continua. ¿Cuál es la fuente de sangrado más común que requiere Embolización Arterial?",
    "opciones": {
      "a": "{Arteria femoral}",
      "b": "{Arteria ilíaca interna}",
      "c": "Venas pélvicas y plexos óseos",
      "d": "{Arteria sacra media}"
    },
    "respuesta_correcta": "b"
  },
  {
    "id": 99,
    "pregunta": "La **Necrosis Avascular de la Cabeza Femoral** es una complicación temida en fracturas intracapsulares de cadera en niños. ¿Cuál es el factor más importante que determina el riesgo de $\\text{NAV}$?",
    "opciones": {
      "a": " El sexo del paciente",
      "b": " El grado de desplazamiento de la fractura",
      "c": " La velocidad de la consolidación ósea",
      "d": "La presencia de fiebre"
    },
    "respuesta_correcta": "b"
  },
  {
    "id": 100,
    "pregunta": "En el contexto de la donación en asistolia DCD, ¿qué requerimiento legal y éticO es fundamental para la extracción de órganos?",
    "opciones": {
      "a": "El paciente debe estar en muerte cerebral",
      "b": "Debe transcurrir un periodo mínimo sin latido cardíaco y respiración 5 minutos típicamente)",
      "c": "El paciente debe ser menor de 18 años",
      "d": "Se puede iniciar la extracción antes del cese cardíaco"
    },
    "respuesta_correcta": "b"
  }
]