[
  {
    "id": 1,
    "caso_clinico": "Neonato con SAN. Se utiliza la escala de Finnegan para cuantificar la severidad de la abstinencia.",
    "pregunta": "¿Qué tipo de síntomas son los más valorados en la escala de Finnegan para decidir el inicio de tratamiento?",
    "opciones": {
      "a": "Síntomas Cardiovasculares.",
      "b": "Síntomas Neurológicos, Gastrointestinales y Respiratorios.",
      "c": "Síntomas ORL.",
      "d": "Síntomas Musculoesqueléticos."
    },
    "respuesta_correcta": "b",
    "tema": "Neonato - Evaluación de Abstinencia",
    "justificacion": "La escala de Finnegan evalúa principalmente síntomas del SNC, GI y respiratorios."
  },
  {
    "id": 2,
    "caso_clinico": "Adulto en UCI con riesgo de Delirium. Se utiliza la escala CAM-ICU (Confusion Assessment Method for ICU) para el cribado.",
    "pregunta": "¿Cuál es la característica esencial de la CAM-ICU que permite su uso en pacientes sedados y ventilados?",
    "opciones": {
      "a": "Evalúa el estado de ánimo únicamente.",
      "b": "Evalúa la inatención y el nivel de conciencia (RASS) sin requerir lenguaje verbal complejo.",
      "c": "Evalúa solo la memoria a corto plazo.",
      "d": "Se basa únicamente en el EEG."
    },
    "respuesta_correcta": "b",
    "tema": "Adulto - Evaluación de Delirium",
    "justificacion": "La CAM-ICU es ideal para UCI porque requiere la evaluación del nivel de conciencia (RASS) y la inatención, que son evaluables en pacientes no verbales."
  },
  {
    "id": 3,
    "caso_clinico": "Adulto con Muerte Encefálica. Los familiares se oponen a la donación, argumentando que viola el derecho a la integridad del cadáver.",
    "pregunta": "Según la **Ley Justina (N° 27.447)**, en Argentina, ¿cuál es la principal característica del consentimiento para la donación de órganos?",
    "opciones": {
      "a": "Se requiere siempre el consentimiento expreso de la familia para la donación.",
      "b": "Toda persona mayor de 18 años es considerada **donante presunta** (tácito), a menos que haya dejado constancia expresa de lo contrario.",
      "c": "Solo es donante quien lo registra ante un Escribano Público.",
      "d": "El consentimiento solo aplica para donación de tejidos, no de órganos sólidos."
    },
    "respuesta_correcta": "b",
    "tema": "Legislación Argentina - Consentimiento (Ley Justina)",
    "justificacion": "La Ley Justina (27.447) establece el principio de 'Donante Presunto', donde toda persona mayor de 18 años es donante si no manifiesta su negativa en vida. La familia solo puede testimoniar la voluntad, pero no oponerse a un consentimiento presunto."
  },
  {
    "id": 4,
    "caso_clinico": "Adulto en UCI con riesgo de Delirium. Se utiliza la escala CAM-ICU (Confusion Assessment Method for ICU) para el cribado.",
    "pregunta": "¿Cuál es la intervención psiquiátrica inicial recomendada para el manejo de la manipulación y la inestabilidad en pacientes con TLP en UCI?",
    "opciones": {
      "a": "Satisfacer todas las demandas para evitar la escalada.",
      "b": "Establecer límites claros, consistentes y un plan de manejo estandarizado con el equipo.",
      "c": "Inicio de TEC urgente.",
      "d": "Ignorar al paciente."
    },
    "respuesta_correcta": "b",
    "tema": "Adulto - Trastornos de la Personalidad",
    "justificacion": "La consistencia y el establecimiento de límites son cruciales en el manejo del TLP."
  },
  {
    "id": 5,
    "caso_clinico": "Paciente pediátrico (4 años) con Delirium hipoactivo postoperatorio. No hay respuesta a las medidas no farmacológicas.",
    "pregunta": "¿Qué antipsicótico atípico se utiliza comúnmente para el Delirium pediátrico, dada su buena tolerabilidad?",
    "opciones": {
      "a": "Clozapina.",
      "b": "Risperidona (en dosis bajas).",
      "c": "Haloperidol (evitado por riesgo extrapiramidal).",
      "d": "Litio."
    },
    "respuesta_correcta": "b",
    "tema": "Pediátrico - Tratamiento del Delirium",
    "justificacion": "La Risperidona y la Olanzapina son antipsicóticos atípicos utilizados fuera de etiqueta en el Delirium pediátrico."
  },
  {
    "id": 6,
    "caso_clinico": "Neonato (2.5 kg) en UCI requiere un bolo de Midazolam a 0.1 mg/kg IV. La presentación es 5 mg/mL.",
    "pregunta": "¿Cuántos mililitros (mL) de Midazolam deben administrarse en este bolo?",
    "opciones": {
      "a": "0.05 mL.",
      "b": "0.5 mL.",
      "c": "0.15 mL.",
      "d": "0.25 mL."
    },
    "respuesta_correcta": "a",
    "tema": "Neonato - Cálculo de Fármaco",
    "justificacion": "Cálculo: Dosis requerida (2.5 kg * 0.1 mg/kg = 0.25 mg). Volumen = Dosis/Concentración = 0.25 mg / 5 mg/mL = 0.05 mL."
  },
  {
    "id": 7,
    "caso_clinico": "Adulto con Delirium. Se asocia el uso de Benzodiazepinas para sedación como un factor de riesgo independiente.",
    "pregunta": "¿Cuál es la mejor práctica para evitar el Delirium en pacientes críticos ventilados?",
    "opciones": {
      "a": "Sedación profunda continua (RASS -5).",
      "b": "Uso preferente de Propofol o Midazolam en lugar de Dexmedetomidina.",
      "c": "Sedación ligera y superficial (RASS 0 a -2) con interrupción diaria de la sedación.",
      "d": "Uso profiláctico de Haloperidol."
    },
    "respuesta_correcta": "c",
    "tema": "Adulto - Prevención del Delirium",
    "justificacion": "La sedación ligera y la interrupción diaria (Despertar y Respirar) son las mejores estrategias de prevención."
  },
  {
    "id": 8,
    "caso_clinico": "Adulto con Muerte Encefálica. Se decide avanzar en el proceso de donación de órganos, según la Ley N° 27.447.",
    "pregunta": "¿Qué equipo médico, según la normativa argentina, debe realizar la certificación de la Muerte Encefálica?",
    "opciones": {
      "a": "El médico tratante, el Coordinador Hospitalario de Trasplante y un Neurólogo.",
      "b": "**Dos médicos no pertenecientes al equipo de trasplante**, uno de los cuales deberá ser neurólogo o neurocirujano.",
      "c": "El Coordinador de Trasplantes únicamente, después de la Asistolia (DMC).",
      "d": "El psiquiatra y el médico intensivista."
    },
    "respuesta_correcta": "b",
    "tema": "Legislación Argentina - Certificación de Muerte",
    "justificacion": "El Artículo 24 de la Ley 27.447 exige que el diagnóstico sea realizado por dos médicos, uno de ellos neurólogo o neurocirujano, y que **ninguno** de ellos forme parte del equipo de ablación o trasplante, garantizando la independencia."
  },
  {
    "id": 9,
    "caso_clinico": "Adulto con Shock Séptico. Desarrolla un Delirium hiperactivo. Se utiliza Haloperidol, pero el paciente sigue agitado y presenta rigidez muscular, fiebre y CPK elevada.",
    "pregunta": "¿Qué diagnóstico psiquiátrico urgente (asociado a fármacos) se debe sospechar?",
    "opciones": {
      "a": "Distonía aguda.",
      "b": "Síndrome Serotoninérgico.",
      "c": "Síndrome Neuroléptico Maligno (SNM).",
      "d": "Crisis de agitación psicomotriz refractaria."
    },
    "respuesta_correcta": "c",
    "tema": "Adulto - SNM",
    "justificacion": "La tríada de rigidez, hipertermia y CPK elevada tras el uso de antipsicóticos sugiere SNM."
  },
  {
    "id": 10,
    "caso_clinico": "Paciente pediátrico (7 años) con crisis de ansiedad severa por separación de sus padres. Se requiere un ansiolítico oral para reducir la ansiedad antes de un procedimiento.",
    "pregunta": "¿Cuál es la Benzodiazepina oral de elección para la sedación pre-procedimiento en niños?",
    "opciones": {
      "a": "Diazepam (vida media larga).",
      "b": "Clonazepam.",
      "c": "Midazolam (oral) o Lorazepam (vida media corta a intermedia).",
      "d": "Alprazolam."
    },
    "respuesta_correcta": "c",
    "tema": "Pediátrico - Ansiolíticos",
    "justificacion": "El Midazolam oral es ampliamente utilizado por su rápido inicio y corta duración, ideal para procedimientos."
  },
  {
    "id": 11,
    "caso_clinico": "Neonato (4.5 kg) con dolor persistente. Se requiere administrar Morfina en bolo a 100 mcg/kg IV. La presentación es 1 mg/mL.",
    "pregunta": "¿Cuántos mililitros (mL) de Morfina deben administrarse en este bolo?",
    "opciones": {
      "a": "0.45 mL.",
      "b": "0.045 mL.",
      "c": "4.5 mL.",
      "d": "0.9 mL."
    },
    "respuesta_correcta": "a",
    "tema": "Neonato - Cálculo de Fármaco",
    "justificacion": "Cálculo: Dosis requerida (4.5 kg * 100 mcg/kg = 450 mcg). Concentración: 1 mg/mL = 1000 mcg/mL. Volumen = 450 mcg / 1000 mcg/mL = 0.45 mL."
  },
  {
    "id": 12,
    "caso_clinico": "Adulto con Delirium y Muerte Cerebral inminente. El equipo médico sospecha que el Delirium fue un síntoma de una enfermedad psiquiátrica grave previa.",
    "pregunta": "¿La presencia de un Delirium siempre implica que el paciente tiene una enfermedad psiquiátrica primaria?",
    "opciones": {
      "a": "Sí, el Delirium siempre es una manifestación de psicosis subyacente.",
      "b": "No, el Delirium es un síndrome secundario a una condición médica, nunca primario.",
      "c": "Solo si es Delirium hiperactivo.",
      "d": "Solo si el Delirium dura más de 48 horas."
    },
    "respuesta_correcta": "b",
    "tema": "Adulto - Concepto de Delirium",
    "justificacion": "El Delirium es la alteración de la conciencia y la cognición secundaria a una etiología médica o farmacológica."
  },
  {
    "id": 13,
    "caso_clinico": "La Ley 27.447 sobre Trasplante de Órganos, Tejidos y Células en Argentina regula la trazabilidad en el proceso de donación y trasplante.",
    "pregunta": "¿Cuál es el principal objetivo del **Instituto Nacional Central Único Coordinador de Ablación e Implante (INCUCAI)** respecto al seguimiento de órganos en Argentina?",
    "opciones": {
      "a": "Garantizar la identidad del receptor al donador, por ley.",
      "b": "Permitir la comercialización de tejidos y células por parte de bancos privados.",
      "c": "Asegurar el cumplimiento del anonimato y la trazabilidad del órgano/tejido desde el donante hasta el receptor.",
      "d": "Determinar los honorarios que recibirá el equipo médico del trasplante."
    },
    "respuesta_correcta": "c",
    "tema": "Legislación Argentina - INCUCAI y Trazabilidad",
    "justificacion": "El INCUCAI regula el proceso de donación/trasplante, asegurando la transparencia (trazabilidad) y el **anonimato** entre donante y receptor, según el Artículo 51 y otros concordantes de la Ley 27.447."
  },
  {
    "id": 14,
    "caso_clinico": "Adulto en UCI con Síndrome de Abstinencia a Benzodiazepinas (SAB). Presenta taquicardia, sudoración y ansiedad grave. Se requiere reinicio del tratamiento.",
    "pregunta": "¿Cuál es la estrategia farmacológica más segura y efectiva para el SAB en UCI?",
    "opciones": {
      "a": "Inicio de Antipsicóticos (ej. Haloperidol).",
      "b": "Uso de ISRS.",
      "c": "Administración de Benzodiazepinas de vida media larga (ej. Diazepam) tituladas, para estabilización y destete lento.",
      "d": "Clonidina para los síntomas adrenérgicos únicamente."
    },
    "respuesta_correcta": "c",
    "tema": "Adulto - Síndrome de Abstinencia",
    "justificacion": "La base del tratamiento es reponer la Benzodiazepina y realizar un destete lento."
  },
  {
    "id": 15,
    "caso_clinico": "Paciente pediátrico (30 kg) con Depresión Mayor Grave que complica la recuperación. Se decide iniciar Sertralina (ISRS) a 25 mg/día. La presentación es tabletas de 50 mg.",
    "pregunta": "¿Cuántas tabletas de 50 mg y qué fracción se deben administrar para la dosis inicial?",
    "opciones": {
      "a": "Una tableta completa.",
      "b": "Media tableta.",
      "c": "Una tableta y media.",
      "d": "Dos tabletas."
    },
    "respuesta_correcta": "b",
    "tema": "Pediátrico - Cálculo de Fármaco",
    "justificacion": "Cálculo: Dosis requerida (25 mg) / Presentación (50 mg/tableta) = 0.5 tableta (media tableta)."
  },
  {
    "id": 16,
    "caso_clinico": "Neonato en UCI con dolor refractario. El equipo médico está debatiendo el uso de bloqueos regionales.",
    "pregunta": "¿Cuál es el riesgo psicosocial a largo plazo de los analgésicos opioides a largo plazo en el neonato?",
    "opciones": {
      "a": "Adicción en la vida adulta.",
      "b": "Alteraciones del neurodesarrollo y la formación de sinapsis.",
      "c": "Mayor riesgo de TOC.",
      "d": "Trastorno de identidad disociativo."
    },
    "respuesta_correcta": "b",
    "tema": "Neonato - Farmacología y Desarrollo",
    "justificacion": "El uso prolongado de opioides en el cerebro en desarrollo se asocia a peores resultados en el neurodesarrollo."
  },
  {
    "id": 17,
    "caso_clinico": "Adulto con Delirium hiperactivo. El paciente se encuentra tan agitado que el riesgo de daño es inminente. El equipo considera la contención física.",
    "pregunta": "¿Cuál es el principio ético que establece que la contención física debe ser la **última medida**?",
    "opciones": {
      "a": "Justicia.",
      "b": "Autonomía.",
      "c": "No Maleficencia.",
      "d": "Beneficencia."
    },
    "respuesta_correcta": "c",
    "tema": "Adulto - Ética y Contención",
    "justificacion": "La contención física, aunque a veces necesaria, es una medida restrictiva que implica riesgo de daño (No Maleficencia)."
  },
  {
    "id": 18,
    "caso_clinico": "Adulto con Muerte Encefálica. Los familiares cuestionan la gratuidad, preguntando si el hospital obtiene algún beneficio económico.",
    "pregunta": "¿Qué establece la **Ley Justina (N° 27.447)** sobre el lucro y los costos en la donación de órganos en Argentina?",
    "opciones": {
      "a": "Se permite el lucro con el órgano, pero no con la cirugía.",
      "b": "Se prohíbe la comercialización y todo tipo de lucro con el órgano, siendo la donación un **acto altruista y solidario**.",
      "c": "El hospital público debe absorber todos los costos, sin excepción.",
      "d": "Solo los hospitales privados pueden obtener lucro, de forma regulada."
    },
    "respuesta_correcta": "b",
    "tema": "Legislación Argentina - Gratuidad y Altruismo",
    "justificacion": "La ley argentina (Art. 4) establece que la donación y el trasplante son un acto **altruista** y está estrictamente **prohibida la comercialización** de órganos y tejidos. El receptor cubre los gastos de la práctica médica y hospitalaria, pero no paga por el órgano en sí."
  },
  {
    "id": 19,
    "caso_clinico": "Adulto con Delirium hipoactivo. Se identifica la interrupción del ciclo sueño-vigilia como un factor contribuyente.",
    "pregunta": "¿Cuál es la intervención ambiental de primera línea para mejorar el ciclo sueño-vigilia en UCI?",
    "opciones": {
      "a": "Administración de Benzodiazepinas al acostarse.",
      "b": "Reducir el ruido y la iluminación nocturna y aumentar la exposición a la luz natural durante el día.",
      "c": "Aumento de la sedación nocturna.",
      "d": "Cambio frecuente de habitación."
    },
    "respuesta_correcta": "b",
    "tema": "Adulto - Manejo No Farmacológico",
    "justificacion": "Las medidas ambientales que restauran los ritmos circadianos son esenciales para prevenir el Delirium."
  },
  {
    "id": 20,
    "caso_clinico": "Neonato (3 kg) con SAN. Se requiere infusión de Fenobarbital a 5 mg/kg/día. La dilución es 50 mg en 50 mL.",
    "pregunta": "¿A qué velocidad (mL/h) debe programarse la infusión de Fenobarbital para administrar la dosis diaria en 24 horas?",
    "opciones": {
      "a": "0.625 mL/h.",
      "b": "1.25 mL/h.",
      "c": "3.0 mL/h.",
      "d": "6.0 mL/h."
    },
    "respuesta_correcta": "a",
    "tema": "Neonato - Cálculo de Fármaco",
    "justificacion": "Cálculo: Dosis total por día (3 kg * 5 mg/kg = 15 mg). Concentración: 50 mg/50 mL = 1 mg/mL. Volumen total: 15 mL (para 15 mg). Velocidad: 15 mL / 24 h = 0.625 mL/h."
  },
  {
    "id": 21,
    "caso_clinico": "Paciente pediátrico (16 años) con intento de suicidio. El paciente se recupera, pero rechaza la evaluación psiquiátrica y el traslado a Psiquiatría.",
    "pregunta": "¿Bajo qué principio legal y ético se puede realizar la evaluación psiquiátrica en contra de la voluntad de un menor de edad (legalmente considerado menor) con riesgo suicida?",
    "opciones": {
      "a": "Autonomía.",
      "b": "Paternalismo Médico y Beneficencia (ante riesgo vital).",
      "c": "Justicia.",
      "d": "Consentimiento Tácito."
    },
    "respuesta_correcta": "b",
    "tema": "Pediátrico - Ética y Riesgo Suicida",
    "justificacion": "El paternalismo médico justifica la intervención forzosa ante riesgo inminente en menores de edad."
  },
  {
    "id": 22,
    "caso_clinico": "Adulto con Delirium. Se sospecha de Síndrome Serotoninérgico. Se requiere un antídoto.",
    "pregunta": "¿Cuál es el antídoto de elección para el Síndrome Serotoninérgico?",
    "opciones": {
      "a": "Naloxona.",
      "b": "Ciproheptadina (antagonista 5-HT₂A).",
      "c": "Flumazenil.",
      "d": "Dantroleno."
    },
    "respuesta_correcta": "b",
    "tema": "Adulto - Farmacología Psiquiátrica",
    "justificacion": "La Ciproheptadina es el tratamiento específico para el Síndrome Serotoninérgico."
  },
  {
    "id": 23,
    "caso_clinico": "Un paciente en Asistolia se considera como Donante a Corazón Parado (DCP). El equipo debe priorizar la protección de los órganos.",
    "pregunta": "¿Cuál es el factor principal que afecta directamente la viabilidad de los órganos sólidos en la Donación a Corazón Parado (DCP)?",
    "opciones": {
      "a": "El uso de Adrenalina durante la reanimación.",
      "b": "El **tiempo total de isquemia caliente** (desde el cese del flujo sanguíneo hasta la canulación y perfusión fría).",
      "c": "La causa de la Muerte (ej. trauma).",
      "d": "El grupo sanguíneo del donador."
    },
    "respuesta_correcta": "b",
    "tema": "Legislación Argentina - Viabilidad de Órganos (DCP)",
    "justificacion": "La isquemia caliente, es decir, el tiempo que los órganos están sin flujo sanguíneo y a temperatura corporal, es el factor más crítico y limitante para la viabilidad de los órganos tras la Asistolia (DCP), un tipo de donación que es regulada y practicada en Argentina."
  },
  {
    "id": 24,
    "caso_clinico": "Adulto en UCI con insomnio severo no relacionado con el Delirium. Se requiere un hipnótico con bajo riesgo de efectos adversos en UCI.",
    "pregunta": "¿Cuál es el hipnótico no benzodiazepínico con menor riesgo de Delirium en pacientes críticos?",
    "opciones": {
      "a": "Zolpidem.",
      "b": "Trazodona.",
      "c": "Lorazepam.",
      "d": "Diphenhydramina."
    },
    "respuesta_correcta": "b",
    "tema": "Adulto - Insomnio",
    "justificacion": "La Trazodona se utiliza a menudo por su mecanismo dual y bajo riesgo de promover Delirium."
  },
  {
    "id": 25,
    "caso_clinico": "Neonato (2 kg) en UCI con dependencia física a los opioides por tratamiento prolongado. Se inicia un destete lento del opioide.",
    "pregunta": "¿Cuál es la tasa recomendada de reducción semanal del opioide para un destete seguro en neonatos?",
    "opciones": {
      "a": "100% por semana.",
      "b": "10% por día.",
      "c": "10-20% de la dosis total por semana.",
      "d": "50% de la dosis total por semana."
    },
    "respuesta_correcta": "c",
    "tema": "Neonato - Farmacología",
    "justificacion": "El destete lento (10-20% por semana) es esencial para prevenir el síndrome de abstinencia."
  },
  {
    "id": 26,
    "caso_clinico": "Paciente pediátrico (25 kg) con agitación extrema. Se requiere un bolo de Lorazepam a 0.1 mg/kg IV. La presentación es 2 mg/mL.",
    "pregunta": "¿Cuántos mililitros (mL) de Lorazepam deben administrarse en este bolo?",
    "opciones": {
      "a": "1.25 mL.",
      "b": "2.5 mL.",
      "c": "5.0 mL.",
      "d": "7.5 mL."
    },
    "respuesta_correcta": "a",
    "tema": "Pediátrico - Cálculo de Fármaco",
    "justificacion": "Cálculo: Dosis requerida (25 kg * 0.1 mg/kg = 2.5 mg). Volumen = 2.5 mg / 2 mg/mL = 1.25 mL."
  },
  {
    "id": 27,
    "caso_clinico": "Adulto con Delirium. Se utiliza la CAM-ICU. El paciente es evaluado como RASS -1.",
    "pregunta": "¿Qué significa RASS -1 en el contexto de la evaluación del Delirium?",
    "opciones": {
      "a": "Agitación severa.",
      "b": "Alerta y en calma.",
      "c": "Somnoliento, pero despierta al contacto verbal (menos de 10 segundos).",
      "d": "Difícil de despertar (RASS -3)."
    },
    "respuesta_correcta": "c",
    "tema": "Adulto - Escala RASS",
    "justificacion": "RASS -1 indica somnolencia leve, pero reactividad al estímulo verbal."
  },
  {
    "id": 28,
    "caso_clinico": "Un paciente requiere un trasplante de corazón urgente. Se le da prioridad en la lista nacional de trasplantes gestionada por el INCUCAI.",
    "pregunta": "¿Qué principio ético y legal es el más relevante en la distribución de órganos y la priorización de pacientes según la normativa argentina?",
    "opciones": {
      "a": "Beneficencia.",
      "b": "Autonomía.",
      "c": "Justicia Distributiva (equidad y necesidad) y Criterios Únicos (Nacionales).",
      "d": "No Maleficencia."
    },
    "respuesta_correcta": "c",
    "tema": "Legislación Argentina - Principios Éticos de Distribución",
    "justificacion": "La distribución de órganos se rige por el principio de **Justicia Distributiva**, implementada por el INCUCAI a través de criterios de equidad, gravedad del receptor, compatibilidad biológica y antigüedad en lista, con un sistema único y público (Ley 27.447, Art. 36)."
  },
  {
    "id": 29,
    "caso_clinico": "Adulto en UCI con historia de TOC. Presenta rituales de lavado de manos que interfieren con los cuidados.",
    "pregunta": "¿Cuál es la clase de fármacos de primera línea para el TOC?",
    "opciones": {
      "a": "Antipsicóticos de segunda generación.",
      "b": "Altas dosis de ISRS (ej. Fluvoxamina o Sertralina).",
      "c": "Ansiolíticos (Benzodiazepinas).",
      "d": "Estabilizadores del ánimo."
    },
    "respuesta_correcta": "b",
    "tema": "Adulto - TOC",
    "justificacion": "Los ISRS en dosis más altas que para la Depresión son el tratamiento de primera línea."
  },
  {
    "id": 30,
    "caso_clinico": "Paciente pediátrico (15 años) con TEPT post-UCI. El paciente se niega a hablar de su experiencia.",
    "pregunta": "¿Qué técnica de terapia psicológica es la base del tratamiento del TEPT?",
    "opciones": {
      "a": "Hipnosis.",
      "b": "Exposición prolongada o procesamiento cognitivo.",
      "c": "Terapia de juego.",
      "d": "Terapia de apoyo no directiva."
    },
    "respuesta_correcta": "b",
    "tema": "Pediátrico - TEPT",
    "justificacion": "Las terapias basadas en la exposición y el reprocesamiento son las más efectivas."
  },
  {
    "id": 31,
    "caso_clinico": "Neonato (3.5 kg) requiere infusión de Dopamina para soporte hemodinámico a 5 mcg/kg/min. Dilución: 200 mg en 100 mL.",
    "pregunta": "¿A qué velocidad (mL/h) debe programarse la infusión de Dopamina?",
    "opciones": {
      "a": "0.15 mL/h.",
      "b": "0.525 mL/h.",
      "c": "1.05 mL/h.",
      "d": "3.15 mL/h."
    },
    "respuesta_correcta": "b",
    "tema": "Neonato - Cálculo de Fármaco",
    "justificacion": "Cálculo: Concentración (C) = 200 mg/100 mL = 2 mg/mL = 2000 mcg/mL. Dosis Requerida (DR) = 5 mcg/kg/min * 3.5 kg * 60 min/h = 1050 mcg/h. Velocidad (V) = DR/C = 1050 mcg/h / 2000 mcg/mL = 0.525 mL/h."
  },
  {
    "id": 32,
    "caso_clinico": "Adulto con Delirium persistente. Se le administra Rivastigmina (inhibidor de la colinesterasa) experimentalmente.",
    "pregunta": "¿Cuál es la principal justificación para el uso de inhibidores de la colinesterasa en el Delirium?",
    "opciones": {
      "a": "Disminuir la Acetilcolina.",
      "b": "Modular el sistema Dopaminérgico.",
      "c": "Compensar la deficiencia colinérgica observada en el Delirium.",
      "d": "Bloquear los receptores GABA."
    },
    "respuesta_correcta": "c",
    "tema": "Adulto - Farmacología Experimental",
    "justificacion": "La hipótesis colinérgica del Delirium sugiere que su causa es un déficit de Acetilcolina."
  },
  {
    "id": 33,
    "caso_clinico": "Adulto con Muerte Encefálica y consentimiento presunto. Los familiares se oponen, pese a no haber manifestación expresa negativa del donante en vida.",
    "pregunta": "Según la **Ley Justina**, ¿cuál es la implicancia legal de la falta de manifestación expresa de la voluntad del fallecido para la donación?",
    "opciones": {
      "a": "Se necesita orden judicial para la ablación.",
      "b": "Se respeta la oposición familiar sobre el donante presunto.",
      "c": "Se considera al fallecido como **donante, salvo que haya manifestado su negativa en forma expresa en vida** (donante presunto). La familia no puede oponerse.",
      "d": "Se debe consultar a un Comité de Ética para decidir."
    },
    "respuesta_correcta": "c",
    "tema": "Legislación Argentina - Voluntad y Familia",
    "justificacion": "La Ley 27.447 (Art. 41) establece la figura de donante presunto. Si la persona no ha dejado constancia de su negativa, se presume el consentimiento. En estos casos, la oposición familiar no puede anular la voluntad legalmente presumida del donante."
  },
  {
    "id": 34,
    "caso_clinico": "Adulto con Delirium en UCI. El paciente tiene antecedentes de Depresión Mayor.",
    "pregunta": "¿Cuál es la principal diferencia entre Delirium y Depresión en UCI?",
    "opciones": {
      "a": "La Depresión no fluctúa, el Delirium sí.",
      "b": "La Depresión causa inatención, el Delirium no.",
      "c": "El Delirium implica un **cambio agudo en el nivel de conciencia e inatención**, la Depresión no.",
      "d": "El Delirium solo es hiperactivo."
    },
    "respuesta_correcta": "c",
    "tema": "Adulto - Diagnóstico Diferencial",
    "justificacion": "La alteración de la conciencia y la inatención son los criterios centrales del Delirium."
  },
  {
    "id": 35,
    "caso_clinico": "Paciente pediátrico (10 kg) con TCE y dolor. Se requiere un bolo IV de Ketamina a 1 mg/kg. La presentación es 50 mg/mL.",
    "pregunta": "¿Cuántos mililitros (mL) de Ketamina deben administrarse en este bolo?",
    "opciones": {
      "a": "0.2 mL.",
      "b": "0.5 mL.",
      "c": "1.0 mL.",
      "d": "2.0 mL."
    },
    "respuesta_correcta": "a",
    "tema": "Pediátrico - Cálculo de Fármaco",
    "justificacion": "Cálculo: Dosis requerida (10 kg * 1 mg/kg = 10 mg). Volumen = 10 mg / 50 mg/mL = 0.2 mL."
  },
  {
    "id": 36,
    "caso_clinico": "Neonato prematuro, sometido a múltiples procedimientos dolorosos en UCI.",
    "pregunta": "¿Cuál es el riesgo psiquiátrico a largo plazo de la exposición repetida al dolor sin analgesia adecuada en la vida neonatal?",
    "opciones": {
      "a": "Insensibilidad al dolor.",
      "b": "Hipocondría.",
      "c": "Mayor sensibilidad al dolor y alteraciones en la respuesta al estrés.",
      "d": "Esquizofrenia."
    },
    "respuesta_correcta": "c",
    "tema": "Neonato - Consecuencias del Dolor",
    "justificacion": "El dolor no tratado altera las vías nociceptivas y de estrés a largo plazo."
  },
  {
    "id": 37,
    "caso_clinico": "Adulto con Muerte Encefálica. Los familiares desean que el paciente permanezca conectado por razones sentimentales, a pesar de la certeza del diagnóstico.",
    "pregunta": "¿Qué principio ético es prioritario cuando la prolongación del soporte vital no ofrece beneficio al paciente (futilidad terapéutica)?",
    "opciones": {
      "a": "Beneficencia (priorizar la voluntad del paciente en vida).",
      "b": "No Maleficencia (evitar la prolongación inútil de la agonía/encarnizamiento terapéutico).",
      "c": "Autonomía.",
      "d": "Justicia."
    },
    "respuesta_correcta": "b",
    "tema": "Adulto - Ética y Futilidad",
    "justificacion": "La prolongación inútil del soporte es considerada encarnizamiento terapéutico (Distansia), violando la no maleficencia."
  },
  {
    "id": 38,
    "caso_clinico": "Adulto con Muerte Encefálica. Se solicita la donación de órganos, incluyendo el corazón. El donador es un paciente de 75 años con antecedentes de hipertensión.",
    "pregunta": "¿Qué condición del donante es la más importante a considerar por el equipo de trasplante cardíaco, además de la edad, para determinar la viabilidad del órgano?",
    "opciones": {
      "a": "Ser fumador.",
      "b": "Presencia de **enfermedad coronaria o disfunción ventricular** subyacente.",
      "c": "Trauma craneal como causa de Muerte Encefálica.",
      "d": "Grupo sanguíneo O negativo."
    },
    "respuesta_correcta": "b",
    "tema": "Legislación Argentina - Viabilidad Cardíaca",
    "justificacion": "La viabilidad de un órgano sólido se basa en la función del mismo, siendo la enfermedad coronaria o la disfunción preexistente del ventrículo el principal limitante para la aceptación de un corazón de donante. El trauma craneal es una causa común de Muerte Encefálica en donantes jóvenes."
  },
  {
    "id": 39,
    "caso_clinico": "Adulto en UCI con historia de Trastorno por Estrés Agudo. Presenta síntomas disociativos (sensación de irrealidad, despersonalización) que interfieren con su manejo.",
    "pregunta": "¿Cuál es el manejo psiquiátrico inicial para la disociación aguda?",
    "opciones": {
      "a": "Haloperidol.",
      "b": "Técnicas de **grounding** (conexión con la realidad) y reorientación.",
      "c": "Electroconvulsoterapia (TEC).",
      "d": "Propofol en infusión."
    },
    "respuesta_correcta": "b",
    "tema": "Adulto - Disociación",
    "justificacion": "Las técnicas de *grounding* ayudan al paciente a reconectarse con el presente y la realidad."
  },
  {
    "id": 40,
    "caso_clinico": "Paciente pediátrico (15 kg) con Delirium hipoactivo. Se decide iniciar Dexmedetomidina a 0.2 mcg/kg/h. Concentración 4 mcg/mL (Dilución 200 mcg en 50 mL).",
    "pregunta": "¿A qué velocidad (mL/h) debe programarse la infusión de Dexmedetomidina?",
    "opciones": {
      "a": "0.3 mL/h.",
      "b": "0.75 mL/h.",
      "c": "1.5 mL/h.",
      "d": "3.0 mL/h."
    },
    "respuesta_correcta": "b",
    "tema": "Pediátrico - Cálculo de Fármaco",
    "justificacion": "Cálculo: Dosis Requerida (DR) = 0.2 mcg/kg/h * 15 kg = 3 mcg/h. Concentración (C) = 200 mcg/50 mL = 4 mcg/mL. Velocidad (V) = DR/C = 3 mcg/h / 4 mcg/mL = 0.75 mL/h."
  },
  {
    "id": 41,
    "caso_clinico": "Neonato en UCI. Se observa una respuesta de sobresalto exagerada a ruidos y luces. Se sospecha hiperalgesia o alodinia por dolor crónico.",
    "pregunta": "¿Cuál es la principal consecuencia del desarrollo de hiperalgesia en el neonato crítico?",
    "opciones": {
      "a": "Disminución del umbral del dolor.",
      "b": "Necesidad de menos analgesia.",
      "c": "Mejora del apetito.",
      "d": "Desarrollo de psicosis."
    },
    "respuesta_correcta": "a",
    "tema": "Neonato - Consecuencias del Dolor",
    "justificacion": "La hiperalgesia es el aumento de la sensibilidad al dolor (disminución del umbral)."
  },
  {
    "id": 42,
    "caso_clinico": "Adulto con Delirium. Se sospecha que la causa es un medicamento con alta actividad anticolinérgica (ej. Diphenhydramina).",
    "pregunta": "¿Cuál es el principal efecto adverso que contribuye al Delirium por fármacos anticolinérgicos?",
    "opciones": {
      "a": "Activación Dopaminérgica.",
      "b": "Aumento de la actividad Serotoninérgica.",
      "c": "Bloqueo de los receptores muscarínicos en el SNC.",
      "d": "Inhibición de la GABA."
    },
    "respuesta_correcta": "c",
    "tema": "Adulto - Etiología del Delirium",
    "justificacion": "El bloqueo colinérgico central es una causa conocida de Delirium."
  },
  {
    "id": 43,
    "caso_clinico": "Adulto con Muerte Encefálica. Los familiares aceptan la donación, pero piden que el riñón vaya a un familiar que no está en la Lista de Espera Única Nacional (LEUN).",
    "pregunta": "¿Qué establece la **Ley Justina (N° 27.447)** sobre la donación condicionada de órganos cadavéricos?",
    "opciones": {
      "a": "Se permite la donación condicionada si el receptor es familiar directo.",
      "b": "Se prohíbe la donación condicionada a una persona específica (salvo ciertas excepciones entre vivos), y la asignación se realiza por la LEUN y criterios técnicos del INCUCAI.",
      "c": "Se permite si el órgano es el corazón, dada su urgencia.",
      "d": "El comité de ética tiene la facultad de aprobarlo si la urgencia es extrema."
    },
    "respuesta_correcta": "b",
    "tema": "Legislación Argentina - Distribución y Condicionamiento",
    "justificacion": "La Ley 27.447 establece que la ablación post mortem es un acto anónimo y la asignación se realiza de forma centralizada y justa a través del Sistema Nacional de Información de Procuración y Trasplante (SINTRA), gestionado por el INCUCAI, priorizando la necesidad y la compatibilidad, **prohibiendo el condicionamiento**."
  },
  {
    "id": 44,
    "caso_clinico": "Adulto con Muerte Encefálica. Se mantiene con altas dosis de vasopresores para mantener la perfusión orgánica.",
    "pregunta": "¿Qué complicación endocrina es común en la Muerte Encefálica y requiere tratamiento hormonal para optimizar la donación?",
    "opciones": {
      "a": "Hipertiroidismo.",
      "b": "Insuficiencia Suprarrenal Central y Diabetes Insípida.",
      "c": "Hipoglucemia.",
      "d": "Hipercalcemia."
    },
    "respuesta_correcta": "b",
    "tema": "Adulto - Manejo del Donador",
    "justificacion": "La destrucción hipotalámica-hipofisaria en la Muerte Encefálica provoca un déficit de hormona antidiurética (Diabetes Insípida) y de cortisol (Insuficiencia Suprarrenal), lo que desestabiliza la hemodinamia y requiere terapia de reemplazo."
  },
  {
    "id": 45,
    "caso_clinico": "Paciente pediátrico (30 kg) con Sd. de Abstinencia a opioides. Se requiere iniciar Clonidina a 5 mcg/kg/d VO dividido en 4 dosis. La presentación es 100 mcg/tableta.",
    "pregunta": "¿Cuántos microgramos (mcg) debe recibir por dosis cada 6 horas?",
    "opciones": {
      "a": "37.5 mcg.",
      "b": "50 mcg.",
      "c": "150 mcg.",
      "d": "300 mcg."
    },
    "respuesta_correcta": "a",
    "tema": "Pediátrico - Cálculo de Fármaco",
    "justificacion": "Cálculo: Dosis total por día (30 kg * 5 mcg/kg/d = 150 mcg/d). Dosis por toma = 150 mcg / 4 dosis = 37.5 mcg/dosis."
  },
  {
    "id": 46,
    "caso_clinico": "Neonato en UCI. Se observa inestabilidad de los signos vitales, tremores y succión ineficaz tras el destete de la ventilación.",
    "pregunta": "¿Cuál es la causa iatrogénica más común de síndrome de abstinencia en UCI neonatal?",
    "opciones": {
      "a": "Exposición materna a cocaína.",
      "b": "Uso prolongado de opioides y Benzodiazepinas para sedación y analgesia.",
      "c": "Retiro abrupto de Clonidina.",
      "d": "Terapia con cafeína."
    },
    "respuesta_correcta": "b",
    "tema": "Neonato - Abstinencia Iatrogénica",
    "justificacion": "El uso prolongado de sedoanalgesia en UCI puede causar dependencia física y abstinencia al retirar los fármacos."
  },
  {
    "id": 47,
    "caso_clinico": "Adulto con Delirium. Se utilizan antipsicóticos atípicos. El equipo nota que el paciente ha desarrollado temblor, rigidez y acatisia.",
    "pregunta": "¿Qué grupo de efectos adversos se está manifestando?",
    "opciones": {
      "a": "Efectos anticolinérgicos.",
      "b": "Efectos Extrapiramidales (SEP).",
      "c": "Toxicidad renal.",
      "d": "Síndrome serotoninérgico."
    },
    "respuesta_correcta": "b",
    "tema": "Adulto - Farmacología Psiquiátrica",
    "justificacion": "La rigidez, temblor y acatisia son síntomas extrapiramidales asociados al bloqueo D₂."
  },
  {
    "id": 48,
    "caso_clinico": "Un donante potencial en Muerte Encefálica tiene antecedentes de haber sido procesado por crímenes de lesa humanidad. Se debate si esto afecta su donación.",
    "pregunta": "Según la **Ley N° 27.447 (Ley Justina)**, ¿qué tipo de personas o circunstancias excluyen o prohíben la ablación de órganos de una persona fallecida?",
    "opciones": {
      "a": "La condición social, la etnia o la orientación sexual.",
      "b": "Antecedentes penales o judiciales del donante.",
      "c": "La **negativa expresa** del donante manifestada en vida y las causales médicas (ej. infecciones transmisibles o cáncer).",
      "d": "No se pueden utilizar órganos de menores de 18 años, bajo ninguna circunstancia."
    },
    "respuesta_correcta": "c",
    "tema": "Legislación Argentina - Prohibiciones de Donación",
    "justificacion": "La ley establece que la donación se excluye por la negativa expresa del donante en vida y por criterios de exclusión médica (Art. 41 y decretos reglamentarios del INCUCAI). La condición social, penal o judicial no son motivos de exclusión en Argentina."
  },
  {
    "id": 49,
    "caso_clinico": "Adulto en UCI con antecedente de Trastorno por Atracones y obesidad mórbida. Desarrolla un trastorno de la conducta alimentaria en el hospital (rechazo a la alimentación enteral).",
    "pregunta": "¿Cuál es la principal meta del manejo psiquiátrico en estos casos en UCI?",
    "opciones": {
      "a": "Resolver la etiología del trastorno de atracones.",
      "b": "Asegurar la nutrición enteral o parenteral y manejar la ansiedad subyacente.",
      "c": "Forzar la alimentación oral.",
      "d": "Inicio de TEC."
    },
    "respuesta_correcta": "b",
    "tema": "Adulto - TCA",
    "justificacion": "La prioridad es el soporte nutricional mientras se maneja la patología de base."
  },
  {
    "id": 50,
    "caso_clinico": "Paciente pediátrico (18 kg) en UCI. Se requiere un bolo de Tiopental para inducción a dosis de 5 mg/kg IV. La presentación es 25 mg/mL.",
    "pregunta": "¿Cuántos mililitros (mL) de Tiopental deben administrarse en este bolo?",
    "opciones": {
      "a": "1.8 mL.",
      "b": "3.6 mL.",
      "c": "5.4 mL.",
      "d": "7.2 mL."
    },
    "respuesta_correcta": "b",
    "tema": "Pediátrico - Cálculo de Fármaco",
    "justificacion": "Cálculo: Dosis requerida (18 kg * 5 mg/kg = 90 mg). Volumen = 90 mg / 25 mg/mL = 3.6 mL."
  },
  {
    "id": 51,
    "caso_clinico": "Neonato en UCI. Se observa retraimiento, irritabilidad, falta de respuesta y una mirada evasiva al personal, sin causa médica aparente.",
    "pregunta": "¿Qué fenómeno psicológico describe la respuesta de un neonato a un ambiente estresante y traumático?",
    "opciones": {
      "a": "Regresión.",
      "b": "Falta de apego.",
      "c": "Depresión neonatal o Retraimiento del Neonato Crítico.",
      "d": "Psicosis infantil."
    },
    "respuesta_correcta": "c",
    "tema": "Neonato - Psicología",
    "justificacion": "El retraimiento es una forma de expresión de malestar psicológico en el neonato crítico."
  },
  {
    "id": 52,
    "caso_clinico": "Adulto con Delirium hiperactivo. El tratamiento con Haloperidol y Benzodiazepinas ha fallado. Se sospecha Delirium Refractario.",
    "pregunta": "¿Qué intervención farmacológica se considera para el Delirium Refractario?",
    "opciones": {
      "a": "Doble bloqueo (Haloperidol y Olanzapina).",
      "b": "Infusión de Dexmedetomidina o Propofol (si requiere ventilación).",
      "c": "TEC.",
      "d": "Inicio de ISRS."
    },
    "respuesta_correcta": "b",
    "tema": "Adulto - Delirium Refractario",
    "justificacion": "La sedación profunda controlada con Dexmedetomidina o Propofol es el manejo de elección."
  },
  {
    "id": 53,
    "caso_clinico": "Adulto con Muerte Encefálica. Los familiares aceptan la donación, pero exigen saber si el receptor tiene la misma etnia y quieren conocer su identidad.",
    "pregunta": "Según la **Ley Justina (N° 27.447)**, ¿cuál es la obligación legal y ética del equipo de trasplantes ante las identidades del donador y receptor?",
    "opciones": {
      "a": "Violar el anonimato si el receptor lo solicita.",
      "b": "Garantizar el **anonimato recíproco y la confidencialidad** de la identidad del donante y del receptor (Art. 51).",
      "c": "Informar al receptor sobre la causa de muerte del donador, pero no su identidad.",
      "d": "Registrar el nombre del receptor en el acta de donación para la familia."
    },
    "respuesta_correcta": "b",
    "tema": "Legislación Argentina - Anonimato y Confidencialidad",
    "justificacion": "El anonimato recíproco (donante y receptor no conocen sus identidades) es un pilar legal y ético fundamental de la Ley 27.447 para proteger a ambas partes y garantizar la pureza del acto altruista."
  },
  {
    "id": 54,
    "caso_clinico": "Adulto en UCI con Trastorno Bipolar. Se inicia Valproato. Se requiere una dosis de carga a 20 mg/kg IV en un paciente de 75 kg. La presentación es 100 mg/mL.",
    "pregunta": "¿Cuántos mililitros (mL) de Valproato deben administrarse en la dosis de carga?",
    "opciones": {
      "a": "7.5 mL.",
      "b": "10 mL.",
      "c": "15 mL.",
      "d": "25 mL."
    },
    "respuesta_correcta": "c",
    "tema": "Adulto - Cálculo de Fármaco",
    "justificacion": "Cálculo: Dosis requerida (75 kg * 20 mg/kg = 1500 mg). Volumen = 1500 mg / 100 mg/mL = 15 mL."
  },
  {
    "id": 55,
    "caso_clinico": "Paciente pediátrico (14 años) con TEPT post-UCI. Los flashbacks son recurrentes.",
    "pregunta": "¿Qué fármaco se utiliza a veces en el TEPT para reducir los flashbacks y las pesadillas?",
    "opciones": {
      "a": "Litio.",
      "b": "Prazosin (bloqueador $\\alpha$-adrenérgico).",
      "c": "Tiopental.",
      "d": "Haloperidol."
    },
    "respuesta_correcta": "b",
    "tema": "Pediátrico - TEPT",
    "justificacion": "El Prazosin ha demostrado ser útil en el manejo de las pesadillas en el TEPT."
  },
  {
    "id": 56,
    "caso_clinico": "Neonato con SAN. El tratamiento con Morfina es exitoso. Se observa la reducción de los síntomas de abstinencia.",
    "pregunta": "¿Qué escala se utiliza para monitorizar la reducción de los síntomas y guiar el destete del opioide?",
    "opciones": {
      "a": "Escala RASS.",
      "b": "Escala de Finnegan.",
      "c": "Escala de Glasgow.",
      "d": "Escala de Braden."
    },
    "respuesta_correcta": "b",
    "tema": "Neonato - Evaluación de Abstinencia",
    "justificacion": "La escala de Finnegan es el estándar para el diagnóstico y monitoreo del SAN."
  },
  {
    "id": 57,
    "caso_clinico": "Adulto con Delirium que presenta alucinaciones visuales de animales pequeños y personas extrañas.",
    "pregunta": "¿Cuál es la causa etiológica más probable de estas alucinaciones visuales complejas en UCI?",
    "opciones": {
      "a": "Esquizofrenia.",
      "b": "Abstinencia de Alcohol o Benzodiazepinas.",
      "c": "Depresión mayor.",
      "d": "Trastorno disociativo."
    },
    "respuesta_correcta": "b",
    "tema": "Adulto - Etiología del Delirium",
    "justificacion": "Las alucinaciones visuales complejas son clásicas del Delirium Tremens o abstinencia a sedantes."
  },
  {
    "id": 58,
    "caso_clinico": "Adulto con Muerte Encefálica. Los familiares aceptan la donación, pero exigen que el receptor cumpla con criterios sociales o demográficos (ej. misma etnia, ingresos).",
    "pregunta": "Según la **Ley N° 27.447**, ¿qué establece el INCUCAI/SINTRA sobre los criterios de asignación de órganos?",
    "opciones": {
      "a": "La etnia y la religión son criterios válidos si la familia lo solicita.",
      "b": "La asignación se basa en la **compatibilidad biológica, la urgencia médica y el criterio geográfico**; la etnia, religión o condición social son criterios discriminatorios y están prohibidos.",
      "c": "Solo los hospitales privados pueden usar criterios sociales bajo un comité de ética.",
      "d": "El donante puede decidir si su órgano va a un hospital público o privado."
    },
    "respuesta_correcta": "b",
    "tema": "Legislación Argentina - Justicia y Asignación",
    "justificacion": "Los criterios de asignación deben ser estrictamente objetivos (médicos) para garantizar la **Justicia Distributiva y la equidad** del sistema público de trasplantes (SINTRA), según el Título V de la Ley."
  },
  {
    "id": 59,
    "caso_clinico": "Neonato con SAN. Se utiliza la escala de Finnegan para cuantificar la severidad de la abstinencia.",
    "pregunta": "¿Qué tipo de síntomas son los más valorados en la escala de Finnegan para decidir el inicio de tratamiento?",
    "opciones": {
      "a": "Síntomas Cardiovasculares.",
      "b": "Síntomas Neurológicos, Gastrointestinales y Respiratorios.",
      "c": "Síntomas ORL.",
      "d": "Síntomas Musculoesqueléticos."
    },
    "respuesta_correcta": "b",
    "tema": "Neonato - Evaluación de Abstinencia",
    "justificacion": "La escala de Finnegan evalúa principalmente síntomas del SNC, GI y respiratorios."
  },
  {
    "id": 60,
    "caso_clinico": "Adulto en UCI con riesgo de Delirium. Se utiliza la escala CAM-ICU (Confusion Assessment Method for ICU) para el cribado.",
    "pregunta": "¿Cuál es la característica esencial de la CAM-ICU que permite su uso en pacientes sedados y ventilados?",
    "opciones": {
      "a": "Evalúa el estado de ánimo únicamente.",
      "b": "Evalúa la inatención y el nivel de conciencia (RASS) sin requerir lenguaje verbal complejo.",
      "c": "Evalúa solo la memoria a corto plazo.",
      "d": "Se basa únicamente en el EEG."
    },
    "respuesta_correcta": "b",
    "tema": "Adulto - Evaluación de Delirium",
    "justificacion": "La CAM-ICU es ideal para UCI porque requiere la evaluación del nivel de conciencia (RASS) y la inatención, que son evaluables en pacientes no verbales."
  },
  {
    "id": 61,
    "caso_clinico": "Adulto con Muerte Encefálica. Los familiares se oponen a la donación, argumentando que viola el derecho a la integridad del cadáver.",
    "pregunta": "Según la **Ley Justina (N° 27.447)**, en Argentina, ¿cuál es la principal característica del consentimiento para la donación de órganos?",
    "opciones": {
      "a": "Se requiere siempre el consentimiento expreso de la familia para la donación.",
      "b": "Toda persona mayor de 18 años es considerada **donante presunta** (tácito), a menos que haya dejado constancia expresa de lo contrario.",
      "c": "Solo es donante quien lo registra ante un Escribano Público.",
      "d": "El consentimiento solo aplica para donación de tejidos, no de órganos sólidos."
    },
    "respuesta_correcta": "b",
    "tema": "Legislación Argentina - Consentimiento (Ley Justina)",
    "justificacion": "La Ley Justina (27.447) establece el principio de 'Donante Presunto', donde toda persona mayor de 18 años es donante si no manifiesta su negativa en vida. La familia solo puede testimoniar la voluntad, pero no oponerse a un consentimiento presunto."
  },
  {
    "id": 62,
    "caso_clinico": "Adulto en UCI con riesgo de Delirium. Se utiliza la escala CAM-ICU (Confusion Assessment Method for ICU) para el cribado.",
    "pregunta": "¿Cuál es la intervención psiquiátrica inicial recomendada para el manejo de la manipulación y la inestabilidad en pacientes con TLP en UCI?",
    "opciones": {
      "a": "Satisfacer todas las demandas para evitar la escalada.",
      "b": "Establecer límites claros, consistentes y un plan de manejo estandarizado con el equipo.",
      "c": "Inicio de TEC urgente.",
      "d": "Ignorar al paciente."
    },
    "respuesta_correcta": "b",
    "tema": "Adulto - Trastornos de la Personalidad",
    "justificacion": "La consistencia y el establecimiento de límites son cruciales en el manejo del TLP."
  },
  {
    "id": 63,
    "caso_clinico": "Paciente pediátrico (4 años) con Delirium hipoactivo postoperatorio. No hay respuesta a las medidas no farmacológicas.",
    "pregunta": "¿Qué antipsicótico atípico se utiliza comúnmente para el Delirium pediátrico, dada su buena tolerabilidad?",
    "opciones": {
      "a": "Clozapina.",
      "b": "Risperidona (en dosis bajas).",
      "c": "Haloperidol (evitado por riesgo extrapiramidal).",
      "d": "Litio."
    },
    "respuesta_correcta": "b",
    "tema": "Pediátrico - Tratamiento del Delirium",
    "justificacion": "La Risperidona y la Olanzapina son antipsicóticos atípicos utilizados fuera de etiqueta en el Delirium pediátrico."
  },
  {
    "id": 64,
    "caso_clinico": "Neonato (2.5 kg) en UCI requiere un bolo de Midazolam a 0.1 mg/kg IV. La presentación es 5 mg/mL.",
    "pregunta": "¿Cuántos mililitros (mL) de Midazolam deben administrarse en este bolo?",
    "opciones": {
      "a": "0.05 mL.",
      "b": "0.5 mL.",
      "c": "0.15 mL.",
      "d": "0.25 mL."
    },
    "respuesta_correcta": "a",
    "tema": "Neonato - Cálculo de Fármaco",
    "justificacion": "Cálculo: Dosis requerida (2.5 kg * 0.1 mg/kg = 0.25 mg). Volumen = Dosis/Concentración = 0.25 mg / 5 mg/mL = 0.05 mL."
  },
  {
    "id": 65,
    "caso_clinico": "Adulto con Delirium. Se asocia el uso de Benzodiazepinas para sedación como un factor de riesgo independiente.",
    "pregunta": "¿Cuál es la mejor práctica para evitar el Delirium en pacientes críticos ventilados?",
    "opciones": {
      "a": "Sedación profunda continua (RASS -5).",
      "b": "Uso preferente de Propofol o Midazolam en lugar de Dexmedetomidina.",
      "c": "Sedación ligera y superficial (RASS 0 a -2) con interrupción diaria de la sedación.",
      "d": "Uso profiláctico de Haloperidol."
    },
    "respuesta_correcta": "c",
    "tema": "Adulto - Prevención del Delirium",
    "justificacion": "La sedación ligera y la interrupción diaria (Despertar y Respirar) son las mejores estrategias de prevención."
  },
  {
    "id": 66,
    "caso_clinico": "Adulto con Muerte Encefálica. Se decide avanzar en el proceso de donación de órganos, según la Ley N° 27.447.",
    "pregunta": "¿Qué equipo médico, según la normativa argentina, debe realizar la certificación de la Muerte Encefálica?",
    "opciones": {
      "a": "El médico tratante, el Coordinador Hospitalario de Trasplante y un Neurólogo.",
      "b": "**Dos médicos no pertenecientes al equipo de trasplante**, uno de los cuales deberá ser neurólogo o neurocirujano.",
      "c": "El Coordinador de Trasplantes únicamente, después de la Asistolia (DMC).",
      "d": "El psiquiatra y el médico intensivista."
    },
    "respuesta_correcta": "b",
    "tema": "Legislación Argentina - Certificación de Muerte",
    "justificacion": "El Artículo 24 de la Ley 27.447 exige que el diagnóstico sea realizado por dos médicos, uno de ellos neurólogo o neurocirujano, y que **ninguno** de ellos forme parte del equipo de ablación o trasplante, garantizando la independencia."
  },
  {
    "id": 67,
    "caso_clinico": "Adulto con Shock Séptico. Desarrolla un Delirium hiperactivo. Se utiliza Haloperidol, pero el paciente sigue agitado y presenta rigidez muscular, fiebre y CPK elevada.",
    "pregunta": "¿Qué diagnóstico psiquiátrico urgente (asociado a fármacos) se debe sospechar?",
    "opciones": {
      "a": "Distonía aguda.",
      "b": "Síndrome Serotoninérgico.",
      "c": "Síndrome Neuroléptico Maligno (SNM).",
      "d": "Crisis de agitación psicomotriz refractaria."
    },
    "respuesta_correcta": "c",
    "tema": "Adulto - SNM",
    "justificacion": "La tríada de rigidez, hipertermia y CPK elevada tras el uso de antipsicóticos sugiere SNM."
  },
  {
    "id": 68,
    "caso_clinico": "Paciente pediátrico (7 años) con crisis de ansiedad severa por separación de sus padres. Se requiere un ansiolítico oral para reducir la ansiedad antes de un procedimiento.",
    "pregunta": "¿Cuál es la Benzodiazepina oral de elección para la sedación pre-procedimiento en niños?",
    "opciones": {
      "a": "Diazepam (vida media larga).",
      "b": "Clonazepam.",
      "c": "Midazolam (oral) o Lorazepam (vida media corta a intermedia).",
      "d": "Alprazolam."
    },
    "respuesta_correcta": "c",
    "tema": "Pediátrico - Ansiolíticos",
    "justificacion": "El Midazolam oral es ampliamente utilizado por su rápido inicio y corta duración, ideal para procedimientos."
  },
  {
    "id": 69,
    "caso_clinico": "Neonato (4.5 kg) con dolor persistente. Se requiere administrar Morfina en bolo a 100 mcg/kg IV. La presentación es 1 mg/mL.",
    "pregunta": "¿Cuántos mililitros (mL) de Morfina deben administrarse en este bolo?",
    "opciones": {
      "a": "0.45 mL.",
      "b": "0.045 mL.",
      "c": "4.5 mL.",
      "d": "0.9 mL."
    },
    "respuesta_correcta": "a",
    "tema": "Neonato - Cálculo de Fármaco",
    "justificacion": "Cálculo: Dosis requerida (4.5 kg * 100 mcg/kg = 450 mcg). Concentración: 1 mg/mL = 1000 mcg/mL. Volumen = 450 mcg / 1000 mcg/mL = 0.45 mL."
  },
  {
    "id": 70,
    "caso_clinico": "Adulto con Delirium y Muerte Cerebral inminente. El equipo médico sospecha que el Delirium fue un síntoma de una enfermedad psiquiátrica grave previa.",
    "pregunta": "¿La presencia de un Delirium siempre implica que el paciente tiene una enfermedad psiquiátrica primaria?",
    "opciones": {
      "a": "Sí, el Delirium siempre es una manifestación de psicosis subyacente.",
      "b": "No, el Delirium es un síndrome secundario a una condición médica, nunca primario.",
      "c": "Solo si es Delirium hiperactivo.",
      "d": "Solo si el Delirium dura más de 48 horas."
    },
    "respuesta_correcta": "b",
    "tema": "Adulto - Concepto de Delirium",
    "justificacion": "El Delirium es la alteración de la conciencia y la cognición secundaria a una etiología médica o farmacológica."
  },
  {
    "id": 71,
    "caso_clinico": "La Ley 27.447 sobre Trasplante de Órganos, Tejidos y Células en Argentina regula la trazabilidad en el proceso de donación y trasplante.",
    "pregunta": "¿Cuál es el principal objetivo del **Instituto Nacional Central Único Coordinador de Ablación e Implante (INCUCAI)** respecto al seguimiento de órganos en Argentina?",
    "opciones": {
      "a": "Garantizar la identidad del receptor al donador, por ley.",
      "b": "Permitir la comercialización de tejidos y células por parte de bancos privados.",
      "c": "Asegurar el cumplimiento del anonimato y la trazabilidad del órgano/tejido desde el donante hasta el receptor.",
      "d": "Determinar los honorarios que recibirá el equipo médico del trasplante."
    },
    "respuesta_correcta": "c",
    "tema": "Legislación Argentina - INCUCAI y Trazabilidad",
    "justificacion": "El INCUCAI regula el proceso de donación/trasplante, asegurando la transparencia (trazabilidad) y el **anonimato** entre donante y receptor, según el Artículo 51 y otros concordantes de la Ley 27.447."
  },
  {
    "id": 72,
    "caso_clinico": "Adulto en UCI con Síndrome de Abstinencia a Benzodiazepinas (SAB). Presenta taquicardia, sudoración y ansiedad grave. Se requiere reinicio del tratamiento.",
    "pregunta": "¿Cuál es la estrategia farmacológica más segura y efectiva para el SAB en UCI?",
    "opciones": {
      "a": "Inicio de Antipsicóticos (ej. Haloperidol).",
      "b": "Uso de ISRS.",
      "c": "Administración de Benzodiazepinas de vida media larga (ej. Diazepam) tituladas, para estabilización y destete lento.",
      "d": "Clonidina para los síntomas adrenérgicos únicamente."
    },
    "respuesta_correcta": "c",
    "tema": "Adulto - Síndrome de Abstinencia",
    "justificacion": "La base del tratamiento es reponer la Benzodiazepina y realizar un destete lento."
  },
  {
    "id": 73,
    "caso_clinico": "Paciente pediátrico (30 kg) con Depresión Mayor Grave que complica la recuperación. Se decide iniciar Sertralina (ISRS) a 25 mg/día. La presentación es tabletas de 50 mg.",
    "pregunta": "¿Cuántas tabletas de 50 mg y qué fracción se deben administrar para la dosis inicial?",
    "opciones": {
      "a": "Una tableta completa.",
      "b": "Media tableta.",
      "c": "Una tableta y media.",
      "d": "Dos tabletas."
    },
    "respuesta_correcta": "b",
    "tema": "Pediátrico - Cálculo de Fármaco",
    "justificacion": "Cálculo: Dosis requerida (25 mg) / Presentación (50 mg/tableta) = 0.5 tableta (media tableta)."
  },
  {
    "id": 74,
    "caso_clinico": "Neonato en UCI con dolor refractario. El equipo médico está debatiendo el uso de bloqueos regionales.",
    "pregunta": "¿Cuál es el riesgo psicosocial a largo plazo de los analgésicos opioides a largo plazo en el neonato?",
    "opciones": {
      "a": "Adicción en la vida adulta.",
      "b": "Alteraciones del neurodesarrollo y la formación de sinapsis.",
      "c": "Mayor riesgo de TOC.",
      "d": "Trastorno de identidad disociativo."
    },
    "respuesta_correcta": "b",
    "tema": "Neonato - Farmacología y Desarrollo",
    "justificacion": "El uso prolongado de opioides en el cerebro en desarrollo se asocia a peores resultados en el neurodesarrollo."
  },
  {
    "id": 75,
    "caso_clinico": "Adulto con Delirium hiperactivo. El paciente se encuentra tan agitado que el riesgo de daño es inminente. El equipo considera la contención física.",
    "pregunta": "¿Cuál es el principio ético que establece que la contención física debe ser la **última medida**?",
    "opciones": {
      "a": "Justicia.",
      "b": "Autonomía.",
      "c": "No Maleficencia.",
      "d": "Beneficencia."
    },
    "respuesta_correcta": "c",
    "tema": "Adulto - Ética y Contención",
    "justificacion": "La contención física, aunque a veces necesaria, es una medida restrictiva que implica riesgo de daño (No Maleficencia)."
  },
  {
    "id": 76,
    "caso_clinico": "Adulto con Muerte Encefálica. Los familiares cuestionan la gratuidad, preguntando si el hospital obtiene algún beneficio económico.",
    "pregunta": "¿Qué establece la **Ley Justina (N° 27.447)** sobre el lucro y los costos en la donación de órganos en Argentina?",
    "opciones": {
      "a": "Se permite el lucro con el órgano, pero no con la cirugía.",
      "b": "Se prohíbe la comercialización y todo tipo de lucro con el órgano, siendo la donación un **acto altruista y solidario**.",
      "c": "El hospital público debe absorber todos los costos, sin excepción.",
      "d": "Solo los hospitales privados pueden obtener lucro, de forma regulada."
    },
    "respuesta_correcta": "b",
    "tema": "Legislación Argentina - Gratuidad y Altruismo",
    "justificacion": "La ley argentina (Art. 4) establece que la donación y el trasplante son un acto **altruista** y está estrictamente **prohibida la comercialización** de órganos y tejidos. El receptor cubre los gastos de la práctica médica y hospitalaria, pero no paga por el órgano en sí."
  },
  {
    "id": 77,
    "caso_clinico": "Adulto con Delirium hipoactivo. Se identifica la interrupción del ciclo sueño-vigilia como un factor contribuyente.",
    "pregunta": "¿Cuál es la intervención ambiental de primera línea para mejorar el ciclo sueño-vigilia en UCI?",
    "opciones": {
      "a": "Administración de Benzodiazepinas al acostarse.",
      "b": "Reducir el ruido y la iluminación nocturna y aumentar la exposición a la luz natural durante el día.",
      "c": "Aumento de la sedación nocturna.",
      "d": "Cambio frecuente de habitación."
    },
    "respuesta_correcta": "b",
    "tema": "Adulto - Manejo No Farmacológico",
    "justificacion": "Las medidas ambientales que restauran los ritmos circadianos son esenciales para prevenir el Delirium."
  },
  {
    "id": 78,
    "caso_clinico": "Neonato (3 kg) con SAN. Se requiere infusión de Fenobarbital a 5 mg/kg/día. La dilución es 50 mg en 50 mL.",
    "pregunta": "¿A qué velocidad (mL/h) debe programarse la infusión de Fenobarbital para administrar la dosis diaria en 24 horas?",
    "opciones": {
      "a": "0.625 mL/h.",
      "b": "1.25 mL/h.",
      "c": "3.0 mL/h.",
      "d": "6.0 mL/h."
    },
    "respuesta_correcta": "a",
    "tema": "Neonato - Cálculo de Fármaco",
    "justificacion": "Cálculo: Dosis total por día (3 kg * 5 mg/kg = 15 mg). Concentración: 50 mg/50 mL = 1 mg/mL. Volumen total: 15 mL (para 15 mg). Velocidad: 15 mL / 24 h = 0.625 mL/h."
  },
  {
    "id": 79,
    "caso_clinico": "Paciente pediátrico (16 años) con intento de suicidio. El paciente se recupera, pero rechaza la evaluación psiquiátrica y el traslado a Psiquiatría.",
    "pregunta": "¿Bajo qué principio legal y ético se puede realizar la evaluación psiquiátrica en contra de la voluntad de un menor de edad (legalmente considerado menor) con riesgo suicida?",
    "opciones": {
      "a": "Autonomía.",
      "b": "Paternalismo Médico y Beneficencia (ante riesgo vital).",
      "c": "Justicia.",
      "d": "Consentimiento Tácito."
    },
    "respuesta_correcta": "b",
    "tema": "Pediátrico - Ética y Riesgo Suicida",
    "justificacion": "El paternalismo médico justifica la intervención forzosa ante riesgo inminente en menores de edad."
  },
  {
    "id": 80,
    "caso_clinico": "Adulto con Delirium. Se sospecha de Síndrome Serotoninérgico. Se requiere un antídoto.",
    "pregunta": "¿Cuál es el antídoto de elección para el Síndrome Serotoninérgico?",
    "opciones": {
      "a": "Naloxona.",
      "b": "Ciproheptadina (antagonista 5-HT₂A).",
      "c": "Flumazenil.",
      "d": "Dantroleno."
    },
    "respuesta_correcta": "b",
    "tema": "Adulto - Farmacología Psiquiátrica",
    "justificacion": "La Ciproheptadina es el tratamiento específico para el Síndrome Serotoninérgico."
  },
  {
    "id": 81,
    "caso_clinico": "Un paciente en Asistolia se considera como Donante a Corazón Parado (DCP). El equipo debe priorizar la protección de los órganos.",
    "pregunta": "¿Cuál es el factor principal que afecta directamente la viabilidad de los órganos sólidos en la Donación a Corazón Parado (DCP)?",
    "opciones": {
      "a": "El uso de Adrenalina durante la reanimación.",
      "b": "El **tiempo total de isquemia caliente** (desde el cese del flujo sanguíneo hasta la canulación y perfusión fría).",
      "c": "La causa de la Muerte (ej. trauma).",
      "d": "El grupo sanguíneo del donador."
    },
    "respuesta_correcta": "b",
    "tema": "Legislación Argentina - Viabilidad de Órganos (DCP)",
    "justificacion": "La isquemia caliente, es decir, el tiempo que los órganos están sin flujo sanguíneo y a temperatura corporal, es el factor más crítico y limitante para la viabilidad de los órganos tras la Asistolia (DCP), un tipo de donación que es regulada y practicada en Argentina."
  },
  {
    "id": 82,
    "caso_clinico": "Adulto en UCI con insomnio severo no relacionado con el Delirium. Se requiere un hipnótico con bajo riesgo de efectos adversos en UCI.",
    "pregunta": "¿Cuál es el hipnótico no benzodiazepínico con menor riesgo de Delirium en pacientes críticos?",
    "opciones": {
      "a": "Zolpidem.",
      "b": "Trazodona.",
      "c": "Lorazepam.",
      "d": "Diphenhydramina."
    },
    "respuesta_correcta": "b",
    "tema": "Adulto - Insomnio",
    "justificacion": "La Trazodona se utiliza a menudo por su mecanismo dual y bajo riesgo de promover Delirium."
  },
  {
    "id": 83,
    "caso_clinico": "Neonato (2 kg) en UCI con dependencia física a los opioides por tratamiento prolongado. Se inicia un destete lento del opioide.",
    "pregunta": "¿Cuál es la tasa recomendada de reducción semanal del opioide para un destete seguro en neonatos?",
    "opciones": {
      "a": "100% por semana.",
      "b": "10% por día.",
      "c": "10-20% de la dosis total por semana.",
      "d": "50% de la dosis total por semana."
    },
    "respuesta_correcta": "c",
    "tema": "Neonato - Farmacología",
    "justificacion": "El destete lento (10-20% por semana) es esencial para prevenir el síndrome de abstinencia."
  },
  {
    "id": 84,
    "caso_clinico": "Paciente pediátrico (25 kg) con agitación extrema. Se requiere un bolo de Lorazepam a 0.1 mg/kg IV. La presentación es 2 mg/mL.",
    "pregunta": "¿Cuántos mililitros (mL) de Lorazepam deben administrarse en este bolo?",
    "opciones": {
      "a": "1.25 mL.",
      "b": "2.5 mL.",
      "c": "5.0 mL.",
      "d": "7.5 mL."
    },
    "respuesta_correcta": "a",
    "tema": "Pediátrico - Cálculo de Fármaco",
    "justificacion": "Cálculo: Dosis requerida (25 kg * 0.1 mg/kg = 2.5 mg). Volumen = 2.5 mg / 2 mg/mL = 1.25 mL."
  },
  {
    "id": 85,
    "caso_clinico": "Adulto con Delirium. Se utiliza la CAM-ICU. El paciente es evaluado como RASS -1.",
    "pregunta": "¿Qué significa RASS -1 en el contexto de la evaluación del Delirium?",
    "opciones": {
      "a": "Agitación severa.",
      "b": "Alerta y en calma.",
      "c": "Somnoliento, pero despierta al contacto verbal (menos de 10 segundos).",
      "d": "Difícil de despertar (RASS -3)."
    },
    "respuesta_correcta": "c",
    "tema": "Adulto - Escala RASS",
    "justificacion": "RASS -1 indica somnolencia leve, pero reactividad al estímulo verbal."
  },
  {
    "id": 86,
    "caso_clinico": "Un paciente requiere un trasplante de corazón urgente. Se le da prioridad en la lista nacional de trasplantes gestionada por el INCUCAI.",
    "pregunta": "¿Qué principio ético y legal es el más relevante en la distribución de órganos y la priorización de pacientes según la normativa argentina?",
    "opciones": {
      "a": "Beneficencia.",
      "b": "Autonomía.",
      "c": "Justicia Distributiva (equidad y necesidad) y Criterios Únicos (Nacionales).",
      "d": "No Maleficencia."
    },
    "respuesta_correcta": "c",
    "tema": "Legislación Argentina - Principios Éticos de Distribución",
    "justificacion": "La distribución de órganos se rige por el principio de **Justicia Distributiva**, implementada por el INCUCAI a través de criterios de equidad, gravedad del receptor, compatibilidad biológica y antigüedad en lista, con un sistema único y público (Ley 27.447, Art. 36)."
  },
  {
    "id": 87,
    "caso_clinico": "Adulto en UCI con historia de TOC. Presenta rituales de lavado de manos que interfieren con los cuidados.",
    "pregunta": "¿Cuál es la clase de fármacos de primera línea para el TOC?",
    "opciones": {
      "a": "Antipsicóticos de segunda generación.",
      "b": "Altas dosis de ISRS (ej. Fluvoxamina o Sertralina).",
      "c": "Ansiolíticos (Benzodiazepinas).",
      "d": "Estabilizadores del ánimo."
    },
    "respuesta_correcta": "b",
    "tema": "Adulto - TOC",
    "justificacion": "Los ISRS en dosis más altas que para la Depresión son el tratamiento de primera línea."
  },
  {
    "id": 88,
    "caso_clinico": "Paciente pediátrico (15 años) con TEPT post-UCI. El paciente se niega a hablar de su experiencia.",
    "pregunta": "¿Qué técnica de terapia psicológica es la base del tratamiento del TEPT?",
    "opciones": {
      "a": "Hipnosis.",
      "b": "Exposición prolongada o procesamiento cognitivo.",
      "c": "Terapia de juego.",
      "d": "Terapia de apoyo no directiva."
    },
    "respuesta_correcta": "b",
    "tema": "Pediátrico - TEPT",
    "justificacion": "Las terapias basadas en la exposición y el reprocesamiento son las más efectivas."
  },
  {
    "id": 89,
    "caso_clinico": "Neonato (3.5 kg) requiere infusión de Dopamina para soporte hemodinámico a 5 mcg/kg/min. Dilución: 200 mg en 100 mL.",
    "pregunta": "¿A qué velocidad (mL/h) debe programarse la infusión de Dopamina?",
    "opciones": {
      "a": "0.15 mL/h.",
      "b": "0.525 mL/h.",
      "c": "1.05 mL/h.",
      "d": "3.15 mL/h."
    },
    "respuesta_correcta": "b",
    "tema": "Neonato - Cálculo de Fármaco",
    "justificacion": "Cálculo: Concentración (C) = 200 mg/100 mL = 2 mg/mL = 2000 mcg/mL. Dosis Requerida (DR) = 5 mcg/kg/min * 3.5 kg * 60 min/h = 1050 mcg/h. Velocidad (V) = DR/C = 1050 mcg/h / 2000 mcg/mL = 0.525 mL/h."
  },
  {
    "id": 90,
    "caso_clinico": "Adulto con Delirium persistente. Se le administra Rivastigmina (inhibidor de la colinesterasa) experimentalmente.",
    "pregunta": "¿Cuál es la principal justificación para el uso de inhibidores de la colinesterasa en el Delirium?",
    "opciones": {
      "a": "Disminuir la Acetilcolina.",
      "b": "Modular el sistema Dopaminérgico.",
      "c": "Compensar la deficiencia colinérgica observada en el Delirium.",
      "d": "Bloquear los receptores GABA."
    },
    "respuesta_correcta": "c",
    "tema": "Adulto - Farmacología Experimental",
    "justificacion": "La hipótesis colinérgica del Delirium sugiere que su causa es un déficit de Acetilcolina."
  },
  {
    "id": 91,
    "caso_clinico": "Adulto con Muerte Encefálica y consentimiento presunto. Los familiares se oponen, pese a no haber manifestación expresa negativa del donante en vida.",
    "pregunta": "Según la **Ley Justina**, ¿cuál es la implicancia legal de la falta de manifestación expresa de la voluntad del fallecido para la donación?",
    "opciones": {
      "a": "Se necesita orden judicial para la ablación.",
      "b": "Se respeta la oposición familiar sobre el donante presunto.",
      "c": "Se considera al fallecido como **donante, salvo que haya manifestado su negativa en forma expresa en vida** (donante presunto). La familia no puede oponerse.",
      "d": "Se debe consultar a un Comité de Ética para decidir."
    },
    "respuesta_correcta": "c",
    "tema": "Legislación Argentina - Voluntad y Familia",
    "justificacion": "La Ley 27.447 (Art. 41) establece la figura de donante presunto. Si la persona no ha dejado constancia de su negativa, se presume el consentimiento. En estos casos, la oposición familiar no puede anular la voluntad legalmente presumida del donante."
  },
  {
    "id": 92,
    "caso_clinico": "Adulto con Delirium en UCI. El paciente tiene antecedentes de Depresión Mayor.",
    "pregunta": "¿Cuál es la principal diferencia entre Delirium y Depresión en UCI?",
    "opciones": {
      "a": "La Depresión no fluctúa, el Delirium sí.",
      "b": "La Depresión causa inatención, el Delirium no.",
      "c": "El Delirium implica un **cambio agudo en el nivel de conciencia e inatención**, la Depresión no.",
      "d": "El Delirium solo es hiperactivo."
    },
    "respuesta_correcta": "c",
    "tema": "Adulto - Diagnóstico Diferencial",
    "justificacion": "La alteración de la conciencia y la inatención son los criterios centrales del Delirium."
  },
  {
    "id": 93,
    "caso_clinico": "Paciente pediátrico (10 kg) con TCE y dolor. Se requiere un bolo IV de Ketamina a 1 mg/kg. La presentación es 50 mg/mL.",
    "pregunta": "¿Cuántos mililitros (mL) de Ketamina deben administrarse en este bolo?",
    "opciones": {
      "a": "0.2 mL.",
      "b": "0.5 mL.",
      "c": "1.0 mL.",
      "d": "2.0 mL."
    },
    "respuesta_correcta": "a",
    "tema": "Pediátrico - Cálculo de Fármaco",
    "justificacion": "Cálculo: Dosis requerida (10 kg * 1 mg/kg = 10 mg). Volumen = 10 mg / 50 mg/mL = 0.2 mL."
  },
  {
    "id": 94,
    "caso_clinico": "Neonato prematuro, sometido a múltiples procedimientos dolorosos en UCI.",
    "pregunta": "¿Cuál es el riesgo psiquiátrico a largo plazo de la exposición repetida al dolor sin analgesia adecuada en la vida neonatal?",
    "opciones": {
      "a": "Insensibilidad al dolor.",
      "b": "Hipocondría.",
      "c": "Mayor sensibilidad al dolor y alteraciones en la respuesta al estrés.",
      "d": "Esquizofrenia."
    },
    "respuesta_correcta": "c",
    "tema": "Neonato - Consecuencias del Dolor",
    "justificacion": "El dolor no tratado altera las vías nociceptivas y de estrés a largo plazo."
  },
  {
    "id": 95,
    "caso_clinico": "Adulto con Muerte Encefálica. Los familiares desean que el paciente permanezca conectado por razones sentimentales, a pesar de la certeza del diagnóstico.",
    "pregunta": "¿Qué principio ético es prioritario cuando la prolongación del soporte vital no ofrece beneficio al paciente (futilidad terapéutica)?",
    "opciones": {
      "a": "Beneficencia (priorizar la voluntad del paciente en vida).",
      "b": "No Maleficencia (evitar la prolongación inútil de la agonía/encarnizamiento terapéutico).",
      "c": "Autonomía.",
      "d": "Justicia."
    },
    "respuesta_correcta": "b",
    "tema": "Adulto - Ética y Futilidad",
    "justificacion": "La prolongación inútil del soporte es considerada encarnizamiento terapéutico (Distansia), violando la no maleficencia."
  },
  {
    "id": 96,
    "caso_clinico": "Adulto con Muerte Encefálica. Se solicita la donación de órganos, incluyendo el corazón. El donador es un paciente de 75 años con antecedentes de hipertensión.",
    "pregunta": "¿Qué condición del donante es la más importante a considerar por el equipo de trasplante cardíaco, además de la edad, para determinar la viabilidad del órgano?",
    "opciones": {
      "a": "Ser fumador.",
      "b": "Presencia de **enfermedad coronaria o disfunción ventricular** subyacente.",
      "c": "Trauma craneal como causa de Muerte Encefálica.",
      "d": "Grupo sanguíneo O negativo."
    },
    "respuesta_correcta": "b",
    "tema": "Legislación Argentina - Viabilidad Cardíaca",
    "justificacion": "La viabilidad de un órgano sólido se basa en la función del mismo, siendo la enfermedad coronaria o la disfunción preexistente del ventrículo el principal limitante para la aceptación de un corazón de donante. El trauma craneal es una causa común de Muerte Encefálica en donantes jóvenes."
  },
  {
    "id": 97,
    "caso_clinico": "Adulto en UCI con historia de Trastorno por Estrés Agudo. Presenta síntomas disociativos (sensación de irrealidad, despersonalización) que interfieren con su manejo.",
    "pregunta": "¿Cuál es el manejo psiquiátrico inicial para la disociación aguda?",
    "opciones": {
      "a": "Haloperidol.",
      "b": "Técnicas de **grounding** (conexión con la realidad) y reorientación.",
      "c": "Electroconvulsoterapia (TEC).",
      "d": "Propofol en infusión."
    },
    "respuesta_correcta": "b",
    "tema": "Adulto - Disociación",
    "justificacion": "Las técnicas de *grounding* ayudan al paciente a reconectarse con el presente y la realidad."
  },
  {
    "id": 98,
    "caso_clinico": "Paciente pediátrico (15 kg) con Delirium hipoactivo. Se decide iniciar Dexmedetomidina a 0.2 mcg/kg/h. Concentración 4 mcg/mL (Dilución 200 mcg en 50 mL).",
    "pregunta": "¿A qué velocidad (mL/h) debe programarse la infusión de Dexmedetomidina?",
    "opciones": {
      "a": "0.3 mL/h.",
      "b": "0.75 mL/h.",
      "c": "1.5 mL/h.",
      "d": "3.0 mL/h."
    },
    "respuesta_correcta": "b",
    "tema": "Pediátrico - Cálculo de Fármaco",
    "justificacion": "Cálculo: Dosis Requerida (DR) = 0.2 mcg/kg/h * 15 kg = 3 mcg/h. Concentración (C) = 200 mcg/50 mL = 4 mcg/mL. Velocidad (V) = DR/C = 3 mcg/h / 4 mcg/mL = 0.75 mL/h."
  },
  {
    "id": 99,
    "caso_clinico": "Neonato en UCI. Se observa una respuesta de sobresalto exagerada a ruidos y luces. Se sospecha hiperalgesia o alodinia por dolor crónico.",
    "pregunta": "¿Cuál es la principal consecuencia del desarrollo de hiperalgesia en el neonato crítico?",
    "opciones": {
      "a": "Disminución del umbral del dolor.",
      "b": "Necesidad de menos analgesia.",
      "c": "Mejora del apetito.",
      "d": "Desarrollo de psicosis."
    },
    "respuesta_correcta": "a",
    "tema": "Neonato - Consecuencias del Dolor",
    "justificacion": "La hiperalgesia es el aumento de la sensibilidad al dolor (disminución del umbral)."
  },
  {
    "id": 100,
    "caso_clinico": "Adulto con Delirium. Se sospecha que la causa es un medicamento con alta actividad anticolinérgica (ej. Diphenhydramina).",
    "pregunta": "¿Cuál es el principal efecto adverso que contribuye al Delirium por fármacos anticolinérgicos?",
    "opciones": {
      "a": "Activación Dopaminérgica.",
      "b": "Aumento de la actividad Serotoninérgica.",
      "c": "Bloqueo de los receptores muscarínicos en el SNC.",
      "d": "Inhibición de la GABA."
    },
    "respuesta_correcta": "c",
    "tema": "Adulto - Etiología del Delirium",
    "justificacion": "El bloqueo colinérgico central es una causa conocida de Delirium."
  }
]