[
  {
    "id": 1,
    "tema": "Hemorragia Obstétrica",
    "caso_clinico": "Puérpera de 30 años, 2 horas post-parto vaginal. Sangrado vaginal abundante estimado en 800ml. Útero blando, mal contraído. FC 110 lpm, PA 95/60 mmHg.",
    "pregunta": "¿Cuál es el diagnóstico más probable y manejo inmediato?",
    "opciones": {
      "opcion a": "Atonía uterina; masaje uterino, oxitocina IV, reposición de volumen.",
      "opcion b": "Sangrado normal del puerperio; observación sin intervención.",
      "opcion c": "Laceración cervical; alta hospitalaria.",
      "opcion d": "Preeclampsia; sulfato de magnesio."
    },
    "respuesta_correcta": "opcion a"
  },
  {
    "id": 2,
    "tema": "Preeclampsia Severa",
    "caso_clinico": "Gestante de 34 semanas con cefalea intensa, visión borrosa, epigastralgia. PA 170/110 mmHg, proteinuria 3+, plaquetas 90,000, transaminasas elevadas.",
    "pregunta": "¿Cuál es el manejo urgente?",
    "opciones": {
      "opcion a": "Hospitalización en UCI, sulfato de magnesio IV, antihipertensivos, y finalizar embarazo.",
      "opcion b": "Manejo ambulatorio con control en 1 semana.",
      "opcion c": "Esperar término del embarazo sin intervención.",
      "opcion d": "Solo reposo domiciliario."
    },
    "respuesta_correcta": "opcion a"
  },
  {
    "id": 3,
    "tema": "Eclampsia",
    "caso_clinico": "Gestante de 36 semanas presenta convulsiones tónico-clónicas generalizadas. PA 180/120 mmHg, proteinuria masiva. Estado post-ictal confuso.",
    "pregunta": "¿Cuál es el tratamiento inmediato?",
    "opciones": {
      "opcion a": "Sulfato de magnesio IV en bolo y mantenimiento, control de vía aérea, cesárea urgente.",
      "opcion b": "Anticonvulsivantes orales y observación.",
      "opcion c": "Alta hospitalaria con reposo.",
      "opcion d": "Esperar parto espontáneo sin medicación."
    },
    "respuesta_correcta": "opcion a"
  },
  {
    "id": 4,
    "tema": "Desprendimiento Prematuro de Placenta",
    "caso_clinico": "Gestante de 32 semanas con dolor abdominal intenso súbito, sangrado vaginal oscuro moderado. Útero hipertónico, bradicardia fetal. PA 95/55 mmHg.",
    "pregunta": "¿Cuál es el diagnóstico y manejo urgente?",
    "opciones": {
      "opcion a": "Desprendimiento placentario; cesárea urgente, reanimación con fluidos y hemoderivados.",
      "opcion b": "Trabajo de parto normal; manejo expectante.",
      "opcion c": "Placenta previa; reposo domiciliario.",
      "opcion d": "Contracciones Braxton Hicks; alta sin intervención."
    },
    "respuesta_correcta": "opcion a"
  },
  {
    "id": 5,
    "tema": "Placenta Previa con Sangrado",
    "caso_clinico": "Gestante de 30 semanas con sangrado vaginal rojo brillante indoloro, intermitente. Ecografía muestra placenta previa total. Hemodinámicamente estable por ahora.",
    "pregunta": "¿Cuál es el manejo adecuado?",
    "opciones": {
      "opcion a": "Hospitalización, reposo absoluto, corticoides para maduración pulmonar, cesárea electiva.",
      "opcion b": "Tacto vaginal para evaluar dilatación.",
      "opcion c": "Alta con vida normal y actividad física regular.",
      "opcion d": "Inducción de parto vaginal inmediata."
    },
    "respuesta_correcta": "opcion a"
  },
  {
    "id": 6,
    "tema": "Embarazo Ectópico Roto",
    "caso_clinico": "Mujer de 28 años con amenorrea de 7 semanas, dolor abdominal agudo, mareo, síncope. Abdomen con irritación peritoneal. PA 80/50 mmHg, FC 130 lpm. Beta-hCG positiva.",
    "pregunta": "¿Cuál es el diagnóstico más probable y manejo?",
    "opciones": {
      "opcion a": "Embarazo ectópico roto; laparotomía/laparoscopia urgente y reanimación hemodinámica.",
      "opcion b": "Embarazo intrauterino normal; observación ambulatoria.",
      "opcion c": "Gastroenteritis; hidratación oral.",
      "opcion d": "Apendicitis; antibióticos orales."
    },
    "respuesta_correcta": "opcion a"
  },
  {
    "id": 7,
    "tema": "Corioamnionitis",
    "caso_clinico": "Gestante de 38 semanas en trabajo de parto, rotura de membranas hace 18 horas. Fiebre 38.5°C, taquicardia materna y fetal, líquido amniótico fétido, leucocitosis.",
    "pregunta": "¿Cuál es el manejo apropiado?",
    "opciones": {
      "opcion a": "Antibióticos IV de amplio espectro inmediatos y finalizar el embarazo pronto.",
      "opcion b": "Esperar parto espontáneo sin antibióticos.",
      "opcion c": "Alta hospitalaria con seguimiento ambulatorio.",
      "opcion d": "Solo antipiréticos y observación."
    },
    "respuesta_correcta": "opcion a"
  },
  {
    "id": 8,
    "tema": "Rotura Uterina",
    "caso_clinico": "Mujer con cesárea previa en trabajo de parto. Dolor abdominal súbito intenso, cese de contracciones, sangrado vaginal, bradicardia fetal severa. Shock.",
    "pregunta": "¿Cuál es la complicación y manejo?",
    "opciones": {
      "opcion a": "Rotura uterina; laparotomía urgente, cesárea y posible histerectomía.",
      "opcion b": "Trabajo de parto normal; continuar expectante.",
      "opcion c": "Desprendimiento leve; observación.",
      "opcion d": "Alta hospitalaria."
    },
    "respuesta_correcta": "opcion a"
  },
  {
    "id": 9,
    "tema": "Síndrome HELLP",
    "caso_clinico": "Gestante de 35 semanas con náuseas, vómitos, dolor en hipocondrio derecho. PA 160/100 mmHg. Laboratorio: plaquetas 50,000, LDH elevada, transaminasas muy elevadas, hemólisis.",
    "pregunta": "¿Cuál es el diagnóstico y manejo?",
    "opciones": {
      "opcion a": "Síndrome HELLP; estabilización materna y finalización del embarazo urgente.",
      "opcion b": "Gastritis simple; antiácidos y alta.",
      "opcion c": "Hipertensión leve; manejo ambulatorio.",
      "opcion d": "Trabajo de parto normal sin complicaciones."
    },
    "respuesta_correcta": "opcion a"
  },
  {
    "id": 10,
    "tema": "Prolapso de Cordón",
    "caso_clinico": "Gestante en trabajo de parto activo. Tras rotura de membranas, se palpa cordón umbilical en vagina. Bradicardia fetal sostenida de 80 lpm. Dilatación cervical 6 cm.",
    "pregunta": "¿Cuál es la acción inmediata?",
    "opciones": {
      "opcion a": "Elevación de presentación fetal manualmente, paciente en Trendelenburg, cesárea urgente.",
      "opcion b": "Continuar trabajo de parto sin intervención.",
      "opcion c": "Observación y esperar dilatación completa.",
      "opcion d": "Alta hospitalaria."
    },
    "respuesta_correcta": "opcion a"
  },
  {
    "id": 11,
    "tema": "Diabetes Gestacional Descompensada",
    "caso_clinico": "Gestante de 28 semanas con diabetes gestacional. Glicemia 380 mg/dL, cetonuria 3+, taquipnea, confusión. pH 7.25, bicarbonato bajo.",
    "pregunta": "¿Cuál es la complicación y manejo?",
    "opciones": {
      "opcion a": "Cetoacidosis diabética; hidratación IV, insulina IV, corrección electrolítica en UCI.",
      "opcion b": "Hiperglicemia leve; insulina subcutánea ambulatoria.",
      "opcion c": "Hipoglicemia; administrar glucosa oral.",
      "opcion d": "No requiere tratamiento urgente."
    },
    "respuesta_correcta": "opcion a"
  },
  {
    "id": 12,
    "tema": "Distocia de Hombros",
    "caso_clinico": "Parto vaginal, salida de cabeza fetal pero hombros no descienden a pesar de tracción suave. Feto macrosómico estimado 4500g. Bradicardia fetal.",
    "pregunta": "¿Cuál es la maniobra inicial?",
    "opciones": {
      "opcion a": "Maniobra de McRoberts (hiperflexión de muslos) y presión suprapúbica.",
      "opcion b": "Tracción forzada del cuello fetal.",
      "opcion c": "Fundectomía de emergencia.",
      "opcion d": "Esperar sin maniobras."
    },
    "respuesta_correcta": "opcion a"
  },
  {
    "id": 13,
    "tema": "Inversión Uterina",
    "caso_clinico": "Puerperio inmediato. Masa protruye por vagina, dolor intenso, hemorragia severa. Útero no palpable en abdomen. Shock hipovolémico.",
    "pregunta": "¿Cuál es el diagnóstico y manejo?",
    "opciones": {
      "opcion a": "Inversión uterina completa; reposición manual urgente bajo anestesia y reanimación.",
      "opcion b": "Prolapso genital simple; seguimiento ambulatorio.",
      "opcion c": "Hemorroide externa; tratamiento conservador.",
      "opcion d": "No requiere intervención urgente."
    },
    "respuesta_correcta": "opcion a"
  },
  {
    "id": 14,
    "tema": "Embarazo Molar",
    "caso_clinico": "Mujer de 35 años, amenorrea de 12 semanas, sangrado vaginal con vesículas, útero mayor para edad gestacional, beta-hCG extremadamente elevada (>100,000). Sin latido fetal.",
    "pregunta": "¿Cuál es el diagnóstico más probable y manejo?",
    "opciones": {
      "opcion a": "Mola hidatiforme; evacuación uterina por aspiración y seguimiento de beta-hCG.",
      "opcion b": "Embarazo gemelar normal; observación.",
      "opcion c": "Aborto incompleto simple; manejo expectante.",
      "opcion d": "Embarazo ectópico; laparoscopia."
    },
    "respuesta_correcta": "opcion a"
  },
  {
    "id": 15,
    "tema": "Tromboembolismo Pulmonar Postparto",
    "caso_clinico": "Puérpera de 3 días post-cesárea. Disnea súbita, dolor torácico pleurítico, taquicardia 120 lpm, saturación 88%. Antecedente de trombosis venosa profunda.",
    "pregunta": "¿Cuál es el diagnóstico probable y manejo?",
    "opciones": {
      "opcion a": "Tromboembolismo pulmonar; anticoagulación inmediata, oxígeno, estudios de imagen.",
      "opcion b": "Ansiedad postparto; ansiolíticos y alta.",
      "opcion c": "Neumonía leve; antibióticos orales ambulatorios.",
      "opcion d": "No requiere tratamiento."
    },
    "respuesta_correcta": "opcion a"
  },
  {
    "id": 16,
    "tema": "Hiperestimulación Uterina",
    "caso_clinico": "Gestante en inducción con oxitocina. Contracciones cada 1 minuto, duración >90 segundos, hipertonía. Bradicardia fetal sostenida de 90 lpm.",
    "pregunta": "¿Cuál es el manejo inmediato?",
    "opciones": {
      "opcion a": "Suspender oxitocina, posición lateral izquierda, oxígeno, considerar tocolíticos y cesárea.",
      "opcion b": "Aumentar dosis de oxitocina para acelerar parto.",
      "opcion c": "Continuar sin cambios hasta dilatación completa.",
      "opcion d": "Alta hospitalaria."
    },
    "respuesta_correcta": "opcion a"
  },
  {
    "id": 17,
    "tema": "Síndrome de Transfusión Feto-Fetal",
    "caso_clinico": "Embarazo gemelar monocoriónico de 26 semanas. Ecografía muestra polihidramnios en un saco, oligohidramnios severo en el otro. Discordancia de peso >25%.",
    "pregunta": "¿Cuál es el diagnóstico y manejo?",
    "opciones": {
      "opcion a": "Síndrome de transfusión feto-fetal; referir a centro especializado para fotocoagulación láser.",
      "opcion b": "Embarazo gemelar normal; manejo expectante rutinario.",
      "opcion c": "Alta hospitalaria sin seguimiento.",
      "opcion d": "Cesárea inmediata a las 26 semanas."
    },
    "respuesta_correcta": "opcion a"
  },
  {
    "id": 18,
    "tema": "Acretismo Placentario",
    "caso_clinico": "Cesárea en paciente con placenta previa y 3 cesáreas previas. Al intentar extraer placenta, no se desprende, sangrado masivo. Útero con invasión placentaria visible.",
    "pregunta": "¿Cuál es la complicación y manejo?",
    "opciones": {
      "opcion a": "Acretismo placentario; histerectomía obstétrica, reanimación masiva, banco de sangre.",
      "opcion b": "Atonía uterina leve; masaje y oxitocina.",
      "opcion c": "Placenta retenida simple; extracción manual.",
      "opcion d": "No requiere intervención adicional."
    },
    "respuesta_correcta": "opcion a"
  },
  {
    "id": 19,
    "tema": "Ruptura Prematura de Membranas Pretérmino",
    "caso_clinico": "Gestante de 28 semanas con salida de líquido claro por vagina hace 6 horas. Test de cristalización positivo. Sin contracciones, sin fiebre. Monitoreo fetal reactivo.",
    "pregunta": "¿Cuál es el manejo apropiado?",
    "opciones": {
      "opcion a": "Hospitalización, corticoides, antibióticos profilácticos, reposo, monitoreo materno-fetal.",
      "opcion b": "Alta hospitalaria con vida normal.",
      "opcion c": "Inducción inmediata del parto.",
      "opcion d": "Cerclaje cervical urgente."
    },
    "respuesta_correcta": "opcion a"
  },
  {
    "id": 20,
    "tema": "Sepsis Puerperal",
    "caso_clinico": "Puérpera de 4 días post-cesárea. Fiebre 39.5°C, dolor abdominal, loquios fétidos, taquicardia, hipotensión. Leucocitosis 25,000, útero doloroso.",
    "pregunta": "¿Cuál es el diagnóstico y manejo urgente?",
    "opciones": {
      "opcion a": "Endometritis/sepsis puerperal; antibióticos IV de amplio espectro, reanimación, UCI.",
      "opcion b": "Mastitis; antibióticos orales ambulatorios.",
      "opcion c": "Puerperio normal; alta sin tratamiento.",
      "opcion d": "Infección respiratoria; antivirales."
    },
    "respuesta_correcta": "opcion a"
  },
  {
    "id": 21,
    "tema": "Hemorragia Obstétrica",
    "caso_clinico": "Caso de atención crítica: Puérpera de 30 años, 2 horas post-parto vaginal. Sangrado vaginal abundante estimado en 800ml. Útero blando, mal contraído. FC 110 lpm, PA 95/60 mmHg.",
    "pregunta": "¿Cuál es el diagnóstico más probable y manejo inmediato?",
    "opciones": {
      "opcion a": "Atonía uterina; masaje uterino, oxitocina IV, reposición de volumen.",
      "opcion b": "Sangrado normal del puerperio; observación sin intervención.",
      "opcion c": "Laceración cervical; alta hospitalaria.",
      "opcion d": "Preeclampsia; sulfato de magnesio."
    },
    "respuesta_correcta": "opcion a"
  },
  {
    "id": 22,
    "tema": "Preeclampsia Severa",
    "caso_clinico": "Paciente gestante de 34 semanas con cefalea intensa, visión borrosa, epigastralgia. PA 170/110 mmHg, proteinuria 3+, plaquetas 90,000, transaminasas elevadas.",
    "pregunta": "¿Cuál es el manejo urgente?",
    "opciones": {
      "opcion a": "Hospitalización en UCI, sulfato de magnesio IV, antihipertensivos, y finalizar embarazo.",
      "opcion b": "Manejo ambulatorio con control en 1 semana.",
      "opcion c": "Esperar término del embarazo sin intervención.",
      "opcion d": "Solo reposo domiciliario."
    },
    "respuesta_correcta": "opcion a"
  },
  {
    "id": 23,
    "tema": "Eclampsia",
    "caso_clinico": "Gestante de 36 semanas presenta convulsiones tónico-clónicas generalizadas. PA 180/120 mmHg, proteinuria masiva. Estado post-ictal confuso.",
    "pregunta": "¿Cuál es el tratamiento inmediato?",
    "opciones": {
      "opcion a": "Sulfato de magnesio IV en bolo y mantenimiento, control de vía aérea, cesárea urgente.",
      "opcion b": "Anticonvulsivantes orales y observación.",
      "opcion c": "Alta hospitalaria con reposo.",
      "opcion d": "Esperar parto espontáneo sin medicación."
    },
    "respuesta_correcta": "opcion a"
  },
  {
    "id": 24,
    "tema": "Desprendimiento Prematuro de Placenta",
    "caso_clinico": "Paciente gestante de 32 semanas con dolor abdominal intenso súbito, sangrado vaginal oscuro moderado. Útero hipertónico, bradicardia fetal. PA 95/55 mmHg.",
    "pregunta": "¿Cuál es el diagnóstico y manejo urgente?",
    "opciones": {
      "opcion a": "Desprendimiento placentario; cesárea urgente, reanimación con fluidos y hemoderivados.",
      "opcion b": "Trabajo de parto normal; manejo expectante.",
      "opcion c": "Placenta previa; reposo domiciliario.",
      "opcion d": "Contracciones Braxton Hicks; alta sin intervención."
    },
    "respuesta_correcta": "opcion a"
  },
  {
    "id": 25,
    "tema": "Placenta Previa con Sangrado",
    "caso_clinico": "Gestante de 30 semanas con sangrado vaginal rojo brillante indoloro, intermitente. Ecografía muestra placenta previa total. Hemodinámicamente estable por ahora.",
    "pregunta": "¿Cuál es el manejo adecuado?",
    "opciones": {
      "opcion a": "Hospitalización, reposo absoluto, corticoides para maduración pulmonar, cesárea electiva.",
      "opcion b": "Tacto vaginal para evaluar dilatación.",
      "opcion c": "Alta con vida normal y actividad física regular.",
      "opcion d": "Inducción de parto vaginal inmediata."
    },
    "respuesta_correcta": "opcion a"
  },
  {
    "id": 26,
    "tema": "Embarazo Ectópico Roto",
    "caso_clinico": "Mujer de 28 años de edad con amenorrea de 7 semanas, dolor abdominal agudo, mareo, síncope. Abdomen con irritación peritoneal. PA 80/50 mmHg, FC 130 lpm. Beta-hCG positiva.",
    "pregunta": "¿Cuál es el diagnóstico más probable y manejo?",
    "opciones": {
      "opcion a": "Embarazo ectópico roto; laparotomía/laparoscopia urgente y reanimación hemodinámica.",
      "opcion b": "Embarazo intrauterino normal; observación ambulatoria.",
      "opcion c": "Gastroenteritis; hidratación oral.",
      "opcion d": "Apendicitis; antibióticos orales."
    },
    "respuesta_correcta": "opcion a"
  },
  {
    "id": 27,
    "tema": "Corioamnionitis",
    "caso_clinico": "Caso de atención crítica: Gestante de 38 semanas en trabajo de parto, rotura de membranas hace 18 horas. Fiebre 38.5°C, taquicardia materna y fetal, líquido amniótico fétido, leucocitosis.",
    "pregunta": "¿Cuál es el manejo apropiado?",
    "opciones": {
      "opcion a": "Antibióticos IV de amplio espectro inmediatos y finalizar el embarazo pronto.",
      "opcion b": "Esperar parto espontáneo sin antibióticos.",
      "opcion c": "Alta hospitalaria con seguimiento ambulatorio.",
      "opcion d": "Solo antipiréticos y observación."
    },
    "respuesta_correcta": "opcion a"
  },
  {
    "id": 28,
    "tema": "Rotura Uterina",
    "caso_clinico": "Mujer con cesárea previa en trabajo de parto. Dolor abdominal súbito intenso, cese de contracciones, sangrado vaginal, bradicardia fetal severa. Shock.",
    "pregunta": "¿Cuál es la complicación y manejo?",
    "opciones": {
      "opcion a": "Rotura uterina; laparotomía urgente, cesárea y posible histerectomía.",
      "opcion b": "Trabajo de parto normal; continuar expectante.",
      "opcion c": "Desprendimiento leve; observación.",
      "opcion d": "Alta hospitalaria."
    },
    "respuesta_correcta": "opcion a"
  },
  {
    "id": 29,
    "tema": "Síndrome HELLP",
    "caso_clinico": "Gestante de 35 semanas con náuseas, vómitos, dolor en hipocondrio derecho. PA 160/100 mmHg. Laboratorio: plaquetas 50,000, LDH elevada, transaminasas muy elevadas, hemólisis.",
    "pregunta": "¿Cuál es el diagnóstico y manejo?",
    "opciones": {
      "opcion a": "Síndrome HELLP; estabilización materna y finalización del embarazo urgente.",
      "opcion b": "Gastritis simple; antiácidos y alta.",
      "opcion c": "Hipertensión leve; manejo ambulatorio.",
      "opcion d": "Trabajo de parto normal sin complicaciones."
    },
    "respuesta_correcta": "opcion a"
  },
  {
    "id": 30,
    "tema": "Prolapso de Cordón",
    "caso_clinico": "Paciente gestante en trabajo de parto activo. Tras rotura de membranas, se palpa cordón umbilical en vagina. Bradicardia fetal sostenida de 80 lpm. Dilatación cervical 6 cm.",
    "pregunta": "¿Cuál es la acción inmediata?",
    "opciones": {
      "opcion a": "Elevación de presentación fetal manualmente, paciente en Trendelenburg, cesárea urgente.",
      "opcion b": "Continuar trabajo de parto sin intervención.",
      "opcion c": "Observación y esperar dilatación completa.",
      "opcion d": "Alta hospitalaria."
    },
    "respuesta_correcta": "opcion a"
  },
  {
    "id": 31,
    "tema": "Diabetes Gestacional Descompensada",
    "caso_clinico": "Gestante de 28 semanas con diabetes gestacional. Glicemia 380 mg/dL, cetonuria 3+, taquipnea, confusión. pH 7.25, bicarbonato bajo.",
    "pregunta": "¿Cuál es la complicación y manejo?",
    "opciones": {
      "opcion a": "Cetoacidosis diabética; hidratación IV, insulina IV, corrección electrolítica en UCI.",
      "opcion b": "Hiperglicemia leve; insulina subcutánea ambulatoria.",
      "opcion c": "Hipoglicemia; administrar glucosa oral.",
      "opcion d": "No requiere tratamiento urgente."
    },
    "respuesta_correcta": "opcion a"
  },
  {
    "id": 32,
    "tema": "Distocia de Hombros",
    "caso_clinico": "Parto vaginal, salida de cabeza fetal pero hombros no descienden a pesar de tracción suave. Feto macrosómico estimado 4500g. Bradicardia fetal.",
    "pregunta": "¿Cuál es la maniobra inicial?",
    "opciones": {
      "opcion a": "Maniobra de McRoberts (hiperflexión de muslos) y presión suprapúbica.",
      "opcion b": "Tracción forzada del cuello fetal.",
      "opcion c": "Fundectomía de emergencia.",
      "opcion d": "Esperar sin maniobras."
    },
    "respuesta_correcta": "opcion a"
  },
  {
    "id": 33,
    "tema": "Inversión Uterina",
    "caso_clinico": "Caso de atención crítica: Puerperio inmediato. Masa protruye por vagina, dolor intenso, hemorragia severa. Útero no palpable en abdomen. Shock hipovolémico.",
    "pregunta": "¿Cuál es el diagnóstico y manejo?",
    "opciones": {
      "opcion a": "Inversión uterina completa; reposición manual urgente bajo anestesia y reanimación.",
      "opcion b": "Prolapso genital simple; seguimiento ambulatorio.",
      "opcion c": "Hemorroide externa; tratamiento conservador.",
      "opcion d": "No requiere intervención urgente."
    },
    "respuesta_correcta": "opcion a"
  },
  {
    "id": 34,
    "tema": "Embarazo Molar",
    "caso_clinico": "Mujer de 35 años de edad, amenorrea de 12 semanas, sangrado vaginal con vesículas, útero mayor para edad gestacional, beta-hCG extremadamente elevada (>100,000). Sin latido fetal.",
    "pregunta": "¿Cuál es el diagnóstico más probable y manejo?",
    "opciones": {
      "opcion a": "Mola hidatiforme; evacuación uterina por aspiración y seguimiento de beta-hCG.",
      "opcion b": "Embarazo gemelar normal; observación.",
      "opcion c": "Aborto incompleto simple; manejo expectante.",
      "opcion d": "Embarazo ectópico; laparoscopia."
    },
    "respuesta_correcta": "opcion a"
  },
  {
    "id": 35,
    "tema": "Tromboembolismo Pulmonar Postparto",
    "caso_clinico": "Puérpera de 3 días post-cesárea. Disnea súbita, dolor torácico pleurítico, taquicardia 120 lpm, saturación 88%. Antecedente de trombosis venosa profunda.",
    "pregunta": "¿Cuál es el diagnóstico probable y manejo?",
    "opciones": {
      "opcion a": "Tromboembolismo pulmonar; anticoagulación inmediata, oxígeno, estudios de imagen.",
      "opcion b": "Ansiedad postparto; ansiolíticos y alta.",
      "opcion c": "Neumonía leve; antibióticos orales ambulatorios.",
      "opcion d": "No requiere tratamiento."
    },
    "respuesta_correcta": "opcion a"
  },
  {
    "id": 36,
    "tema": "Hiperestimulación Uterina",
    "caso_clinico": "Paciente gestante en inducción con oxitocina. Contracciones cada 1 minuto, duración >90 segundos, hipertonía. Bradicardia fetal sostenida de 90 lpm.",
    "pregunta": "¿Cuál es el manejo inmediato?",
    "opciones": {
      "opcion a": "Suspender oxitocina, posición lateral izquierda, oxígeno, considerar tocolíticos y cesárea.",
      "opcion b": "Aumentar dosis de oxitocina para acelerar parto.",
      "opcion c": "Continuar sin cambios hasta dilatación completa.",
      "opcion d": "Alta hospitalaria."
    },
    "respuesta_correcta": "opcion a"
  },
  {
    "id": 37,
    "tema": "Síndrome de Transfusión Feto-Fetal",
    "caso_clinico": "Embarazo gemelar monocoriónico de 26 semanas. Ecografía muestra polihidramnios en un saco, oligohidramnios severo en el otro. Discordancia de peso >25%.",
    "pregunta": "¿Cuál es el diagnóstico y manejo?",
    "opciones": {
      "opcion a": "Síndrome de transfusión feto-fetal; referir a centro especializado para fotocoagulación láser.",
      "opcion b": "Embarazo gemelar normal; manejo expectante rutinario.",
      "opcion c": "Alta hospitalaria sin seguimiento.",
      "opcion d": "Cesárea inmediata a las 26 semanas."
    },
    "respuesta_correcta": "opcion a"
  },
  {
    "id": 38,
    "tema": "Acretismo Placentario",
    "caso_clinico": "Cesárea en paciente con placenta previa y 3 cesáreas previas. Al intentar extraer placenta, no se desprende, sangrado masivo. Útero con invasión placentaria visible.",
    "pregunta": "¿Cuál es la complicación y manejo?",
    "opciones": {
      "opcion a": "Acretismo placentario; histerectomía obstétrica, reanimación masiva, banco de sangre.",
      "opcion b": "Atonía uterina leve; masaje y oxitocina.",
      "opcion c": "Placenta retenida simple; extracción manual.",
      "opcion d": "No requiere intervención adicional."
    },
    "respuesta_correcta": "opcion a"
  },
  {
    "id": 39,
    "tema": "Ruptura Prematura de Membranas Pretérmino",
    "caso_clinico": "Caso de atención crítica: Gestante de 28 semanas con salida de líquido claro por vagina hace 6 horas. Test de cristalización positivo. Sin contracciones, sin fiebre. Monitoreo fetal reactivo.",
    "pregunta": "¿Cuál es el manejo apropiado?",
    "opciones": {
      "opcion a": "Hospitalización, corticoides, antibióticos profilácticos, reposo, monitoreo materno-fetal.",
      "opcion b": "Alta hospitalaria con vida normal.",
      "opcion c": "Inducción inmediata del parto.",
      "opcion d": "Cerclaje cervical urgente."
    },
    "respuesta_correcta": "opcion a"
  },
  {
    "id": 40,
    "tema": "Sepsis Puerperal",
    "caso_clinico": "Puérpera de 4 días post-cesárea. Fiebre 39.5°C, dolor abdominal, loquios fétidos, taquicardia, hipotensión. Leucocitosis 25,000, útero doloroso.",
    "pregunta": "¿Cuál es el diagnóstico y manejo urgente?",
    "opciones": {
      "opcion a": "Endometritis/sepsis puerperal; antibióticos IV de amplio espectro, reanimación, UCI.",
      "opcion b": "Mastitis; antibióticos orales ambulatorios.",
      "opcion c": "Puerperio normal; alta sin tratamiento.",
      "opcion d": "Infección respiratoria; antivirales."
    },
    "respuesta_correcta": "opcion a"
  },
  {
    "id": 41,
    "tema": "Hemorragia Obstétrica",
    "caso_clinico": "Puérpera de 30 años, 2 horas post-parto vaginal. Sangrado vaginal abundante estimado en 800ml. Útero blando, mal contraído. FC 110 lpm, PA 95/60 mmHg.",
    "pregunta": "¿Cuál es el diagnóstico más probable y manejo inmediato?",
    "opciones": {
      "opcion a": "Atonía uterina; masaje uterino, oxitocina IV, reposición de volumen.",
      "opcion b": "Sangrado normal del puerperio; observación sin intervención.",
      "opcion c": "Laceración cervical; alta hospitalaria.",
      "opcion d": "Preeclampsia; sulfato de magnesio."
    },
    "respuesta_correcta": "opcion a"
  },
  {
    "id": 42,
    "tema": "Preeclampsia Severa",
    "caso_clinico": "Paciente gestante de 34 semanas con cefalea intensa, visión borrosa, epigastralgia. PA 170/110 mmHg, proteinuria 3+, plaquetas 90,000, transaminasas elevadas.",
    "pregunta": "¿Cuál es el manejo urgente?",
    "opciones": {
      "opcion a": "Hospitalización en UCI, sulfato de magnesio IV, antihipertensivos, y finalizar embarazo.",
      "opcion b": "Manejo ambulatorio con control en 1 semana.",
      "opcion c": "Esperar término del embarazo sin intervención.",
      "opcion d": "Solo reposo domiciliario."
    },
    "respuesta_correcta": "opcion a"
  },
  {
    "id": 43,
    "tema": "Eclampsia",
    "caso_clinico": "Gestante de 36 semanas presenta convulsiones tónico-clónicas generalizadas. PA 180/120 mmHg, proteinuria masiva. Estado post-ictal confuso.",
    "pregunta": "¿Cuál es el tratamiento inmediato?",
    "opciones": {
      "opcion a": "Sulfato de magnesio IV en bolo y mantenimiento, control de vía aérea, cesárea urgente.",
      "opcion b": "Anticonvulsivantes orales y observación.",
      "opcion c": "Alta hospitalaria con reposo.",
      "opcion d": "Esperar parto espontáneo sin medicación."
    },
    "respuesta_correcta": "opcion a"
  },
  {
    "id": 44,
    "tema": "Desprendimiento Prematuro de Placenta",
    "caso_clinico": "Paciente gestante de 32 semanas con dolor abdominal intenso súbito, sangrado vaginal oscuro moderado. Útero hipertónico, bradicardia fetal. PA 95/55 mmHg.",
    "pregunta": "¿Cuál es el diagnóstico y manejo urgente?",
    "opciones": {
      "opcion a": "Desprendimiento placentario; cesárea urgente, reanimación con fluidos y hemoderivados.",
      "opcion b": "Trabajo de parto normal; manejo expectante.",
      "opcion c": "Placenta previa; reposo domiciliario.",
      "opcion d": "Contracciones Braxton Hicks; alta sin intervención."
    },
    "respuesta_correcta": "opcion a"
  },
  {
    "id": 45,
    "tema": "Placenta Previa con Sangrado",
    "caso_clinico": "Caso de atención crítica: Gestante de 30 semanas con sangrado vaginal rojo brillante indoloro, intermitente. Ecografía muestra placenta previa total. Hemodinámicamente estable por ahora.",
    "pregunta": "¿Cuál es el manejo adecuado?",
    "opciones": {
      "opcion a": "Hospitalización, reposo absoluto, corticoides para maduración pulmonar, cesárea electiva.",
      "opcion b": "Tacto vaginal para evaluar dilatación.",
      "opcion c": "Alta con vida normal y actividad física regular.",
      "opcion d": "Inducción de parto vaginal inmediata."
    },
    "respuesta_correcta": "opcion a"
  },
  {
    "id": 46,
    "tema": "Embarazo Ectópico Roto",
    "caso_clinico": "Mujer de 28 años de edad con amenorrea de 7 semanas, dolor abdominal agudo, mareo, síncope. Abdomen con irritación peritoneal. PA 80/50 mmHg, FC 130 lpm. Beta-hCG positiva.",
    "pregunta": "¿Cuál es el diagnóstico más probable y manejo?",
    "opciones": {
      "opcion a": "Embarazo ectópico roto; laparotomía/laparoscopia urgente y reanimación hemodinámica.",
      "opcion b": "Embarazo intrauterino normal; observación ambulatoria.",
      "opcion c": "Gastroenteritis; hidratación oral.",
      "opcion d": "Apendicitis; antibióticos orales."
    },
    "respuesta_correcta": "opcion a"
  },
  {
    "id": 47,
    "tema": "Corioamnionitis",
    "caso_clinico": "Gestante de 38 semanas en trabajo de parto, rotura de membranas hace 18 horas. Fiebre 38.5°C, taquicardia materna y fetal, líquido amniótico fétido, leucocitosis.",
    "pregunta": "¿Cuál es el manejo apropiado?",
    "opciones": {
      "opcion a": "Antibióticos IV de amplio espectro inmediatos y finalizar el embarazo pronto.",
      "opcion b": "Esperar parto espontáneo sin antibióticos.",
      "opcion c": "Alta hospitalaria con seguimiento ambulatorio.",
      "opcion d": "Solo antipiréticos y observación."
    },
    "respuesta_correcta": "opcion a"
  },
  {
    "id": 48,
    "tema": "Rotura Uterina",
    "caso_clinico": "Mujer con cesárea previa en trabajo de parto. Dolor abdominal súbito intenso, cese de contracciones, sangrado vaginal, bradicardia fetal severa. Shock.",
    "pregunta": "¿Cuál es la complicación y manejo?",
    "opciones": {
      "opcion a": "Rotura uterina; laparotomía urgente, cesárea y posible histerectomía.",
      "opcion b": "Trabajo de parto normal; continuar expectante.",
      "opcion c": "Desprendimiento leve; observación.",
      "opcion d": "Alta hospitalaria."
    },
    "respuesta_correcta": "opcion a"
  },
  {
    "id": 49,
    "tema": "Síndrome HELLP",
    "caso_clinico": "Gestante de 35 semanas con náuseas, vómitos, dolor en hipocondrio derecho. PA 160/100 mmHg. Laboratorio: plaquetas 50,000, LDH elevada, transaminasas muy elevadas, hemólisis.",
    "pregunta": "¿Cuál es el diagnóstico y manejo?",
    "opciones": {
      "opcion a": "Síndrome HELLP; estabilización materna y finalización del embarazo urgente.",
      "opcion b": "Gastritis simple; antiácidos y alta.",
      "opcion c": "Hipertensión leve; manejo ambulatorio.",
      "opcion d": "Trabajo de parto normal sin complicaciones."
    },
    "respuesta_correcta": "opcion a"
  },
  {
    "id": 50,
    "tema": "Prolapso de Cordón",
    "caso_clinico": "Paciente gestante en trabajo de parto activo. Tras rotura de membranas, se palpa cordón umbilical en vagina. Bradicardia fetal sostenida de 80 lpm. Dilatación cervical 6 cm.",
    "pregunta": "¿Cuál es la acción inmediata?",
    "opciones": {
      "opcion a": "Elevación de presentación fetal manualmente, paciente en Trendelenburg, cesárea urgente.",
      "opcion b": "Continuar trabajo de parto sin intervención.",
      "opcion c": "Observación y esperar dilatación completa.",
      "opcion d": "Alta hospitalaria."
    },
    "respuesta_correcta": "opcion a"
  },
  {
    "id": 51,
    "tema": "Diabetes Gestacional Descompensada",
    "caso_clinico": "Caso de atención crítica: Gestante de 28 semanas con diabetes gestacional. Glicemia 380 mg/dL, cetonuria 3+, taquipnea, confusión. pH 7.25, bicarbonato bajo.",
    "pregunta": "¿Cuál es la complicación y manejo?",
    "opciones": {
      "opcion a": "Cetoacidosis diabética; hidratación IV, insulina IV, corrección electrolítica en UCI.",
      "opcion b": "Hiperglicemia leve; insulina subcutánea ambulatoria.",
      "opcion c": "Hipoglicemia; administrar glucosa oral.",
      "opcion d": "No requiere tratamiento urgente."
    },
    "respuesta_correcta": "opcion a"
  },
  {
    "id": 52,
    "tema": "Distocia de Hombros",
    "caso_clinico": "Parto vaginal, salida de cabeza fetal pero hombros no descienden a pesar de tracción suave. Feto macrosómico estimado 4500g. Bradicardia fetal.",
    "pregunta": "¿Cuál es la maniobra inicial?",
    "opciones": {
      "opcion a": "Maniobra de McRoberts (hiperflexión de muslos) y presión suprapúbica.",
      "opcion b": "Tracción forzada del cuello fetal.",
      "opcion c": "Fundectomía de emergencia.",
      "opcion d": "Esperar sin maniobras."
    },
    "respuesta_correcta": "opcion a"
  },
  {
    "id": 53,
    "tema": "Inversión Uterina",
    "caso_clinico": "Puerperio inmediato. Masa protruye por vagina, dolor intenso, hemorragia severa. Útero no palpable en abdomen. Shock hipovolémico.",
    "pregunta": "¿Cuál es el diagnóstico y manejo?",
    "opciones": {
      "opcion a": "Inversión uterina completa; reposición manual urgente bajo anestesia y reanimación.",
      "opcion b": "Prolapso genital simple; seguimiento ambulatorio.",
      "opcion c": "Hemorroide externa; tratamiento conservador.",
      "opcion d": "No requiere intervención urgente."
    },
    "respuesta_correcta": "opcion a"
  },
  {
    "id": 54,
    "tema": "Embarazo Molar",
    "caso_clinico": "Mujer de 35 años de edad, amenorrea de 12 semanas, sangrado vaginal con vesículas, útero mayor para edad gestacional, beta-hCG extremadamente elevada (>100,000). Sin latido fetal.",
    "pregunta": "¿Cuál es el diagnóstico más probable y manejo?",
    "opciones": {
      "opcion a": "Mola hidatiforme; evacuación uterina por aspiración y seguimiento de beta-hCG.",
      "opcion b": "Embarazo gemelar normal; observación.",
      "opcion c": "Aborto incompleto simple; manejo expectante.",
      "opcion d": "Embarazo ectópico; laparoscopia."
    },
    "respuesta_correcta": "opcion a"
  },
  {
    "id": 55,
    "tema": "Tromboembolismo Pulmonar Postparto",
    "caso_clinico": "Puérpera de 3 días post-cesárea. Disnea súbita, dolor torácico pleurítico, taquicardia 120 lpm, saturación 88%. Antecedente de trombosis venosa profunda.",
    "pregunta": "¿Cuál es el diagnóstico probable y manejo?",
    "opciones": {
      "opcion a": "Tromboembolismo pulmonar; anticoagulación inmediata, oxígeno, estudios de imagen.",
      "opcion b": "Ansiedad postparto; ansiolíticos y alta.",
      "opcion c": "Neumonía leve; antibióticos orales ambulatorios.",
      "opcion d": "No requiere tratamiento."
    },
    "respuesta_correcta": "opcion a"
  },
  {
    "id": 56,
    "tema": "Hiperestimulación Uterina",
    "caso_clinico": "Paciente gestante en inducción con oxitocina. Contracciones cada 1 minuto, duración >90 segundos, hipertonía. Bradicardia fetal sostenida de 90 lpm.",
    "pregunta": "¿Cuál es el manejo inmediato?",
    "opciones": {
      "opcion a": "Suspender oxitocina, posición lateral izquierda, oxígeno, considerar tocolíticos y cesárea.",
      "opcion b": "Aumentar dosis de oxitocina para acelerar parto.",
      "opcion c": "Continuar sin cambios hasta dilatación completa.",
      "opcion d": "Alta hospitalaria."
    },
    "respuesta_correcta": "opcion a"
  },
  {
    "id": 57,
    "tema": "Síndrome de Transfusión Feto-Fetal",
    "caso_clinico": "Caso de atención crítica: Embarazo gemelar monocoriónico de 26 semanas. Ecografía muestra polihidramnios en un saco, oligohidramnios severo en el otro. Discordancia de peso >25%.",
    "pregunta": "¿Cuál es el diagnóstico y manejo?",
    "opciones": {
      "opcion a": "Síndrome de transfusión feto-fetal; referir a centro especializado para fotocoagulación láser.",
      "opcion b": "Embarazo gemelar normal; manejo expectante rutinario.",
      "opcion c": "Alta hospitalaria sin seguimiento.",
      "opcion d": "Cesárea inmediata a las 26 semanas."
    },
    "respuesta_correcta": "opcion a"
  },
  {
    "id": 58,
    "tema": "Acretismo Placentario",
    "caso_clinico": "Cesárea en paciente con placenta previa y 3 cesáreas previas. Al intentar extraer placenta, no se desprende, sangrado masivo. Útero con invasión placentaria visible.",
    "pregunta": "¿Cuál es la complicación y manejo?",
    "opciones": {
      "opcion a": "Acretismo placentario; histerectomía obstétrica, reanimación masiva, banco de sangre.",
      "opcion b": "Atonía uterina leve; masaje y oxitocina.",
      "opcion c": "Placenta retenida simple; extracción manual.",
      "opcion d": "No requiere intervención adicional."
    },
    "respuesta_correcta": "opcion a"
  },
  {
    "id": 59,
    "tema": "Ruptura Prematura de Membranas Pretérmino",
    "caso_clinico": "Gestante de 28 semanas con salida de líquido claro por vagina hace 6 horas. Test de cristalización positivo. Sin contracciones, sin fiebre. Monitoreo fetal reactivo.",
    "pregunta": "¿Cuál es el manejo apropiado?",
    "opciones": {
      "opcion a": "Hospitalización, corticoides, antibióticos profilácticos, reposo, monitoreo materno-fetal.",
      "opcion b": "Alta hospitalaria con vida normal.",
      "opcion c": "Inducción inmediata del parto.",
      "opcion d": "Cerclaje cervical urgente."
    },
    "respuesta_correcta": "opcion a"
  },
  {
    "id": 60,
    "tema": "Sepsis Puerperal",
    "caso_clinico": "Puérpera de 4 días post-cesárea. Fiebre 39.5°C, dolor abdominal, loquios fétidos, taquicardia, hipotensión. Leucocitosis 25,000, útero doloroso.",
    "pregunta": "¿Cuál es el diagnóstico y manejo urgente?",
    "opciones": {
      "opcion a": "Endometritis/sepsis puerperal; antibióticos IV de amplio espectro, reanimación, UCI.",
      "opcion b": "Mastitis; antibióticos orales ambulatorios.",
      "opcion c": "Puerperio normal; alta sin tratamiento.",
      "opcion d": "Infección respiratoria; antivirales."
    },
    "respuesta_correcta": "opcion a"
  },
  {
    "id": 61,
    "tema": "Hemorragia Obstétrica",
    "caso_clinico": "Puérpera de 30 años, 2 horas post-parto vaginal. Sangrado vaginal abundante estimado en 800ml. Útero blando, mal contraído. FC 110 lpm, PA 95/60 mmHg.",
    "pregunta": "¿Cuál es el diagnóstico más probable y manejo inmediato?",
    "opciones": {
      "opcion a": "Atonía uterina; masaje uterino, oxitocina IV, reposición de volumen.",
      "opcion b": "Sangrado normal del puerperio; observación sin intervención.",
      "opcion c": "Laceración cervical; alta hospitalaria.",
      "opcion d": "Preeclampsia; sulfato de magnesio."
    },
    "respuesta_correcta": "opcion a"
  },
  {
    "id": 62,
    "tema": "Preeclampsia Severa",
    "caso_clinico": "Paciente gestante de 34 semanas con cefalea intensa, visión borrosa, epigastralgia. PA 170/110 mmHg, proteinuria 3+, plaquetas 90,000, transaminasas elevadas.",
    "pregunta": "¿Cuál es el manejo urgente?",
    "opciones": {
      "opcion a": "Hospitalización en UCI, sulfato de magnesio IV, antihipertensivos, y finalizar embarazo.",
      "opcion b": "Manejo ambulatorio con control en 1 semana.",
      "opcion c": "Esperar término del embarazo sin intervención.",
      "opcion d": "Solo reposo domiciliario."
    },
    "respuesta_correcta": "opcion a"
  },
  {
    "id": 63,
    "tema": "Eclampsia",
    "caso_clinico": "Caso de atención crítica: Gestante de 36 semanas presenta convulsiones tónico-clónicas generalizadas. PA 180/120 mmHg, proteinuria masiva. Estado post-ictal confuso.",
    "pregunta": "¿Cuál es el tratamiento inmediato?",
    "opciones": {
      "opcion a": "Sulfato de magnesio IV en bolo y mantenimiento, control de vía aérea, cesárea urgente.",
      "opcion b": "Anticonvulsivantes orales y observación.",
      "opcion c": "Alta hospitalaria con reposo.",
      "opcion d": "Esperar parto espontáneo sin medicación."
    },
    "respuesta_correcta": "opcion a"
  },
  {
    "id": 64,
    "tema": "Desprendimiento Prematuro de Placenta",
    "caso_clinico": "Paciente gestante de 32 semanas con dolor abdominal intenso súbito, sangrado vaginal oscuro moderado. Útero hipertónico, bradicardia fetal. PA 95/55 mmHg.",
    "pregunta": "¿Cuál es el diagnóstico y manejo urgente?",
    "opciones": {
      "opcion a": "Desprendimiento placentario; cesárea urgente, reanimación con fluidos y hemoderivados.",
      "opcion b": "Trabajo de parto normal; manejo expectante.",
      "opcion c": "Placenta previa; reposo domiciliario.",
      "opcion d": "Contracciones Braxton Hicks; alta sin intervención."
    },
    "respuesta_correcta": "opcion a"
  },
  {
    "id": 65,
    "tema": "Placenta Previa con Sangrado",
    "caso_clinico": "Gestante de 30 semanas con sangrado vaginal rojo brillante indoloro, intermitente. Ecografía muestra placenta previa total. Hemodinámicamente estable por ahora.",
    "pregunta": "¿Cuál es el manejo adecuado?",
    "opciones": {
      "opcion a": "Hospitalización, reposo absoluto, corticoides para maduración pulmonar, cesárea electiva.",
      "opcion b": "Tacto vaginal para evaluar dilatación.",
      "opcion c": "Alta con vida normal y actividad física regular.",
      "opcion d": "Inducción de parto vaginal inmediata."
    },
    "respuesta_correcta": "opcion a"
  },
  {
    "id": 66,
    "tema": "Embarazo Ectópico Roto",
    "caso_clinico": "Mujer de 28 años de edad con amenorrea de 7 semanas, dolor abdominal agudo, mareo, síncope. Abdomen con irritación peritoneal. PA 80/50 mmHg, FC 130 lpm. Beta-hCG positiva.",
    "pregunta": "¿Cuál es el diagnóstico más probable y manejo?",
    "opciones": {
      "opcion a": "Embarazo ectópico roto; laparotomía/laparoscopia urgente y reanimación hemodinámica.",
      "opcion b": "Embarazo intrauterino normal; observación ambulatoria.",
      "opcion c": "Gastroenteritis; hidratación oral.",
      "opcion d": "Apendicitis; antibióticos orales."
    },
    "respuesta_correcta": "opcion a"
  },
  {
    "id": 67,
    "tema": "Corioamnionitis",
    "caso_clinico": "Gestante de 38 semanas en trabajo de parto, rotura de membranas hace 18 horas. Fiebre 38.5°C, taquicardia materna y fetal, líquido amniótico fétido, leucocitosis.",
    "pregunta": "¿Cuál es el manejo apropiado?",
    "opciones": {
      "opcion a": "Antibióticos IV de amplio espectro inmediatos y finalizar el embarazo pronto.",
      "opcion b": "Esperar parto espontáneo sin antibióticos.",
      "opcion c": "Alta hospitalaria con seguimiento ambulatorio.",
      "opcion d": "Solo antipiréticos y observación."
    },
    "respuesta_correcta": "opcion a"
  },
  {
    "id": 68,
    "tema": "Rotura Uterina",
    "caso_clinico": "Mujer con cesárea previa en trabajo de parto. Dolor abdominal súbito intenso, cese de contracciones, sangrado vaginal, bradicardia fetal severa. Shock.",
    "pregunta": "¿Cuál es la complicación y manejo?",
    "opciones": {
      "opcion a": "Rotura uterina; laparotomía urgente, cesárea y posible histerectomía.",
      "opcion b": "Trabajo de parto normal; continuar expectante.",
      "opcion c": "Desprendimiento leve; observación.",
      "opcion d": "Alta hospitalaria."
    },
    "respuesta_correcta": "opcion a"
  },
  {
    "id": 69,
    "tema": "Síndrome HELLP",
    "caso_clinico": "Caso de atención crítica: Gestante de 35 semanas con náuseas, vómitos, dolor en hipocondrio derecho. PA 160/100 mmHg. Laboratorio: plaquetas 50,000, LDH elevada, transaminasas muy elevadas, hemólisis.",
    "pregunta": "¿Cuál es el diagnóstico y manejo?",
    "opciones": {
      "opcion a": "Síndrome HELLP; estabilización materna y finalización del embarazo urgente.",
      "opcion b": "Gastritis simple; antiácidos y alta.",
      "opcion c": "Hipertensión leve; manejo ambulatorio.",
      "opcion d": "Trabajo de parto normal sin complicaciones."
    },
    "respuesta_correcta": "opcion a"
  },
  {
    "id": 70,
    "tema": "Prolapso de Cordón",
    "caso_clinico": "Paciente gestante en trabajo de parto activo. Tras rotura de membranas, se palpa cordón umbilical en vagina. Bradicardia fetal sostenida de 80 lpm. Dilatación cervical 6 cm.",
    "pregunta": "¿Cuál es la acción inmediata?",
    "opciones": {
      "opcion a": "Elevación de presentación fetal manualmente, paciente en Trendelenburg, cesárea urgente.",
      "opcion b": "Continuar trabajo de parto sin intervención.",
      "opcion c": "Observación y esperar dilatación completa.",
      "opcion d": "Alta hospitalaria."
    },
    "respuesta_correcta": "opcion a"
  },
  {
    "id": 71,
    "tema": "Diabetes Gestacional Descompensada",
    "caso_clinico": "Gestante de 28 semanas con diabetes gestacional. Glicemia 380 mg/dL, cetonuria 3+, taquipnea, confusión. pH 7.25, bicarbonato bajo.",
    "pregunta": "¿Cuál es la complicación y manejo?",
    "opciones": {
      "opcion a": "Cetoacidosis diabética; hidratación IV, insulina IV, corrección electrolítica en UCI.",
      "opcion b": "Hiperglicemia leve; insulina subcutánea ambulatoria.",
      "opcion c": "Hipoglicemia; administrar glucosa oral.",
      "opcion d": "No requiere tratamiento urgente."
    },
    "respuesta_correcta": "opcion a"
  },
  {
    "id": 72,
    "tema": "Distocia de Hombros",
    "caso_clinico": "Parto vaginal, salida de cabeza fetal pero hombros no descienden a pesar de tracción suave. Feto macrosómico estimado 4500g. Bradicardia fetal.",
    "pregunta": "¿Cuál es la maniobra inicial?",
    "opciones": {
      "opcion a": "Maniobra de McRoberts (hiperflexión de muslos) y presión suprapúbica.",
      "opcion b": "Tracción forzada del cuello fetal.",
      "opcion c": "Fundectomía de emergencia.",
      "opcion d": "Esperar sin maniobras."
    },
    "respuesta_correcta": "opcion a"
  },
  {
    "id": 73,
    "tema": "Inversión Uterina",
    "caso_clinico": "Puerperio inmediato. Masa protruye por vagina, dolor intenso, hemorragia severa. Útero no palpable en abdomen. Shock hipovolémico.",
    "pregunta": "¿Cuál es el diagnóstico y manejo?",
    "opciones": {
      "opcion a": "Inversión uterina completa; reposición manual urgente bajo anestesia y reanimación.",
      "opcion b": "Prolapso genital simple; seguimiento ambulatorio.",
      "opcion c": "Hemorroide externa; tratamiento conservador.",
      "opcion d": "No requiere intervención urgente."
    },
    "respuesta_correcta": "opcion a"
  },
  {
    "id": 74,
    "tema": "Embarazo Molar",
    "caso_clinico": "Mujer de 35 años de edad, amenorrea de 12 semanas, sangrado vaginal con vesículas, útero mayor para edad gestacional, beta-hCG extremadamente elevada (>100,000). Sin latido fetal.",
    "pregunta": "¿Cuál es el diagnóstico más probable y manejo?",
    "opciones": {
      "opcion a": "Mola hidatiforme; evacuación uterina por aspiración y seguimiento de beta-hCG.",
      "opcion b": "Embarazo gemelar normal; observación.",
      "opcion c": "Aborto incompleto simple; manejo expectante.",
      "opcion d": "Embarazo ectópico; laparoscopia."
    },
    "respuesta_correcta": "opcion a"
  },
  {
    "id": 75,
    "tema": "Tromboembolismo Pulmonar Postparto",
    "caso_clinico": "Caso de atención crítica: Puérpera de 3 días post-cesárea. Disnea súbita, dolor torácico pleurítico, taquicardia 120 lpm, saturación 88%. Antecedente de trombosis venosa profunda.",
    "pregunta": "¿Cuál es el diagnóstico probable y manejo?",
    "opciones": {
      "opcion a": "Tromboembolismo pulmonar; anticoagulación inmediata, oxígeno, estudios de imagen.",
      "opcion b": "Ansiedad postparto; ansiolíticos y alta.",
      "opcion c": "Neumonía leve; antibióticos orales ambulatorios.",
      "opcion d": "No requiere tratamiento."
    },
    "respuesta_correcta": "opcion a"
  },
  {
    "id": 76,
    "tema": "Hiperestimulación Uterina",
    "caso_clinico": "Paciente gestante en inducción con oxitocina. Contracciones cada 1 minuto, duración >90 segundos, hipertonía. Bradicardia fetal sostenida de 90 lpm.",
    "pregunta": "¿Cuál es el manejo inmediato?",
    "opciones": {
      "opcion a": "Suspender oxitocina, posición lateral izquierda, oxígeno, considerar tocolíticos y cesárea.",
      "opcion b": "Aumentar dosis de oxitocina para acelerar parto.",
      "opcion c": "Continuar sin cambios hasta dilatación completa.",
      "opcion d": "Alta hospitalaria."
    },
    "respuesta_correcta": "opcion a"
  },
  {
    "id": 77,
    "tema": "Síndrome de Transfusión Feto-Fetal",
    "caso_clinico": "Embarazo gemelar monocoriónico de 26 semanas. Ecografía muestra polihidramnios en un saco, oligohidramnios severo en el otro. Discordancia de peso >25%.",
    "pregunta": "¿Cuál es el diagnóstico y manejo?",
    "opciones": {
      "opcion a": "Síndrome de transfusión feto-fetal; referir a centro especializado para fotocoagulación láser.",
      "opcion b": "Embarazo gemelar normal; manejo expectante rutinario.",
      "opcion c": "Alta hospitalaria sin seguimiento.",
      "opcion d": "Cesárea inmediata a las 26 semanas."
    },
    "respuesta_correcta": "opcion a"
  },
  {
    "id": 78,
    "tema": "Acretismo Placentario",
    "caso_clinico": "Cesárea en paciente con placenta previa y 3 cesáreas previas. Al intentar extraer placenta, no se desprende, sangrado masivo. Útero con invasión placentaria visible.",
    "pregunta": "¿Cuál es la complicación y manejo?",
    "opciones": {
      "opcion a": "Acretismo placentario; histerectomía obstétrica, reanimación masiva, banco de sangre.",
      "opcion b": "Atonía uterina leve; masaje y oxitocina.",
      "opcion c": "Placenta retenida simple; extracción manual.",
      "opcion d": "No requiere intervención adicional."
    },
    "respuesta_correcta": "opcion a"
  },
  {
    "id": 79,
    "tema": "Ruptura Prematura de Membranas Pretérmino",
    "caso_clinico": "Gestante de 28 semanas con salida de líquido claro por vagina hace 6 horas. Test de cristalización positivo. Sin contracciones, sin fiebre. Monitoreo fetal reactivo.",
    "pregunta": "¿Cuál es el manejo apropiado?",
    "opciones": {
      "opcion a": "Hospitalización, corticoides, antibióticos profilácticos, reposo, monitoreo materno-fetal.",
      "opcion b": "Alta hospitalaria con vida normal.",
      "opcion c": "Inducción inmediata del parto.",
      "opcion d": "Cerclaje cervical urgente."
    },
    "respuesta_correcta": "opcion a"
  },
  {
    "id": 80,
    "tema": "Sepsis Puerperal",
    "caso_clinico": "Puérpera de 4 días post-cesárea. Fiebre 39.5°C, dolor abdominal, loquios fétidos, taquicardia, hipotensión. Leucocitosis 25,000, útero doloroso.",
    "pregunta": "¿Cuál es el diagnóstico y manejo urgente?",
    "opciones": {
      "opcion a": "Endometritis/sepsis puerperal; antibióticos IV de amplio espectro, reanimación, UCI.",
      "opcion b": "Mastitis; antibióticos orales ambulatorios.",
      "opcion c": "Puerperio normal; alta sin tratamiento.",
      "opcion d": "Infección respiratoria; antivirales."
    },
    "respuesta_correcta": "opcion a"
  },
  {
    "id": 81,
    "tema": "Hemorragia Obstétrica",
    "caso_clinico": "Caso de atención crítica: Puérpera de 30 años, 2 horas post-parto vaginal. Sangrado vaginal abundante estimado en 800ml. Útero blando, mal contraído. FC 110 lpm, PA 95/60 mmHg.",
    "pregunta": "¿Cuál es el diagnóstico más probable y manejo inmediato?",
    "opciones": {
      "opcion a": "Atonía uterina; masaje uterino, oxitocina IV, reposición de volumen.",
      "opcion b": "Sangrado normal del puerperio; observación sin intervención.",
      "opcion c": "Laceración cervical; alta hospitalaria.",
      "opcion d": "Preeclampsia; sulfato de magnesio."
    },
    "respuesta_correcta": "opcion a"
  },
  {
    "id": 82,
    "tema": "Preeclampsia Severa",
    "caso_clinico": "Paciente gestante de 34 semanas con cefalea intensa, visión borrosa, epigastralgia. PA 170/110 mmHg, proteinuria 3+, plaquetas 90,000, transaminasas elevadas.",
    "pregunta": "¿Cuál es el manejo urgente?",
    "opciones": {
      "opcion a": "Hospitalización en UCI, sulfato de magnesio IV, antihipertensivos, y finalizar embarazo.",
      "opcion b": "Manejo ambulatorio con control en 1 semana.",
      "opcion c": "Esperar término del embarazo sin intervención.",
      "opcion d": "Solo reposo domiciliario."
    },
    "respuesta_correcta": "opcion a"
  },
  {
    "id": 83,
    "tema": "Eclampsia",
    "caso_clinico": "Gestante de 36 semanas presenta convulsiones tónico-clónicas generalizadas. PA 180/120 mmHg, proteinuria masiva. Estado post-ictal confuso.",
    "pregunta": "¿Cuál es el tratamiento inmediato?",
    "opciones": {
      "opcion a": "Sulfato de magnesio IV en bolo y mantenimiento, control de vía aérea, cesárea urgente.",
      "opcion b": "Anticonvulsivantes orales y observación.",
      "opcion c": "Alta hospitalaria con reposo.",
      "opcion d": "Esperar parto espontáneo sin medicación."
    },
    "respuesta_correcta": "opcion a"
  },
  {
    "id": 84,
    "tema": "Desprendimiento Prematuro de Placenta",
    "caso_clinico": "Paciente gestante de 32 semanas con dolor abdominal intenso súbito, sangrado vaginal oscuro moderado. Útero hipertónico, bradicardia fetal. PA 95/55 mmHg.",
    "pregunta": "¿Cuál es el diagnóstico y manejo urgente?",
    "opciones": {
      "opcion a": "Desprendimiento placentario; cesárea urgente, reanimación con fluidos y hemoderivados.",
      "opcion b": "Trabajo de parto normal; manejo expectante.",
      "opcion c": "Placenta previa; reposo domiciliario.",
      "opcion d": "Contracciones Braxton Hicks; alta sin intervención."
    },
    "respuesta_correcta": "opcion a"
  },
  {
    "id": 85,
    "tema": "Placenta Previa con Sangrado",
    "caso_clinico": "Gestante de 30 semanas con sangrado vaginal rojo brillante indoloro, intermitente. Ecografía muestra placenta previa total. Hemodinámicamente estable por ahora.",
    "pregunta": "¿Cuál es el manejo adecuado?",
    "opciones": {
      "opcion a": "Hospitalización, reposo absoluto, corticoides para maduración pulmonar, cesárea electiva.",
      "opcion b": "Tacto vaginal para evaluar dilatación.",
      "opcion c": "Alta con vida normal y actividad física regular.",
      "opcion d": "Inducción de parto vaginal inmediata."
    },
    "respuesta_correcta": "opcion a"
  },
  {
    "id": 86,
    "tema": "Embarazo Ectópico Roto",
    "caso_clinico": "Mujer de 28 años de edad con amenorrea de 7 semanas, dolor abdominal agudo, mareo, síncope. Abdomen con irritación peritoneal. PA 80/50 mmHg, FC 130 lpm. Beta-hCG positiva.",
    "pregunta": "¿Cuál es el diagnóstico más probable y manejo?",
    "opciones": {
      "opcion a": "Embarazo ectópico roto; laparotomía/laparoscopia urgente y reanimación hemodinámica.",
      "opcion b": "Embarazo intrauterino normal; observación ambulatoria.",
      "opcion c": "Gastroenteritis; hidratación oral.",
      "opcion d": "Apendicitis; antibióticos orales."
    },
    "respuesta_correcta": "opcion a"
  },
  {
    "id": 87,
    "tema": "Corioamnionitis",
    "caso_clinico": "Caso de atención crítica: Gestante de 38 semanas en trabajo de parto, rotura de membranas hace 18 horas. Fiebre 38.5°C, taquicardia materna y fetal, líquido amniótico fétido, leucocitosis.",
    "pregunta": "¿Cuál es el manejo apropiado?",
    "opciones": {
      "opcion a": "Antibióticos IV de amplio espectro inmediatos y finalizar el embarazo pronto.",
      "opcion b": "Esperar parto espontáneo sin antibióticos.",
      "opcion c": "Alta hospitalaria con seguimiento ambulatorio.",
      "opcion d": "Solo antipiréticos y observación."
    },
    "respuesta_correcta": "opcion a"
  },
  {
    "id": 88,
    "tema": "Rotura Uterina",
    "caso_clinico": "Mujer con cesárea previa en trabajo de parto. Dolor abdominal súbito intenso, cese de contracciones, sangrado vaginal, bradicardia fetal severa. Shock.",
    "pregunta": "¿Cuál es la complicación y manejo?",
    "opciones": {
      "opcion a": "Rotura uterina; laparotomía urgente, cesárea y posible histerectomía.",
      "opcion b": "Trabajo de parto normal; continuar expectante.",
      "opcion c": "Desprendimiento leve; observación.",
      "opcion d": "Alta hospitalaria."
    },
    "respuesta_correcta": "opcion a"
  },
  {
    "id": 89,
    "tema": "Síndrome HELLP",
    "caso_clinico": "Gestante de 35 semanas con náuseas, vómitos, dolor en hipocondrio derecho. PA 160/100 mmHg. Laboratorio: plaquetas 50,000, LDH elevada, transaminasas muy elevadas, hemólisis.",
    "pregunta": "¿Cuál es el diagnóstico y manejo?",
    "opciones": {
      "opcion a": "Síndrome HELLP; estabilización materna y finalización del embarazo urgente.",
      "opcion b": "Gastritis simple; antiácidos y alta.",
      "opcion c": "Hipertensión leve; manejo ambulatorio.",
      "opcion d": "Trabajo de parto normal sin complicaciones."
    },
    "respuesta_correcta": "opcion a"
  },
  {
    "id": 90,
    "tema": "Prolapso de Cordón",
    "caso_clinico": "Paciente gestante en trabajo de parto activo. Tras rotura de membranas, se palpa cordón umbilical en vagina. Bradicardia fetal sostenida de 80 lpm. Dilatación cervical 6 cm.",
    "pregunta": "¿Cuál es la acción inmediata?",
    "opciones": {
      "opcion a": "Elevación de presentación fetal manualmente, paciente en Trendelenburg, cesárea urgente.",
      "opcion b": "Continuar trabajo de parto sin intervención.",
      "opcion c": "Observación y esperar dilatación completa.",
      "opcion d": "Alta hospitalaria."
    },
    "respuesta_correcta": "opcion a"
  },
  {
    "id": 91,
    "tema": "Diabetes Gestacional Descompensada",
    "caso_clinico": "Gestante de 28 semanas con diabetes gestacional. Glicemia 380 mg/dL, cetonuria 3+, taquipnea, confusión. pH 7.25, bicarbonato bajo.",
    "pregunta": "¿Cuál es la complicación y manejo?",
    "opciones": {
      "opcion a": "Cetoacidosis diabética; hidratación IV, insulina IV, corrección electrolítica en UCI.",
      "opcion b": "Hiperglicemia leve; insulina subcutánea ambulatoria.",
      "opcion c": "Hipoglicemia; administrar glucosa oral.",
      "opcion d": "No requiere tratamiento urgente."
    },
    "respuesta_correcta": "opcion a"
  },
  {
    "id": 92,
    "tema": "Distocia de Hombros",
    "caso_clinico": "Parto vaginal, salida de cabeza fetal pero hombros no descienden a pesar de tracción suave. Feto macrosómico estimado 4500g. Bradicardia fetal.",
    "pregunta": "¿Cuál es la maniobra inicial?",
    "opciones": {
      "opcion a": "Maniobra de McRoberts (hiperflexión de muslos) y presión suprapúbica.",
      "opcion b": "Tracción forzada del cuello fetal.",
      "opcion c": "Fundectomía de emergencia.",
      "opcion d": "Esperar sin maniobras."
    },
    "respuesta_correcta": "opcion a"
  },
  {
    "id": 93,
    "tema": "Inversión Uterina",
    "caso_clinico": "Caso de atención crítica: Puerperio inmediato. Masa protruye por vagina, dolor intenso, hemorragia severa. Útero no palpable en abdomen. Shock hipovolémico.",
    "pregunta": "¿Cuál es el diagnóstico y manejo?",
    "opciones": {
      "opcion a": "Inversión uterina completa; reposición manual urgente bajo anestesia y reanimación.",
      "opcion b": "Prolapso genital simple; seguimiento ambulatorio.",
      "opcion c": "Hemorroide externa; tratamiento conservador.",
      "opcion d": "No requiere intervención urgente."
    },
    "respuesta_correcta": "opcion a"
  },
  {
    "id": 94,
    "tema": "Embarazo Molar",
    "caso_clinico": "Mujer de 35 años de edad, amenorrea de 12 semanas, sangrado vaginal con vesículas, útero mayor para edad gestacional, beta-hCG extremadamente elevada (>100,000). Sin latido fetal.",
    "pregunta": "¿Cuál es el diagnóstico más probable y manejo?",
    "opciones": {
      "opcion a": "Mola hidatiforme; evacuación uterina por aspiración y seguimiento de beta-hCG.",
      "opcion b": "Embarazo gemelar normal; observación.",
      "opcion c": "Aborto incompleto simple; manejo expectante.",
      "opcion d": "Embarazo ectópico; laparoscopia."
    },
    "respuesta_correcta": "opcion a"
  },
  {
    "id": 95,
    "tema": "Tromboembolismo Pulmonar Postparto",
    "caso_clinico": "Puérpera de 3 días post-cesárea. Disnea súbita, dolor torácico pleurítico, taquicardia 120 lpm, saturación 88%. Antecedente de trombosis venosa profunda.",
    "pregunta": "¿Cuál es el diagnóstico probable y manejo?",
    "opciones": {
      "opcion a": "Tromboembolismo pulmonar; anticoagulación inmediata, oxígeno, estudios de imagen.",
      "opcion b": "Ansiedad postparto; ansiolíticos y alta.",
      "opcion c": "Neumonía leve; antibióticos orales ambulatorios.",
      "opcion d": "No requiere tratamiento."
    },
    "respuesta_correcta": "opcion a"
  },
  {
    "id": 96,
    "tema": "Hiperestimulación Uterina",
    "caso_clinico": "Paciente gestante en inducción con oxitocina. Contracciones cada 1 minuto, duración >90 segundos, hipertonía. Bradicardia fetal sostenida de 90 lpm.",
    "pregunta": "¿Cuál es el manejo inmediato?",
    "opciones": {
      "opcion a": "Suspender oxitocina, posición lateral izquierda, oxígeno, considerar tocolíticos y cesárea.",
      "opcion b": "Aumentar dosis de oxitocina para acelerar parto.",
      "opcion c": "Continuar sin cambios hasta dilatación completa.",
      "opcion d": "Alta hospitalaria."
    },
    "respuesta_correcta": "opcion a"
  },
  {
    "id": 97,
    "tema": "Síndrome de Transfusión Feto-Fetal",
    "caso_clinico": "Embarazo gemelar monocoriónico de 26 semanas. Ecografía muestra polihidramnios en un saco, oligohidramnios severo en el otro. Discordancia de peso >25%.",
    "pregunta": "¿Cuál es el diagnóstico y manejo?",
    "opciones": {
      "opcion a": "Síndrome de transfusión feto-fetal; referir a centro especializado para fotocoagulación láser.",
      "opcion b": "Embarazo gemelar normal; manejo expectante rutinario.",
      "opcion c": "Alta hospitalaria sin seguimiento.",
      "opcion d": "Cesárea inmediata a las 26 semanas."
    },
    "respuesta_correcta": "opcion a"
  },
  {
    "id": 98,
    "tema": "Acretismo Placentario",
    "caso_clinico": "Cesárea en paciente con placenta previa y 3 cesáreas previas. Al intentar extraer placenta, no se desprende, sangrado masivo. Útero con invasión placentaria visible.",
    "pregunta": "¿Cuál es la complicación y manejo?",
    "opciones": {
      "opcion a": "Acretismo placentario; histerectomía obstétrica, reanimación masiva, banco de sangre.",
      "opcion b": "Atonía uterina leve; masaje y oxitocina.",
      "opcion c": "Placenta retenida simple; extracción manual.",
      "opcion d": "No requiere intervención adicional."
    },
    "respuesta_correcta": "opcion a"
  },
  {
    "id": 99,
    "tema": "Ruptura Prematura de Membranas Pretérmino",
    "caso_clinico": "Caso de atención crítica: Gestante de 28 semanas con salida de líquido claro por vagina hace 6 horas. Test de cristalización positivo. Sin contracciones, sin fiebre. Monitoreo fetal reactivo.",
    "pregunta": "¿Cuál es el manejo apropiado?",
    "opciones": {
      "opcion a": "Hospitalización, corticoides, antibióticos profilácticos, reposo, monitoreo materno-fetal.",
      "opcion b": "Alta hospitalaria con vida normal.",
      "opcion c": "Inducción inmediata del parto.",
      "opcion d": "Cerclaje cervical urgente."
    },
    "respuesta_correcta": "opcion a"
  },
  {
    "id": 100,
    "tema": "Sepsis Puerperal",
    "caso_clinico": "Puérpera de 4 días post-cesárea. Fiebre 39.5°C, dolor abdominal, loquios fétidos, taquicardia, hipotensión. Leucocitosis 25,000, útero doloroso.",
    "pregunta": "¿Cuál es el diagnóstico y manejo urgente?",
    "opciones": {
      "opcion a": "Endometritis/sepsis puerperal; antibióticos IV de amplio espectro, reanimación, UCI.",
      "opcion b": "Mastitis; antibióticos orales ambulatorios.",
      "opcion c": "Puerperio normal; alta sin tratamiento.",
      "opcion d": "Infección respiratoria; antivirales."
    },
    "respuesta_correcta": "opcion a"
  }
]