[
  {
    "id": 1,
    "tema": "Urología Crítica - Adultos",
    "caso_clinico": "Paciente masculino de 68 años en UCI con sepsis urinaria severa. Temperatura 39.5°C, FC 120 lpm, PA 85/50 mmHg. Antecedente de hiperplasia prostática. Orina turbia y fétida.",
    "pregunta": "¿Cuál es la primera intervención prioritaria?",
    "opciones": {
      "opcion a": "Antibióticos de amplio espectro IV inmediatos y reanimación con fluidos.",
      "opcion b": "Esperar resultados de urocultivo antes de antibióticos.",
      "opcion c": "Realizar prostatectomía urgente.",
      "opcion d": "Administrar únicamente analgésicos."
    },
    "respuesta_correcta": "opcion a"
  },
  {
    "id": 2,
    "tema": "Urología - Retención Urinaria Aguda",
    "caso_clinico": "Hombre de 72 años ingresa con dolor suprapúbico intenso, incapacidad para orinar desde hace 12 horas. Distensión vesical palpable. Antecedente de HBP conocida.",
    "pregunta": "¿Cuál es el manejo inmediato?",
    "opciones": {
      "opcion a": "Cateterización uretral o suprapúbica urgente para descomprimir la vejiga.",
      "opcion b": "Administrar solo líquidos orales abundantes.",
      "opcion c": "Observación sin intervención por 24 horas.",
      "opcion d": "Diálisis inmediata."
    },
    "respuesta_correcta": "opcion a"
  },
  {
    "id": 3,
    "tema": "Litiasis Renal Complicada",
    "caso_clinico": "Mujer de 45 años con cólico nefrítico severo, fiebre de 38.8°C, náuseas y vómitos. TAC muestra cálculo ureteral de 8mm con hidronefrosis moderada.",
    "pregunta": "¿Cuál es el tratamiento más adecuado?",
    "opciones": {
      "opcion a": "Derivación urinaria urgente (catéter doble J o nefrostomía) y antibióticos.",
      "opcion b": "Manejo ambulatorio con analgésicos orales solamente.",
      "opcion c": "Litotricia extracorpórea inmediata sin estabilización.",
      "opcion d": "Esperar expulsión espontánea sin intervención."
    },
    "respuesta_correcta": "opcion a"
  },
  {
    "id": 4,
    "tema": "Traumatismo Renal",
    "caso_clinico": "Paciente de 28 años víctima de accidente de tráfico. Hematuria macroscópica, dolor en flanco derecho. TAC con contraste muestra laceración renal grado III con hematoma perirrenal.",
    "pregunta": "¿Cuál es el manejo inicial apropiado?",
    "opciones": {
      "opcion a": "Manejo conservador con monitoreo hemodinámico estricto y reposo.",
      "opcion b": "Nefrectomía inmediata profiláctica.",
      "opcion c": "Alta hospitalaria inmediata.",
      "opcion d": "Ignorar el hallazgo y dar analgésicos."
    },
    "respuesta_correcta": "opcion a"
  },
  {
    "id": 5,
    "tema": "Pielonefritis Complicada",
    "caso_clinico": "Mujer diabética de 58 años con fiebre alta (40°C), escalofríos, dolor lumbar bilateral. Leucocitosis de 22,000. Orina con piuria severa. Antecedente de litiasis renal.",
    "pregunta": "¿Qué complicación debe sospecharse prioritariamente?",
    "opciones": {
      "opcion a": "Pionefrosis o absceso renal que requiere drenaje urgente.",
      "opcion b": "Cistitis simple sin complicaciones.",
      "opcion c": "Infección respiratoria viral.",
      "opcion d": "Deshidratación leve."
    },
    "respuesta_correcta": "opcion a"
  },
  {
    "id": 6,
    "tema": "Hematuria Macroscópica",
    "caso_clinico": "Hombre de 65 años fumador con hematuria macroscópica indolora de 3 días de evolución. Sin trauma reciente. Estable hemodinámicamente.",
    "pregunta": "¿Cuál es la prioridad diagnóstica?",
    "opciones": {
      "opcion a": "Descartar neoplasia vesical mediante cistoscopia y estudios de imagen.",
      "opcion b": "Atribuir a infección urinaria sin más estudios.",
      "opcion c": "Dar alta sin seguimiento.",
      "opcion d": "Realizar solo análisis de orina básico."
    },
    "respuesta_correcta": "opcion a"
  },
  {
    "id": 7,
    "tema": "Insuficiencia Renal Aguda Obstructiva",
    "caso_clinico": "Paciente de 70 años con anuria de 24 horas, creatinina 6.5 mg/dL. Ecografía muestra hidronefrosis bilateral severa por obstrucción prostática.",
    "pregunta": "¿Cuál es el manejo urgente?",
    "opciones": {
      "opcion a": "Descompresión urinaria bilateral urgente (sonda o nefrostomías).",
      "opcion b": "Hemodiálisis sin descomprimir vía urinaria.",
      "opcion c": "Observación domiciliaria.",
      "opcion d": "Administrar solo diuréticos."
    },
    "respuesta_correcta": "opcion a"
  },
  {
    "id": 8,
    "tema": "Priapismo",
    "caso_clinico": "Hombre de 35 años acude con erección dolorosa persistente de 6 horas de duración. Sin respuesta a medicación oral previa. Cuerpos cavernosos rígidos y dolorosos.",
    "pregunta": "¿Qué tipo de priapismo es más probable y su manejo?",
    "opciones": {
      "opcion a": "Priapismo isquémico que requiere aspiración y lavado de cuerpos cavernosos urgente.",
      "opcion b": "Priapismo de alto flujo que se resuelve solo.",
      "opcion c": "Condición benigna sin necesidad de tratamiento.",
      "opcion d": "Aplicar compresas frías solamente."
    },
    "respuesta_correcta": "opcion a"
  },
  {
    "id": 9,
    "tema": "Torsión Testicular",
    "caso_clinico": "Adolescente de 16 años con dolor testicular izquierdo súbito e intenso de 3 horas. Testículo elevado, reflejo cremastérico ausente, náuseas.",
    "pregunta": "¿Cuál es el diagnóstico más probable y manejo?",
    "opciones": {
      "opcion a": "Torsión testicular; exploración quirúrgica urgente en menos de 6 horas.",
      "opcion b": "Epididimitis; tratamiento antibiótico ambulatorio.",
      "opcion c": "Traumatismo leve; reposo domiciliario.",
      "opcion d": "Hidrocele; observación sin cirugía."
    },
    "respuesta_correcta": "opcion a"
  },
  {
    "id": 10,
    "tema": "Gangrena de Fournier",
    "caso_clinico": "Diabético de 62 años con dolor perineal severo, fiebre alta, crepitación en escroto y periné. Piel necrótica y olor fétido. Leucocitosis severa.",
    "pregunta": "¿Cuál es la urgencia quirúrgica?",
    "opciones": {
      "opcion a": "Desbridamiento quirúrgico agresivo inmediato y antibióticos de amplio espectro.",
      "opcion b": "Antibióticos orales y observación ambulatoria.",
      "opcion c": "Compresas tibias locales solamente.",
      "opcion d": "Esperar 48 horas para reevaluar."
    },
    "respuesta_correcta": "opcion a"
  },
  {
    "id": 11,
    "tema": "Infección Urinaria en Embarazo",
    "caso_clinico": "Gestante de 28 semanas con fiebre, dolor lumbar derecho, náuseas. Leucocitosis, bacteriuria significativa. Estable hemodinámicamente pero taquicárdica.",
    "pregunta": "¿Cuál es el manejo adecuado?",
    "opciones": {
      "opcion a": "Hospitalización, antibióticos IV seguros en embarazo y monitoreo fetal.",
      "opcion b": "Antibióticos orales ambulatorios sin monitoreo.",
      "opcion c": "Inducción del parto inmediata.",
      "opcion d": "No dar tratamiento hasta el parto."
    },
    "respuesta_correcta": "opcion a"
  },
  {
    "id": 12,
    "tema": "Rabdomiólisis con Falla Renal",
    "caso_clinico": "Paciente de 40 años post-trauma severo. Orina color marrón oscuro, CPK 85,000 U/L, creatinina 4.2 mg/dL, potasio 6.8 mEq/L. Oliguria.",
    "pregunta": "¿Cuál es el tratamiento prioritario?",
    "opciones": {
      "opcion a": "Hidratación agresiva IV, alcalinización urinaria, monitoreo renal y electrolítico.",
      "opcion b": "Restricción de líquidos y esperar.",
      "opcion c": "Diálisis inmediata sin hidratación previa.",
      "opcion d": "Alta hospitalaria con seguimiento ambulatorio."
    },
    "respuesta_correcta": "opcion a"
  },
  {
    "id": 13,
    "tema": "Vejiga Neurogénica",
    "caso_clinico": "Paciente de 45 años con lesión medular completa T10. Retención urinaria crónica, múltiples infecciones urinarias. Reflujo vesicoureteral bilateral en estudios.",
    "pregunta": "¿Cuál es el manejo a largo plazo?",
    "opciones": {
      "opcion a": "Cateterismo intermitente limpio y profilaxis antibiótica según protocolo.",
      "opcion b": "Sonda permanente sin cambios regulares.",
      "opcion c": "No realizar cateterismo y esperar micción espontánea.",
      "opcion d": "Cirugía de vejiga inmediata sin intentar manejo conservador."
    },
    "respuesta_correcta": "opcion a"
  },
  {
    "id": 14,
    "tema": "Cáncer de Vejiga Hemorrágico",
    "caso_clinico": "Hombre de 70 años con hematuria masiva y coágulos que obstruyen sonda vesical. Antecedente de cáncer vesical. Taquicárdico, PA 100/60 mmHg, palidez.",
    "pregunta": "¿Cuál es el manejo urgente?",
    "opciones": {
      "opcion a": "Irrigación vesical continua, resucitación con fluidos/transfusión, cistoscopia urgente.",
      "opcion b": "Observación sin intervención.",
      "opcion c": "Alta hospitalaria con seguimiento ambulatorio.",
      "opcion d": "Antibióticos orales solamente."
    },
    "respuesta_correcta": "opcion a"
  },
  {
    "id": 15,
    "tema": "Rotura Vesical Traumática",
    "caso_clinico": "Paciente de 32 años con trauma pélvico severo. Incapacidad para orinar, dolor suprapúbico intenso. Cistografía muestra extravasación de contraste a cavidad peritoneal.",
    "pregunta": "¿Qué tipo de rotura es y su manejo?",
    "opciones": {
      "opcion a": "Rotura intraperitoneal que requiere exploración quirúrgica y reparación urgente.",
      "opcion b": "Rotura extraperitoneal; manejo conservador con sonda.",
      "opcion c": "No requiere tratamiento específico.",
      "opcion d": "Observación domiciliaria."
    },
    "respuesta_correcta": "opcion a"
  },
  {
    "id": 16,
    "tema": "Síndrome de Lisis Tumoral",
    "caso_clinico": "Paciente con linfoma en quimioterapia. Presenta oliguria, creatinina elevada 5.8 mg/dL, potasio 7.2 mEq/L, fósforo 8.5 mg/dL, ácido úrico 15 mg/dL.",
    "pregunta": "¿Cuál es el diagnóstico y manejo inmediato?",
    "opciones": {
      "opcion a": "Síndrome de lisis tumoral; hidratación IV, alopurinol/rasburicasa, corrección electrolítica.",
      "opcion b": "Infección urinaria simple; antibióticos orales.",
      "opcion c": "Deshidratación leve; hidratación oral.",
      "opcion d": "No requiere tratamiento urgente."
    },
    "respuesta_correcta": "opcion a"
  },
  {
    "id": 17,
    "tema": "Pionefrosis",
    "caso_clinico": "Mujer de 55 años diabética con fiebre alta, dolor en flanco, sepsis. Ecografía muestra riñón izquierdo con hidronefrosis y contenido ecogénico compatible con pus.",
    "pregunta": "¿Cuál es el tratamiento urgente?",
    "opciones": {
      "opcion a": "Drenaje percutáneo urgente (nefrostomía) y antibióticos IV de amplio espectro.",
      "opcion b": "Antibióticos orales y esperar 72 horas.",
      "opcion c": "Alta hospitalaria inmediata.",
      "opcion d": "Nefrectomía sin intentar drenaje."
    },
    "respuesta_correcta": "opcion a"
  },
  {
    "id": 18,
    "tema": "Estenosis Uretral Severa",
    "caso_clinico": "Hombre de 50 años con retenciones urinarias recurrentes. Antecedente de uretritis gonocócica. Uroflujometría muestra patrón obstructivo severo. Imposibilidad de cateterización.",
    "pregunta": "¿Cuál es el manejo inmediato si hay retención aguda?",
    "opciones": {
      "opcion a": "Cistostomía suprapúbica urgente para derivación temporal.",
      "opcion b": "Forzar cateterización uretral con traumatismo.",
      "opcion c": "Observación sin drenaje.",
      "opcion d": "Dilatación uretral forzada sin guía."
    },
    "respuesta_correcta": "opcion a"
  },
  {
    "id": 19,
    "tema": "Cólico Renal con Obstrucción",
    "caso_clinico": "Paciente de 38 años con dolor lumbar tipo cólico severo irradiado a genitales. Náuseas, vómitos. TAC muestra cálculo ureteral proximal de 6mm con hidronefrosis moderada.",
    "pregunta": "¿Cuál es el manejo inicial?",
    "opciones": {
      "opcion a": "Analgesia IV (AINEs/opioides), antieméticos, hidratación y valorar necesidad de urología.",
      "opcion b": "Cirugía abierta inmediata.",
      "opcion c": "Alta sin analgesia.",
      "opcion d": "Solo hidratación oral en casa."
    },
    "respuesta_correcta": "opcion a"
  },
  {
    "id": 20,
    "tema": "Cateterismo Vesical Complicado",
    "caso_clinico": "Enfermera intenta cateterizar paciente masculino post-cirugía prostática. Resistencia al avance del catéter. Sangrado uretral leve tras varios intentos fallidos.",
    "pregunta": "¿Cuál es la acción correcta?",
    "opciones": {
      "opcion a": "Suspender intentos, no forzar, solicitar valoración urológica para cateterización guiada.",
      "opcion b": "Continuar forzando el catéter hasta lograr pasar.",
      "opcion c": "Usar catéter de mayor calibre para forzar.",
      "opcion d": "Dejar al paciente sin drenaje urinario."
    },
    "respuesta_correcta": "opcion a"
  },
  {
    "id": 21,
    "tema": "Urología Crítica - Adultos",
    "caso_clinico": "Paciente masculino de 68 años en UCI con sepsis urinaria severa. Temperatura 39.5°C, FC 120 lpm, PA 85/50 mmHg. Antecedente de hiperplasia prostática. Orina turbia y fétida.",
    "pregunta": "¿Cuál es la primera intervención prioritaria?",
    "opciones": {
      "opcion a": "Antibióticos de amplio espectro IV inmediatos y reanimación con fluidos.",
      "opcion b": "Esperar resultados de urocultivo antes de antibióticos.",
      "opcion c": "Realizar prostatectomía urgente.",
      "opcion d": "Administrar únicamente analgésicos."
    },
    "respuesta_correcta": "opcion a"
  },
  {
    "id": 22,
    "tema": "Urología - Retención Urinaria Aguda",
    "caso_clinico": "Hombre de 72 años de edad ingresa con dolor suprapúbico intenso, incapacidad para orinar desde hace 12 horas. Distensión vesical palpable. Antecedente de HBP conocida.",
    "pregunta": "¿Cuál es el manejo inmediato?",
    "opciones": {
      "opcion a": "Cateterización uretral o suprapúbica urgente para descomprimir la vejiga.",
      "opcion b": "Administrar solo líquidos orales abundantes.",
      "opcion c": "Observación sin intervención por 24 horas.",
      "opcion d": "Diálisis inmediata."
    },
    "respuesta_correcta": "opcion a"
  },
  {
    "id": 23,
    "tema": "Litiasis Renal Complicada",
    "caso_clinico": "Mujer de 45 años con cólico nefrítico severo, fiebre de 38.8°C, náuseas y vómitos. TAC muestra cálculo ureteral de 8mm con hidronefrosis moderada.",
    "pregunta": "¿Cuál es el tratamiento más adecuado?",
    "opciones": {
      "opcion a": "Derivación urinaria urgente (catéter doble J o nefrostomía) y antibióticos.",
      "opcion b": "Manejo ambulatorio con analgésicos orales solamente.",
      "opcion c": "Litotricia extracorpórea inmediata sin estabilización.",
      "opcion d": "Esperar expulsión espontánea sin intervención."
    },
    "respuesta_correcta": "opcion a"
  },
  {
    "id": 24,
    "tema": "Traumatismo Renal",
    "caso_clinico": "Paciente ingresado de 28 años de edad víctima de accidente de tráfico. Hematuria macroscópica, dolor en flanco derecho. TAC con contraste muestra laceración renal grado III con hematoma perirrenal.",
    "pregunta": "¿Cuál es el manejo inicial apropiado?",
    "opciones": {
      "opcion a": "Manejo conservador con monitoreo hemodinámico estricto y reposo.",
      "opcion b": "Nefrectomía inmediata profiláctica.",
      "opcion c": "Alta hospitalaria inmediata.",
      "opcion d": "Ignorar el hallazgo y dar analgésicos."
    },
    "respuesta_correcta": "opcion a"
  },
  {
    "id": 25,
    "tema": "Pielonefritis Complicada",
    "caso_clinico": "Mujer diabética de 58 años con fiebre alta (40°C), escalofríos, dolor lumbar bilateral. Leucocitosis de 22,000. Orina con piuria severa. Antecedente de litiasis renal.",
    "pregunta": "¿Qué complicación debe sospecharse prioritariamente?",
    "opciones": {
      "opcion a": "Pionefrosis o absceso renal que requiere drenaje urgente.",
      "opcion b": "Cistitis simple sin complicaciones.",
      "opcion c": "Infección respiratoria viral.",
      "opcion d": "Deshidratación leve."
    },
    "respuesta_correcta": "opcion a"
  },
  {
    "id": 26,
    "tema": "Hematuria Macroscópica",
    "caso_clinico": "Hombre de 65 años de edad fumador con hematuria macroscópica indolora de 3 días de evolución. Sin trauma reciente. Estable hemodinámicamente.",
    "pregunta": "¿Cuál es la prioridad diagnóstica?",
    "opciones": {
      "opcion a": "Descartar neoplasia vesical mediante cistoscopia y estudios de imagen.",
      "opcion b": "Atribuir a infección urinaria sin más estudios.",
      "opcion c": "Dar alta sin seguimiento.",
      "opcion d": "Realizar solo análisis de orina básico."
    },
    "respuesta_correcta": "opcion a"
  },
  {
    "id": 27,
    "tema": "Insuficiencia Renal Aguda Obstructiva",
    "caso_clinico": "Paciente de 70 años con anuria de 24 horas, creatinina 6.5 mg/dL. Ecografía muestra hidronefrosis bilateral severa por obstrucción prostática.",
    "pregunta": "¿Cuál es el manejo urgente?",
    "opciones": {
      "opcion a": "Descompresión urinaria bilateral urgente (sonda o nefrostomías).",
      "opcion b": "Hemodiálisis sin descomprimir vía urinaria.",
      "opcion c": "Observación domiciliaria.",
      "opcion d": "Administrar solo diuréticos."
    },
    "respuesta_correcta": "opcion a"
  },
  {
    "id": 28,
    "tema": "Priapismo",
    "caso_clinico": "Hombre de 35 años de edad acude con erección dolorosa persistente de 6 horas de duración. Sin respuesta a medicación oral previa. Cuerpos cavernosos rígidos y dolorosos.",
    "pregunta": "¿Qué tipo de priapismo es más probable y su manejo?",
    "opciones": {
      "opcion a": "Priapismo isquémico que requiere aspiración y lavado de cuerpos cavernosos urgente.",
      "opcion b": "Priapismo de alto flujo que se resuelve solo.",
      "opcion c": "Condición benigna sin necesidad de tratamiento.",
      "opcion d": "Aplicar compresas frías solamente."
    },
    "respuesta_correcta": "opcion a"
  },
  {
    "id": 29,
    "tema": "Torsión Testicular",
    "caso_clinico": "Adolescente de 16 años con dolor testicular izquierdo súbito e intenso de 3 horas. Testículo elevado, reflejo cremastérico ausente, náuseas.",
    "pregunta": "¿Cuál es el diagnóstico más probable y manejo?",
    "opciones": {
      "opcion a": "Torsión testicular; exploración quirúrgica urgente en menos de 6 horas.",
      "opcion b": "Epididimitis; tratamiento antibiótico ambulatorio.",
      "opcion c": "Traumatismo leve; reposo domiciliario.",
      "opcion d": "Hidrocele; observación sin cirugía."
    },
    "respuesta_correcta": "opcion a"
  },
  {
    "id": 30,
    "tema": "Gangrena de Fournier",
    "caso_clinico": "Diabético de 62 años de edad con dolor perineal severo, fiebre alta, crepitación en escroto y periné. Piel necrótica y olor fétido. Leucocitosis severa.",
    "pregunta": "¿Cuál es la urgencia quirúrgica?",
    "opciones": {
      "opcion a": "Desbridamiento quirúrgico agresivo inmediato y antibióticos de amplio espectro.",
      "opcion b": "Antibióticos orales y observación ambulatoria.",
      "opcion c": "Compresas tibias locales solamente.",
      "opcion d": "Esperar 48 horas para reevaluar."
    },
    "respuesta_correcta": "opcion a"
  },
  {
    "id": 31,
    "tema": "Infección Urinaria en Embarazo",
    "caso_clinico": "Gestante de 28 semanas con fiebre, dolor lumbar derecho, náuseas. Leucocitosis, bacteriuria significativa. Estable hemodinámicamente pero taquicárdica.",
    "pregunta": "¿Cuál es el manejo adecuado?",
    "opciones": {
      "opcion a": "Hospitalización, antibióticos IV seguros en embarazo y monitoreo fetal.",
      "opcion b": "Antibióticos orales ambulatorios sin monitoreo.",
      "opcion c": "Inducción del parto inmediata.",
      "opcion d": "No dar tratamiento hasta el parto."
    },
    "respuesta_correcta": "opcion a"
  },
  {
    "id": 32,
    "tema": "Rabdomiólisis con Falla Renal",
    "caso_clinico": "Paciente ingresado de 40 años de edad post-trauma severo. Orina color marrón oscuro, CPK 85,000 U/L, creatinina 4.2 mg/dL, potasio 6.8 mEq/L. Oliguria.",
    "pregunta": "¿Cuál es el tratamiento prioritario?",
    "opciones": {
      "opcion a": "Hidratación agresiva IV, alcalinización urinaria, monitoreo renal y electrolítico.",
      "opcion b": "Restricción de líquidos y esperar.",
      "opcion c": "Diálisis inmediata sin hidratación previa.",
      "opcion d": "Alta hospitalaria con seguimiento ambulatorio."
    },
    "respuesta_correcta": "opcion a"
  },
  {
    "id": 33,
    "tema": "Vejiga Neurogénica",
    "caso_clinico": "Paciente de 45 años con lesión medular completa T10. Retención urinaria crónica, múltiples infecciones urinarias. Reflujo vesicoureteral bilateral en estudios.",
    "pregunta": "¿Cuál es el manejo a largo plazo?",
    "opciones": {
      "opcion a": "Cateterismo intermitente limpio y profilaxis antibiótica según protocolo.",
      "opcion b": "Sonda permanente sin cambios regulares.",
      "opcion c": "No realizar cateterismo y esperar micción espontánea.",
      "opcion d": "Cirugía de vejiga inmediata sin intentar manejo conservador."
    },
    "respuesta_correcta": "opcion a"
  },
  {
    "id": 34,
    "tema": "Cáncer de Vejiga Hemorrágico",
    "caso_clinico": "Hombre de 70 años de edad con hematuria masiva y coágulos que obstruyen sonda vesical. Antecedente de cáncer vesical. Taquicárdico, PA 100/60 mmHg, palidez.",
    "pregunta": "¿Cuál es el manejo urgente?",
    "opciones": {
      "opcion a": "Irrigación vesical continua, resucitación con fluidos/transfusión, cistoscopia urgente.",
      "opcion b": "Observación sin intervención.",
      "opcion c": "Alta hospitalaria con seguimiento ambulatorio.",
      "opcion d": "Antibióticos orales solamente."
    },
    "respuesta_correcta": "opcion a"
  },
  {
    "id": 35,
    "tema": "Rotura Vesical Traumática",
    "caso_clinico": "Paciente de 32 años con trauma pélvico severo. Incapacidad para orinar, dolor suprapúbico intenso. Cistografía muestra extravasación de contraste a cavidad peritoneal.",
    "pregunta": "¿Qué tipo de rotura es y su manejo?",
    "opciones": {
      "opcion a": "Rotura intraperitoneal que requiere exploración quirúrgica y reparación urgente.",
      "opcion b": "Rotura extraperitoneal; manejo conservador con sonda.",
      "opcion c": "No requiere tratamiento específico.",
      "opcion d": "Observación domiciliaria."
    },
    "respuesta_correcta": "opcion a"
  },
  {
    "id": 36,
    "tema": "Síndrome de Lisis Tumoral",
    "caso_clinico": "Paciente ingresado con linfoma en quimioterapia. Presenta oliguria, creatinina elevada 5.8 mg/dL, potasio 7.2 mEq/L, fósforo 8.5 mg/dL, ácido úrico 15 mg/dL.",
    "pregunta": "¿Cuál es el diagnóstico y manejo inmediato?",
    "opciones": {
      "opcion a": "Síndrome de lisis tumoral; hidratación IV, alopurinol/rasburicasa, corrección electrolítica.",
      "opcion b": "Infección urinaria simple; antibióticos orales.",
      "opcion c": "Deshidratación leve; hidratación oral.",
      "opcion d": "No requiere tratamiento urgente."
    },
    "respuesta_correcta": "opcion a"
  },
  {
    "id": 37,
    "tema": "Pionefrosis",
    "caso_clinico": "Mujer de 55 años diabética con fiebre alta, dolor en flanco, sepsis. Ecografía muestra riñón izquierdo con hidronefrosis y contenido ecogénico compatible con pus.",
    "pregunta": "¿Cuál es el tratamiento urgente?",
    "opciones": {
      "opcion a": "Drenaje percutáneo urgente (nefrostomía) y antibióticos IV de amplio espectro.",
      "opcion b": "Antibióticos orales y esperar 72 horas.",
      "opcion c": "Alta hospitalaria inmediata.",
      "opcion d": "Nefrectomía sin intentar drenaje."
    },
    "respuesta_correcta": "opcion a"
  },
  {
    "id": 38,
    "tema": "Estenosis Uretral Severa",
    "caso_clinico": "Hombre de 50 años de edad con retenciones urinarias recurrentes. Antecedente de uretritis gonocócica. Uroflujometría muestra patrón obstructivo severo. Imposibilidad de cateterización.",
    "pregunta": "¿Cuál es el manejo inmediato si hay retención aguda?",
    "opciones": {
      "opcion a": "Cistostomía suprapúbica urgente para derivación temporal.",
      "opcion b": "Forzar cateterización uretral con traumatismo.",
      "opcion c": "Observación sin drenaje.",
      "opcion d": "Dilatación uretral forzada sin guía."
    },
    "respuesta_correcta": "opcion a"
  },
  {
    "id": 39,
    "tema": "Cólico Renal con Obstrucción",
    "caso_clinico": "Paciente de 38 años con dolor lumbar tipo cólico severo irradiado a genitales. Náuseas, vómitos. TAC muestra cálculo ureteral proximal de 6mm con hidronefrosis moderada.",
    "pregunta": "¿Cuál es el manejo inicial?",
    "opciones": {
      "opcion a": "Analgesia IV (AINEs/opioides), antieméticos, hidratación y valorar necesidad de urología.",
      "opcion b": "Cirugía abierta inmediata.",
      "opcion c": "Alta sin analgesia.",
      "opcion d": "Solo hidratación oral en casa."
    },
    "respuesta_correcta": "opcion a"
  },
  {
    "id": 40,
    "tema": "Cateterismo Vesical Complicado",
    "caso_clinico": "Enfermera intenta cateterizar paciente masculino post-cirugía prostática. Resistencia al avance del catéter. Sangrado uretral leve tras varios intentos fallidos.",
    "pregunta": "¿Cuál es la acción correcta?",
    "opciones": {
      "opcion a": "Suspender intentos, no forzar, solicitar valoración urológica para cateterización guiada.",
      "opcion b": "Continuar forzando el catéter hasta lograr pasar.",
      "opcion c": "Usar catéter de mayor calibre para forzar.",
      "opcion d": "Dejar al paciente sin drenaje urinario."
    },
    "respuesta_correcta": "opcion a"
  },
  {
    "id": 41,
    "tema": "Urología Crítica - Adultos",
    "caso_clinico": "Paciente masculino de 68 años en UCI con sepsis urinaria severa. Temperatura 39.5°C, FC 120 lpm, PA 85/50 mmHg. Antecedente de hiperplasia prostática. Orina turbia y fétida.",
    "pregunta": "¿Cuál es la primera intervención prioritaria?",
    "opciones": {
      "opcion a": "Antibióticos de amplio espectro IV inmediatos y reanimación con fluidos.",
      "opcion b": "Esperar resultados de urocultivo antes de antibióticos.",
      "opcion c": "Realizar prostatectomía urgente.",
      "opcion d": "Administrar únicamente analgésicos."
    },
    "respuesta_correcta": "opcion a"
  },
  {
    "id": 42,
    "tema": "Urología - Retención Urinaria Aguda",
    "caso_clinico": "Hombre de 72 años de edad ingresa con dolor suprapúbico intenso, incapacidad para orinar desde hace 12 horas. Distensión vesical palpable. Antecedente de HBP conocida.",
    "pregunta": "¿Cuál es el manejo inmediato?",
    "opciones": {
      "opcion a": "Cateterización uretral o suprapúbica urgente para descomprimir la vejiga.",
      "opcion b": "Administrar solo líquidos orales abundantes.",
      "opcion c": "Observación sin intervención por 24 horas.",
      "opcion d": "Diálisis inmediata."
    },
    "respuesta_correcta": "opcion a"
  },
  {
    "id": 43,
    "tema": "Litiasis Renal Complicada",
    "caso_clinico": "Mujer de 45 años con cólico nefrítico severo, fiebre de 38.8°C, náuseas y vómitos. TAC muestra cálculo ureteral de 8mm con hidronefrosis moderada.",
    "pregunta": "¿Cuál es el tratamiento más adecuado?",
    "opciones": {
      "opcion a": "Derivación urinaria urgente (catéter doble J o nefrostomía) y antibióticos.",
      "opcion b": "Manejo ambulatorio con analgésicos orales solamente.",
      "opcion c": "Litotricia extracorpórea inmediata sin estabilización.",
      "opcion d": "Esperar expulsión espontánea sin intervención."
    },
    "respuesta_correcta": "opcion a"
  },
  {
    "id": 44,
    "tema": "Traumatismo Renal",
    "caso_clinico": "Paciente ingresado de 28 años de edad víctima de accidente de tráfico. Hematuria macroscópica, dolor en flanco derecho. TAC con contraste muestra laceración renal grado III con hematoma perirrenal.",
    "pregunta": "¿Cuál es el manejo inicial apropiado?",
    "opciones": {
      "opcion a": "Manejo conservador con monitoreo hemodinámico estricto y reposo.",
      "opcion b": "Nefrectomía inmediata profiláctica.",
      "opcion c": "Alta hospitalaria inmediata.",
      "opcion d": "Ignorar el hallazgo y dar analgésicos."
    },
    "respuesta_correcta": "opcion a"
  },
  {
    "id": 45,
    "tema": "Pielonefritis Complicada",
    "caso_clinico": "Mujer diabética de 58 años con fiebre alta (40°C), escalofríos, dolor lumbar bilateral. Leucocitosis de 22,000. Orina con piuria severa. Antecedente de litiasis renal.",
    "pregunta": "¿Qué complicación debe sospecharse prioritariamente?",
    "opciones": {
      "opcion a": "Pionefrosis o absceso renal que requiere drenaje urgente.",
      "opcion b": "Cistitis simple sin complicaciones.",
      "opcion c": "Infección respiratoria viral.",
      "opcion d": "Deshidratación leve."
    },
    "respuesta_correcta": "opcion a"
  },
  {
    "id": 46,
    "tema": "Hematuria Macroscópica",
    "caso_clinico": "Hombre de 65 años de edad fumador con hematuria macroscópica indolora de 3 días de evolución. Sin trauma reciente. Estable hemodinámicamente.",
    "pregunta": "¿Cuál es la prioridad diagnóstica?",
    "opciones": {
      "opcion a": "Descartar neoplasia vesical mediante cistoscopia y estudios de imagen.",
      "opcion b": "Atribuir a infección urinaria sin más estudios.",
      "opcion c": "Dar alta sin seguimiento.",
      "opcion d": "Realizar solo análisis de orina básico."
    },
    "respuesta_correcta": "opcion a"
  },
  {
    "id": 47,
    "tema": "Insuficiencia Renal Aguda Obstructiva",
    "caso_clinico": "Paciente de 70 años con anuria de 24 horas, creatinina 6.5 mg/dL. Ecografía muestra hidronefrosis bilateral severa por obstrucción prostática.",
    "pregunta": "¿Cuál es el manejo urgente?",
    "opciones": {
      "opcion a": "Descompresión urinaria bilateral urgente (sonda o nefrostomías).",
      "opcion b": "Hemodiálisis sin descomprimir vía urinaria.",
      "opcion c": "Observación domiciliaria.",
      "opcion d": "Administrar solo diuréticos."
    },
    "respuesta_correcta": "opcion a"
  },
  {
    "id": 48,
    "tema": "Priapismo",
    "caso_clinico": "Hombre de 35 años de edad acude con erección dolorosa persistente de 6 horas de duración. Sin respuesta a medicación oral previa. Cuerpos cavernosos rígidos y dolorosos.",
    "pregunta": "¿Qué tipo de priapismo es más probable y su manejo?",
    "opciones": {
      "opcion a": "Priapismo isquémico que requiere aspiración y lavado de cuerpos cavernosos urgente.",
      "opcion b": "Priapismo de alto flujo que se resuelve solo.",
      "opcion c": "Condición benigna sin necesidad de tratamiento.",
      "opcion d": "Aplicar compresas frías solamente."
    },
    "respuesta_correcta": "opcion a"
  },
  {
    "id": 49,
    "tema": "Torsión Testicular",
    "caso_clinico": "Adolescente de 16 años con dolor testicular izquierdo súbito e intenso de 3 horas. Testículo elevado, reflejo cremastérico ausente, náuseas.",
    "pregunta": "¿Cuál es el diagnóstico más probable y manejo?",
    "opciones": {
      "opcion a": "Torsión testicular; exploración quirúrgica urgente en menos de 6 horas.",
      "opcion b": "Epididimitis; tratamiento antibiótico ambulatorio.",
      "opcion c": "Traumatismo leve; reposo domiciliario.",
      "opcion d": "Hidrocele; observación sin cirugía."
    },
    "respuesta_correcta": "opcion a"
  },
  {
    "id": 50,
    "tema": "Gangrena de Fournier",
    "caso_clinico": "Diabético de 62 años de edad con dolor perineal severo, fiebre alta, crepitación en escroto y periné. Piel necrótica y olor fétido. Leucocitosis severa.",
    "pregunta": "¿Cuál es la urgencia quirúrgica?",
    "opciones": {
      "opcion a": "Desbridamiento quirúrgico agresivo inmediato y antibióticos de amplio espectro.",
      "opcion b": "Antibióticos orales y observación ambulatoria.",
      "opcion c": "Compresas tibias locales solamente.",
      "opcion d": "Esperar 48 horas para reevaluar."
    },
    "respuesta_correcta": "opcion a"
  },
  {
    "id": 51,
    "tema": "Infección Urinaria en Embarazo",
    "caso_clinico": "Gestante de 28 semanas con fiebre, dolor lumbar derecho, náuseas. Leucocitosis, bacteriuria significativa. Estable hemodinámicamente pero taquicárdica.",
    "pregunta": "¿Cuál es el manejo adecuado?",
    "opciones": {
      "opcion a": "Hospitalización, antibióticos IV seguros en embarazo y monitoreo fetal.",
      "opcion b": "Antibióticos orales ambulatorios sin monitoreo.",
      "opcion c": "Inducción del parto inmediata.",
      "opcion d": "No dar tratamiento hasta el parto."
    },
    "respuesta_correcta": "opcion a"
  },
  {
    "id": 52,
    "tema": "Rabdomiólisis con Falla Renal",
    "caso_clinico": "Paciente ingresado de 40 años de edad post-trauma severo. Orina color marrón oscuro, CPK 85,000 U/L, creatinina 4.2 mg/dL, potasio 6.8 mEq/L. Oliguria.",
    "pregunta": "¿Cuál es el tratamiento prioritario?",
    "opciones": {
      "opcion a": "Hidratación agresiva IV, alcalinización urinaria, monitoreo renal y electrolítico.",
      "opcion b": "Restricción de líquidos y esperar.",
      "opcion c": "Diálisis inmediata sin hidratación previa.",
      "opcion d": "Alta hospitalaria con seguimiento ambulatorio."
    },
    "respuesta_correcta": "opcion a"
  },
  {
    "id": 53,
    "tema": "Vejiga Neurogénica",
    "caso_clinico": "Paciente de 45 años con lesión medular completa T10. Retención urinaria crónica, múltiples infecciones urinarias. Reflujo vesicoureteral bilateral en estudios.",
    "pregunta": "¿Cuál es el manejo a largo plazo?",
    "opciones": {
      "opcion a": "Cateterismo intermitente limpio y profilaxis antibiótica según protocolo.",
      "opcion b": "Sonda permanente sin cambios regulares.",
      "opcion c": "No realizar cateterismo y esperar micción espontánea.",
      "opcion d": "Cirugía de vejiga inmediata sin intentar manejo conservador."
    },
    "respuesta_correcta": "opcion a"
  },
  {
    "id": 54,
    "tema": "Cáncer de Vejiga Hemorrágico",
    "caso_clinico": "Hombre de 70 años de edad con hematuria masiva y coágulos que obstruyen sonda vesical. Antecedente de cáncer vesical. Taquicárdico, PA 100/60 mmHg, palidez.",
    "pregunta": "¿Cuál es el manejo urgente?",
    "opciones": {
      "opcion a": "Irrigación vesical continua, resucitación con fluidos/transfusión, cistoscopia urgente.",
      "opcion b": "Observación sin intervención.",
      "opcion c": "Alta hospitalaria con seguimiento ambulatorio.",
      "opcion d": "Antibióticos orales solamente."
    },
    "respuesta_correcta": "opcion a"
  },
  {
    "id": 55,
    "tema": "Rotura Vesical Traumática",
    "caso_clinico": "Paciente de 32 años con trauma pélvico severo. Incapacidad para orinar, dolor suprapúbico intenso. Cistografía muestra extravasación de contraste a cavidad peritoneal.",
    "pregunta": "¿Qué tipo de rotura es y su manejo?",
    "opciones": {
      "opcion a": "Rotura intraperitoneal que requiere exploración quirúrgica y reparación urgente.",
      "opcion b": "Rotura extraperitoneal; manejo conservador con sonda.",
      "opcion c": "No requiere tratamiento específico.",
      "opcion d": "Observación domiciliaria."
    },
    "respuesta_correcta": "opcion a"
  },
  {
    "id": 56,
    "tema": "Síndrome de Lisis Tumoral",
    "caso_clinico": "Paciente ingresado con linfoma en quimioterapia. Presenta oliguria, creatinina elevada 5.8 mg/dL, potasio 7.2 mEq/L, fósforo 8.5 mg/dL, ácido úrico 15 mg/dL.",
    "pregunta": "¿Cuál es el diagnóstico y manejo inmediato?",
    "opciones": {
      "opcion a": "Síndrome de lisis tumoral; hidratación IV, alopurinol/rasburicasa, corrección electrolítica.",
      "opcion b": "Infección urinaria simple; antibióticos orales.",
      "opcion c": "Deshidratación leve; hidratación oral.",
      "opcion d": "No requiere tratamiento urgente."
    },
    "respuesta_correcta": "opcion a"
  },
  {
    "id": 57,
    "tema": "Pionefrosis",
    "caso_clinico": "Mujer de 55 años diabética con fiebre alta, dolor en flanco, sepsis. Ecografía muestra riñón izquierdo con hidronefrosis y contenido ecogénico compatible con pus.",
    "pregunta": "¿Cuál es el tratamiento urgente?",
    "opciones": {
      "opcion a": "Drenaje percutáneo urgente (nefrostomía) y antibióticos IV de amplio espectro.",
      "opcion b": "Antibióticos orales y esperar 72 horas.",
      "opcion c": "Alta hospitalaria inmediata.",
      "opcion d": "Nefrectomía sin intentar drenaje."
    },
    "respuesta_correcta": "opcion a"
  },
  {
    "id": 58,
    "tema": "Estenosis Uretral Severa",
    "caso_clinico": "Hombre de 50 años de edad con retenciones urinarias recurrentes. Antecedente de uretritis gonocócica. Uroflujometría muestra patrón obstructivo severo. Imposibilidad de cateterización.",
    "pregunta": "¿Cuál es el manejo inmediato si hay retención aguda?",
    "opciones": {
      "opcion a": "Cistostomía suprapúbica urgente para derivación temporal.",
      "opcion b": "Forzar cateterización uretral con traumatismo.",
      "opcion c": "Observación sin drenaje.",
      "opcion d": "Dilatación uretral forzada sin guía."
    },
    "respuesta_correcta": "opcion a"
  },
  {
    "id": 59,
    "tema": "Cólico Renal con Obstrucción",
    "caso_clinico": "Paciente de 38 años con dolor lumbar tipo cólico severo irradiado a genitales. Náuseas, vómitos. TAC muestra cálculo ureteral proximal de 6mm con hidronefrosis moderada.",
    "pregunta": "¿Cuál es el manejo inicial?",
    "opciones": {
      "opcion a": "Analgesia IV (AINEs/opioides), antieméticos, hidratación y valorar necesidad de urología.",
      "opcion b": "Cirugía abierta inmediata.",
      "opcion c": "Alta sin analgesia.",
      "opcion d": "Solo hidratación oral en casa."
    },
    "respuesta_correcta": "opcion a"
  },
  {
    "id": 60,
    "tema": "Cateterismo Vesical Complicado",
    "caso_clinico": "Enfermera intenta cateterizar paciente masculino post-cirugía prostática. Resistencia al avance del catéter. Sangrado uretral leve tras varios intentos fallidos.",
    "pregunta": "¿Cuál es la acción correcta?",
    "opciones": {
      "opcion a": "Suspender intentos, no forzar, solicitar valoración urológica para cateterización guiada.",
      "opcion b": "Continuar forzando el catéter hasta lograr pasar.",
      "opcion c": "Usar catéter de mayor calibre para forzar.",
      "opcion d": "Dejar al paciente sin drenaje urinario."
    },
    "respuesta_correcta": "opcion a"
  },
  {
    "id": 61,
    "tema": "Urología Crítica - Adultos",
    "caso_clinico": "Paciente masculino de 68 años en UCI con sepsis urinaria severa. Temperatura 39.5°C, FC 120 lpm, PA 85/50 mmHg. Antecedente de hiperplasia prostática. Orina turbia y fétida.",
    "pregunta": "¿Cuál es la primera intervención prioritaria?",
    "opciones": {
      "opcion a": "Antibióticos de amplio espectro IV inmediatos y reanimación con fluidos.",
      "opcion b": "Esperar resultados de urocultivo antes de antibióticos.",
      "opcion c": "Realizar prostatectomía urgente.",
      "opcion d": "Administrar únicamente analgésicos."
    },
    "respuesta_correcta": "opcion a"
  },
  {
    "id": 62,
    "tema": "Urología - Retención Urinaria Aguda",
    "caso_clinico": "Hombre de 72 años de edad ingresa con dolor suprapúbico intenso, incapacidad para orinar desde hace 12 horas. Distensión vesical palpable. Antecedente de HBP conocida.",
    "pregunta": "¿Cuál es el manejo inmediato?",
    "opciones": {
      "opcion a": "Cateterización uretral o suprapúbica urgente para descomprimir la vejiga.",
      "opcion b": "Administrar solo líquidos orales abundantes.",
      "opcion c": "Observación sin intervención por 24 horas.",
      "opcion d": "Diálisis inmediata."
    },
    "respuesta_correcta": "opcion a"
  },
  {
    "id": 63,
    "tema": "Litiasis Renal Complicada",
    "caso_clinico": "Mujer de 45 años con cólico nefrítico severo, fiebre de 38.8°C, náuseas y vómitos. TAC muestra cálculo ureteral de 8mm con hidronefrosis moderada.",
    "pregunta": "¿Cuál es el tratamiento más adecuado?",
    "opciones": {
      "opcion a": "Derivación urinaria urgente (catéter doble J o nefrostomía) y antibióticos.",
      "opcion b": "Manejo ambulatorio con analgésicos orales solamente.",
      "opcion c": "Litotricia extracorpórea inmediata sin estabilización.",
      "opcion d": "Esperar expulsión espontánea sin intervención."
    },
    "respuesta_correcta": "opcion a"
  },
  {
    "id": 64,
    "tema": "Traumatismo Renal",
    "caso_clinico": "Paciente ingresado de 28 años de edad víctima de accidente de tráfico. Hematuria macroscópica, dolor en flanco derecho. TAC con contraste muestra laceración renal grado III con hematoma perirrenal.",
    "pregunta": "¿Cuál es el manejo inicial apropiado?",
    "opciones": {
      "opcion a": "Manejo conservador con monitoreo hemodinámico estricto y reposo.",
      "opcion b": "Nefrectomía inmediata profiláctica.",
      "opcion c": "Alta hospitalaria inmediata.",
      "opcion d": "Ignorar el hallazgo y dar analgésicos."
    },
    "respuesta_correcta": "opcion a"
  },
  {
    "id": 65,
    "tema": "Pielonefritis Complicada",
    "caso_clinico": "Mujer diabética de 58 años con fiebre alta (40°C), escalofríos, dolor lumbar bilateral. Leucocitosis de 22,000. Orina con piuria severa. Antecedente de litiasis renal.",
    "pregunta": "¿Qué complicación debe sospecharse prioritariamente?",
    "opciones": {
      "opcion a": "Pionefrosis o absceso renal que requiere drenaje urgente.",
      "opcion b": "Cistitis simple sin complicaciones.",
      "opcion c": "Infección respiratoria viral.",
      "opcion d": "Deshidratación leve."
    },
    "respuesta_correcta": "opcion a"
  },
  {
    "id": 66,
    "tema": "Hematuria Macroscópica",
    "caso_clinico": "Hombre de 65 años de edad fumador con hematuria macroscópica indolora de 3 días de evolución. Sin trauma reciente. Estable hemodinámicamente.",
    "pregunta": "¿Cuál es la prioridad diagnóstica?",
    "opciones": {
      "opcion a": "Descartar neoplasia vesical mediante cistoscopia y estudios de imagen.",
      "opcion b": "Atribuir a infección urinaria sin más estudios.",
      "opcion c": "Dar alta sin seguimiento.",
      "opcion d": "Realizar solo análisis de orina básico."
    },
    "respuesta_correcta": "opcion a"
  },
  {
    "id": 67,
    "tema": "Insuficiencia Renal Aguda Obstructiva",
    "caso_clinico": "Paciente de 70 años con anuria de 24 horas, creatinina 6.5 mg/dL. Ecografía muestra hidronefrosis bilateral severa por obstrucción prostática.",
    "pregunta": "¿Cuál es el manejo urgente?",
    "opciones": {
      "opcion a": "Descompresión urinaria bilateral urgente (sonda o nefrostomías).",
      "opcion b": "Hemodiálisis sin descomprimir vía urinaria.",
      "opcion c": "Observación domiciliaria.",
      "opcion d": "Administrar solo diuréticos."
    },
    "respuesta_correcta": "opcion a"
  },
  {
    "id": 68,
    "tema": "Priapismo",
    "caso_clinico": "Hombre de 35 años de edad acude con erección dolorosa persistente de 6 horas de duración. Sin respuesta a medicación oral previa. Cuerpos cavernosos rígidos y dolorosos.",
    "pregunta": "¿Qué tipo de priapismo es más probable y su manejo?",
    "opciones": {
      "opcion a": "Priapismo isquémico que requiere aspiración y lavado de cuerpos cavernosos urgente.",
      "opcion b": "Priapismo de alto flujo que se resuelve solo.",
      "opcion c": "Condición benigna sin necesidad de tratamiento.",
      "opcion d": "Aplicar compresas frías solamente."
    },
    "respuesta_correcta": "opcion a"
  },
  {
    "id": 69,
    "tema": "Torsión Testicular",
    "caso_clinico": "Adolescente de 16 años con dolor testicular izquierdo súbito e intenso de 3 horas. Testículo elevado, reflejo cremastérico ausente, náuseas.",
    "pregunta": "¿Cuál es el diagnóstico más probable y manejo?",
    "opciones": {
      "opcion a": "Torsión testicular; exploración quirúrgica urgente en menos de 6 horas.",
      "opcion b": "Epididimitis; tratamiento antibiótico ambulatorio.",
      "opcion c": "Traumatismo leve; reposo domiciliario.",
      "opcion d": "Hidrocele; observación sin cirugía."
    },
    "respuesta_correcta": "opcion a"
  },
  {
    "id": 70,
    "tema": "Gangrena de Fournier",
    "caso_clinico": "Diabético de 62 años de edad con dolor perineal severo, fiebre alta, crepitación en escroto y periné. Piel necrótica y olor fétido. Leucocitosis severa.",
    "pregunta": "¿Cuál es la urgencia quirúrgica?",
    "opciones": {
      "opcion a": "Desbridamiento quirúrgico agresivo inmediato y antibióticos de amplio espectro.",
      "opcion b": "Antibióticos orales y observación ambulatoria.",
      "opcion c": "Compresas tibias locales solamente.",
      "opcion d": "Esperar 48 horas para reevaluar."
    },
    "respuesta_correcta": "opcion a"
  },
  {
    "id": 71,
    "tema": "Infección Urinaria en Embarazo",
    "caso_clinico": "Gestante de 28 semanas con fiebre, dolor lumbar derecho, náuseas. Leucocitosis, bacteriuria significativa. Estable hemodinámicamente pero taquicárdica.",
    "pregunta": "¿Cuál es el manejo adecuado?",
    "opciones": {
      "opcion a": "Hospitalización, antibióticos IV seguros en embarazo y monitoreo fetal.",
      "opcion b": "Antibióticos orales ambulatorios sin monitoreo.",
      "opcion c": "Inducción del parto inmediata.",
      "opcion d": "No dar tratamiento hasta el parto."
    },
    "respuesta_correcta": "opcion a"
  },
  {
    "id": 72,
    "tema": "Rabdomiólisis con Falla Renal",
    "caso_clinico": "Paciente ingresado de 40 años de edad post-trauma severo. Orina color marrón oscuro, CPK 85,000 U/L, creatinina 4.2 mg/dL, potasio 6.8 mEq/L. Oliguria.",
    "pregunta": "¿Cuál es el tratamiento prioritario?",
    "opciones": {
      "opcion a": "Hidratación agresiva IV, alcalinización urinaria, monitoreo renal y electrolítico.",
      "opcion b": "Restricción de líquidos y esperar.",
      "opcion c": "Diálisis inmediata sin hidratación previa.",
      "opcion d": "Alta hospitalaria con seguimiento ambulatorio."
    },
    "respuesta_correcta": "opcion a"
  },
  {
    "id": 73,
    "tema": "Vejiga Neurogénica",
    "caso_clinico": "Paciente de 45 años con lesión medular completa T10. Retención urinaria crónica, múltiples infecciones urinarias. Reflujo vesicoureteral bilateral en estudios.",
    "pregunta": "¿Cuál es el manejo a largo plazo?",
    "opciones": {
      "opcion a": "Cateterismo intermitente limpio y profilaxis antibiótica según protocolo.",
      "opcion b": "Sonda permanente sin cambios regulares.",
      "opcion c": "No realizar cateterismo y esperar micción espontánea.",
      "opcion d": "Cirugía de vejiga inmediata sin intentar manejo conservador."
    },
    "respuesta_correcta": "opcion a"
  },
  {
    "id": 74,
    "tema": "Cáncer de Vejiga Hemorrágico",
    "caso_clinico": "Hombre de 70 años de edad con hematuria masiva y coágulos que obstruyen sonda vesical. Antecedente de cáncer vesical. Taquicárdico, PA 100/60 mmHg, palidez.",
    "pregunta": "¿Cuál es el manejo urgente?",
    "opciones": {
      "opcion a": "Irrigación vesical continua, resucitación con fluidos/transfusión, cistoscopia urgente.",
      "opcion b": "Observación sin intervención.",
      "opcion c": "Alta hospitalaria con seguimiento ambulatorio.",
      "opcion d": "Antibióticos orales solamente."
    },
    "respuesta_correcta": "opcion a"
  },
  {
    "id": 75,
    "tema": "Rotura Vesical Traumática",
    "caso_clinico": "Paciente de 32 años con trauma pélvico severo. Incapacidad para orinar, dolor suprapúbico intenso. Cistografía muestra extravasación de contraste a cavidad peritoneal.",
    "pregunta": "¿Qué tipo de rotura es y su manejo?",
    "opciones": {
      "opcion a": "Rotura intraperitoneal que requiere exploración quirúrgica y reparación urgente.",
      "opcion b": "Rotura extraperitoneal; manejo conservador con sonda.",
      "opcion c": "No requiere tratamiento específico.",
      "opcion d": "Observación domiciliaria."
    },
    "respuesta_correcta": "opcion a"
  },
  {
    "id": 76,
    "tema": "Síndrome de Lisis Tumoral",
    "caso_clinico": "Paciente ingresado con linfoma en quimioterapia. Presenta oliguria, creatinina elevada 5.8 mg/dL, potasio 7.2 mEq/L, fósforo 8.5 mg/dL, ácido úrico 15 mg/dL.",
    "pregunta": "¿Cuál es el diagnóstico y manejo inmediato?",
    "opciones": {
      "opcion a": "Síndrome de lisis tumoral; hidratación IV, alopurinol/rasburicasa, corrección electrolítica.",
      "opcion b": "Infección urinaria simple; antibióticos orales.",
      "opcion c": "Deshidratación leve; hidratación oral.",
      "opcion d": "No requiere tratamiento urgente."
    },
    "respuesta_correcta": "opcion a"
  },
  {
    "id": 77,
    "tema": "Pionefrosis",
    "caso_clinico": "Mujer de 55 años diabética con fiebre alta, dolor en flanco, sepsis. Ecografía muestra riñón izquierdo con hidronefrosis y contenido ecogénico compatible con pus.",
    "pregunta": "¿Cuál es el tratamiento urgente?",
    "opciones": {
      "opcion a": "Drenaje percutáneo urgente (nefrostomía) y antibióticos IV de amplio espectro.",
      "opcion b": "Antibióticos orales y esperar 72 horas.",
      "opcion c": "Alta hospitalaria inmediata.",
      "opcion d": "Nefrectomía sin intentar drenaje."
    },
    "respuesta_correcta": "opcion a"
  },
  {
    "id": 78,
    "tema": "Estenosis Uretral Severa",
    "caso_clinico": "Hombre de 50 años de edad con retenciones urinarias recurrentes. Antecedente de uretritis gonocócica. Uroflujometría muestra patrón obstructivo severo. Imposibilidad de cateterización.",
    "pregunta": "¿Cuál es el manejo inmediato si hay retención aguda?",
    "opciones": {
      "opcion a": "Cistostomía suprapúbica urgente para derivación temporal.",
      "opcion b": "Forzar cateterización uretral con traumatismo.",
      "opcion c": "Observación sin drenaje.",
      "opcion d": "Dilatación uretral forzada sin guía."
    },
    "respuesta_correcta": "opcion a"
  },
  {
    "id": 79,
    "tema": "Cólico Renal con Obstrucción",
    "caso_clinico": "Paciente de 38 años con dolor lumbar tipo cólico severo irradiado a genitales. Náuseas, vómitos. TAC muestra cálculo ureteral proximal de 6mm con hidronefrosis moderada.",
    "pregunta": "¿Cuál es el manejo inicial?",
    "opciones": {
      "opcion a": "Analgesia IV (AINEs/opioides), antieméticos, hidratación y valorar necesidad de urología.",
      "opcion b": "Cirugía abierta inmediata.",
      "opcion c": "Alta sin analgesia.",
      "opcion d": "Solo hidratación oral en casa."
    },
    "respuesta_correcta": "opcion a"
  },
  {
    "id": 80,
    "tema": "Cateterismo Vesical Complicado",
    "caso_clinico": "Enfermera intenta cateterizar paciente masculino post-cirugía prostática. Resistencia al avance del catéter. Sangrado uretral leve tras varios intentos fallidos.",
    "pregunta": "¿Cuál es la acción correcta?",
    "opciones": {
      "opcion a": "Suspender intentos, no forzar, solicitar valoración urológica para cateterización guiada.",
      "opcion b": "Continuar forzando el catéter hasta lograr pasar.",
      "opcion c": "Usar catéter de mayor calibre para forzar.",
      "opcion d": "Dejar al paciente sin drenaje urinario."
    },
    "respuesta_correcta": "opcion a"
  },
  {
    "id": 81,
    "tema": "Urología Crítica - Adultos",
    "caso_clinico": "Paciente masculino de 68 años en UCI con sepsis urinaria severa. Temperatura 39.5°C, FC 120 lpm, PA 85/50 mmHg. Antecedente de hiperplasia prostática. Orina turbia y fétida.",
    "pregunta": "¿Cuál es la primera intervención prioritaria?",
    "opciones": {
      "opcion a": "Antibióticos de amplio espectro IV inmediatos y reanimación con fluidos.",
      "opcion b": "Esperar resultados de urocultivo antes de antibióticos.",
      "opcion c": "Realizar prostatectomía urgente.",
      "opcion d": "Administrar únicamente analgésicos."
    },
    "respuesta_correcta": "opcion a"
  },
  {
    "id": 82,
    "tema": "Urología - Retención Urinaria Aguda",
    "caso_clinico": "Hombre de 72 años de edad ingresa con dolor suprapúbico intenso, incapacidad para orinar desde hace 12 horas. Distensión vesical palpable. Antecedente de HBP conocida.",
    "pregunta": "¿Cuál es el manejo inmediato?",
    "opciones": {
      "opcion a": "Cateterización uretral o suprapúbica urgente para descomprimir la vejiga.",
      "opcion b": "Administrar solo líquidos orales abundantes.",
      "opcion c": "Observación sin intervención por 24 horas.",
      "opcion d": "Diálisis inmediata."
    },
    "respuesta_correcta": "opcion a"
  },
  {
    "id": 83,
    "tema": "Litiasis Renal Complicada",
    "caso_clinico": "Mujer de 45 años con cólico nefrítico severo, fiebre de 38.8°C, náuseas y vómitos. TAC muestra cálculo ureteral de 8mm con hidronefrosis moderada.",
    "pregunta": "¿Cuál es el tratamiento más adecuado?",
    "opciones": {
      "opcion a": "Derivación urinaria urgente (catéter doble J o nefrostomía) y antibióticos.",
      "opcion b": "Manejo ambulatorio con analgésicos orales solamente.",
      "opcion c": "Litotricia extracorpórea inmediata sin estabilización.",
      "opcion d": "Esperar expulsión espontánea sin intervención."
    },
    "respuesta_correcta": "opcion a"
  },
  {
    "id": 84,
    "tema": "Traumatismo Renal",
    "caso_clinico": "Paciente ingresado de 28 años de edad víctima de accidente de tráfico. Hematuria macroscópica, dolor en flanco derecho. TAC con contraste muestra laceración renal grado III con hematoma perirrenal.",
    "pregunta": "¿Cuál es el manejo inicial apropiado?",
    "opciones": {
      "opcion a": "Manejo conservador con monitoreo hemodinámico estricto y reposo.",
      "opcion b": "Nefrectomía inmediata profiláctica.",
      "opcion c": "Alta hospitalaria inmediata.",
      "opcion d": "Ignorar el hallazgo y dar analgésicos."
    },
    "respuesta_correcta": "opcion a"
  },
  {
    "id": 85,
    "tema": "Pielonefritis Complicada",
    "caso_clinico": "Mujer diabética de 58 años con fiebre alta (40°C), escalofríos, dolor lumbar bilateral. Leucocitosis de 22,000. Orina con piuria severa. Antecedente de litiasis renal.",
    "pregunta": "¿Qué complicación debe sospecharse prioritariamente?",
    "opciones": {
      "opcion a": "Pionefrosis o absceso renal que requiere drenaje urgente.",
      "opcion b": "Cistitis simple sin complicaciones.",
      "opcion c": "Infección respiratoria viral.",
      "opcion d": "Deshidratación leve."
    },
    "respuesta_correcta": "opcion a"
  },
  {
    "id": 86,
    "tema": "Hematuria Macroscópica",
    "caso_clinico": "Hombre de 65 años de edad fumador con hematuria macroscópica indolora de 3 días de evolución. Sin trauma reciente. Estable hemodinámicamente.",
    "pregunta": "¿Cuál es la prioridad diagnóstica?",
    "opciones": {
      "opcion a": "Descartar neoplasia vesical mediante cistoscopia y estudios de imagen.",
      "opcion b": "Atribuir a infección urinaria sin más estudios.",
      "opcion c": "Dar alta sin seguimiento.",
      "opcion d": "Realizar solo análisis de orina básico."
    },
    "respuesta_correcta": "opcion a"
  },
  {
    "id": 87,
    "tema": "Insuficiencia Renal Aguda Obstructiva",
    "caso_clinico": "Paciente de 70 años con anuria de 24 horas, creatinina 6.5 mg/dL. Ecografía muestra hidronefrosis bilateral severa por obstrucción prostática.",
    "pregunta": "¿Cuál es el manejo urgente?",
    "opciones": {
      "opcion a": "Descompresión urinaria bilateral urgente (sonda o nefrostomías).",
      "opcion b": "Hemodiálisis sin descomprimir vía urinaria.",
      "opcion c": "Observación domiciliaria.",
      "opcion d": "Administrar solo diuréticos."
    },
    "respuesta_correcta": "opcion a"
  },
  {
    "id": 88,
    "tema": "Priapismo",
    "caso_clinico": "Hombre de 35 años de edad acude con erección dolorosa persistente de 6 horas de duración. Sin respuesta a medicación oral previa. Cuerpos cavernosos rígidos y dolorosos.",
    "pregunta": "¿Qué tipo de priapismo es más probable y su manejo?",
    "opciones": {
      "opcion a": "Priapismo isquémico que requiere aspiración y lavado de cuerpos cavernosos urgente.",
      "opcion b": "Priapismo de alto flujo que se resuelve solo.",
      "opcion c": "Condición benigna sin necesidad de tratamiento.",
      "opcion d": "Aplicar compresas frías solamente."
    },
    "respuesta_correcta": "opcion a"
  },
  {
    "id": 89,
    "tema": "Torsión Testicular",
    "caso_clinico": "Adolescente de 16 años con dolor testicular izquierdo súbito e intenso de 3 horas. Testículo elevado, reflejo cremastérico ausente, náuseas.",
    "pregunta": "¿Cuál es el diagnóstico más probable y manejo?",
    "opciones": {
      "opcion a": "Torsión testicular; exploración quirúrgica urgente en menos de 6 horas.",
      "opcion b": "Epididimitis; tratamiento antibiótico ambulatorio.",
      "opcion c": "Traumatismo leve; reposo domiciliario.",
      "opcion d": "Hidrocele; observación sin cirugía."
    },
    "respuesta_correcta": "opcion a"
  },
  {
    "id": 90,
    "tema": "Gangrena de Fournier",
    "caso_clinico": "Diabético de 62 años de edad con dolor perineal severo, fiebre alta, crepitación en escroto y periné. Piel necrótica y olor fétido. Leucocitosis severa.",
    "pregunta": "¿Cuál es la urgencia quirúrgica?",
    "opciones": {
      "opcion a": "Desbridamiento quirúrgico agresivo inmediato y antibióticos de amplio espectro.",
      "opcion b": "Antibióticos orales y observación ambulatoria.",
      "opcion c": "Compresas tibias locales solamente.",
      "opcion d": "Esperar 48 horas para reevaluar."
    },
    "respuesta_correcta": "opcion a"
  },
  {
    "id": 91,
    "tema": "Infección Urinaria en Embarazo",
    "caso_clinico": "Gestante de 28 semanas con fiebre, dolor lumbar derecho, náuseas. Leucocitosis, bacteriuria significativa. Estable hemodinámicamente pero taquicárdica.",
    "pregunta": "¿Cuál es el manejo adecuado?",
    "opciones": {
      "opcion a": "Hospitalización, antibióticos IV seguros en embarazo y monitoreo fetal.",
      "opcion b": "Antibióticos orales ambulatorios sin monitoreo.",
      "opcion c": "Inducción del parto inmediata.",
      "opcion d": "No dar tratamiento hasta el parto."
    },
    "respuesta_correcta": "opcion a"
  },
  {
    "id": 92,
    "tema": "Rabdomiólisis con Falla Renal",
    "caso_clinico": "Paciente ingresado de 40 años de edad post-trauma severo. Orina color marrón oscuro, CPK 85,000 U/L, creatinina 4.2 mg/dL, potasio 6.8 mEq/L. Oliguria.",
    "pregunta": "¿Cuál es el tratamiento prioritario?",
    "opciones": {
      "opcion a": "Hidratación agresiva IV, alcalinización urinaria, monitoreo renal y electrolítico.",
      "opcion b": "Restricción de líquidos y esperar.",
      "opcion c": "Diálisis inmediata sin hidratación previa.",
      "opcion d": "Alta hospitalaria con seguimiento ambulatorio."
    },
    "respuesta_correcta": "opcion a"
  },
  {
    "id": 93,
    "tema": "Vejiga Neurogénica",
    "caso_clinico": "Paciente de 45 años con lesión medular completa T10. Retención urinaria crónica, múltiples infecciones urinarias. Reflujo vesicoureteral bilateral en estudios.",
    "pregunta": "¿Cuál es el manejo a largo plazo?",
    "opciones": {
      "opcion a": "Cateterismo intermitente limpio y profilaxis antibiótica según protocolo.",
      "opcion b": "Sonda permanente sin cambios regulares.",
      "opcion c": "No realizar cateterismo y esperar micción espontánea.",
      "opcion d": "Cirugía de vejiga inmediata sin intentar manejo conservador."
    },
    "respuesta_correcta": "opcion a"
  },
  {
    "id": 94,
    "tema": "Cáncer de Vejiga Hemorrágico",
    "caso_clinico": "Hombre de 70 años de edad con hematuria masiva y coágulos que obstruyen sonda vesical. Antecedente de cáncer vesical. Taquicárdico, PA 100/60 mmHg, palidez.",
    "pregunta": "¿Cuál es el manejo urgente?",
    "opciones": {
      "opcion a": "Irrigación vesical continua, resucitación con fluidos/transfusión, cistoscopia urgente.",
      "opcion b": "Observación sin intervención.",
      "opcion c": "Alta hospitalaria con seguimiento ambulatorio.",
      "opcion d": "Antibióticos orales solamente."
    },
    "respuesta_correcta": "opcion a"
  },
  {
    "id": 95,
    "tema": "Rotura Vesical Traumática",
    "caso_clinico": "Paciente de 32 años con trauma pélvico severo. Incapacidad para orinar, dolor suprapúbico intenso. Cistografía muestra extravasación de contraste a cavidad peritoneal.",
    "pregunta": "¿Qué tipo de rotura es y su manejo?",
    "opciones": {
      "opcion a": "Rotura intraperitoneal que requiere exploración quirúrgica y reparación urgente.",
      "opcion b": "Rotura extraperitoneal; manejo conservador con sonda.",
      "opcion c": "No requiere tratamiento específico.",
      "opcion d": "Observación domiciliaria."
    },
    "respuesta_correcta": "opcion a"
  },
  {
    "id": 96,
    "tema": "Síndrome de Lisis Tumoral",
    "caso_clinico": "Paciente ingresado con linfoma en quimioterapia. Presenta oliguria, creatinina elevada 5.8 mg/dL, potasio 7.2 mEq/L, fósforo 8.5 mg/dL, ácido úrico 15 mg/dL.",
    "pregunta": "¿Cuál es el diagnóstico y manejo inmediato?",
    "opciones": {
      "opcion a": "Síndrome de lisis tumoral; hidratación IV, alopurinol/rasburicasa, corrección electrolítica.",
      "opcion b": "Infección urinaria simple; antibióticos orales.",
      "opcion c": "Deshidratación leve; hidratación oral.",
      "opcion d": "No requiere tratamiento urgente."
    },
    "respuesta_correcta": "opcion a"
  },
  {
    "id": 97,
    "tema": "Pionefrosis",
    "caso_clinico": "Mujer de 55 años diabética con fiebre alta, dolor en flanco, sepsis. Ecografía muestra riñón izquierdo con hidronefrosis y contenido ecogénico compatible con pus.",
    "pregunta": "¿Cuál es el tratamiento urgente?",
    "opciones": {
      "opcion a": "Drenaje percutáneo urgente (nefrostomía) y antibióticos IV de amplio espectro.",
      "opcion b": "Antibióticos orales y esperar 72 horas.",
      "opcion c": "Alta hospitalaria inmediata.",
      "opcion d": "Nefrectomía sin intentar drenaje."
    },
    "respuesta_correcta": "opcion a"
  },
  {
    "id": 98,
    "tema": "Estenosis Uretral Severa",
    "caso_clinico": "Hombre de 50 años de edad con retenciones urinarias recurrentes. Antecedente de uretritis gonocócica. Uroflujometría muestra patrón obstructivo severo. Imposibilidad de cateterización.",
    "pregunta": "¿Cuál es el manejo inmediato si hay retención aguda?",
    "opciones": {
      "opcion a": "Cistostomía suprapúbica urgente para derivación temporal.",
      "opcion b": "Forzar cateterización uretral con traumatismo.",
      "opcion c": "Observación sin drenaje.",
      "opcion d": "Dilatación uretral forzada sin guía."
    },
    "respuesta_correcta": "opcion a"
  },
  {
    "id": 99,
    "tema": "Cólico Renal con Obstrucción",
    "caso_clinico": "Paciente de 38 años con dolor lumbar tipo cólico severo irradiado a genitales. Náuseas, vómitos. TAC muestra cálculo ureteral proximal de 6mm con hidronefrosis moderada.",
    "pregunta": "¿Cuál es el manejo inicial?",
    "opciones": {
      "opcion a": "Analgesia IV (AINEs/opioides), antieméticos, hidratación y valorar necesidad de urología.",
      "opcion b": "Cirugía abierta inmediata.",
      "opcion c": "Alta sin analgesia.",
      "opcion d": "Solo hidratación oral en casa."
    },
    "respuesta_correcta": "opcion a"
  },
  {
    "id": 100,
    "tema": "Cateterismo Vesical Complicado",
    "caso_clinico": "Enfermera intenta cateterizar paciente masculino post-cirugía prostática. Resistencia al avance del catéter. Sangrado uretral leve tras varios intentos fallidos.",
    "pregunta": "¿Cuál es la acción correcta?",
    "opciones": {
      "opcion a": "Suspender intentos, no forzar, solicitar valoración urológica para cateterización guiada.",
      "opcion b": "Continuar forzando el catéter hasta lograr pasar.",
      "opcion c": "Usar catéter de mayor calibre para forzar.",
      "opcion d": "Dejar al paciente sin drenaje urinario."
    },
    "respuesta_correcta": "opcion a"
  }
]