<?xml version="1.0" encoding="UTF-8"?>
<project version="4">
  <component name="AutoImportSettings">
    <option name="autoReloadType" value="SELECTIVE" />
  </component>
  <component name="ChangeListManager">
    <list default="true" id="1877bac6-6b55-4372-a19d-a8b653462223" name="Changes" comment="">
      <change beforePath="$PROJECT_DIR$/index.html" beforeDir="false" afterPath="$PROJECT_DIR$/index.html" afterDir="false" />
      <change beforePath="$PROJECT_DIR$/js/modal_script.js" beforeDir="false" afterPath="$PROJECT_DIR$/js/modal_script.js" afterDir="false" />
      <change beforePath="$PROJECT_DIR$/style/general_style.css" beforeDir="false" afterPath="$PROJECT_DIR$/style/general_style.css" afterDir="false" />
      <change beforePath="$PROJECT_DIR$/style/modal_style.css" beforeDir="false" afterPath="$PROJECT_DIR$/style/modal_style.css" afterDir="false" />
      <change beforePath="$PROJECT_DIR$/style/search_style.css" beforeDir="false" afterPath="$PROJECT_DIR$/style/search_style.css" afterDir="false" />
    </list>
    <option name="SHOW_DIALOG" value="false" />
    <option name="HIGHLIGHT_CONFLICTS" value="true" />
    <option name="HIGHLIGHT_NON_ACTIVE_CHANGELIST" value="false" />
    <option name="LAST_RESOLUTION" value="IGNORE" />
  </component>
  <component name="Git.Settings">
    <option name="RECENT_GIT_ROOT_PATH" value="$PROJECT_DIR$" />
  </component>
  <component name="ProjectColorInfo">{
  &quot;associatedIndex&quot;: 7
}</component>
  <component name="ProjectId" id="2SajVthwB2UM1HwSLTCHsCIthzA" />
  <component name="ProjectViewState">
    <option name="hideEmptyMiddlePackages" value="true" />
    <option name="showLibraryContents" value="true" />
  </component>
  <component name="PropertiesComponent">{
  &quot;keyToString&quot;: {
    &quot;RunOnceActivity.OpenProjectViewOnStart&quot;: &quot;true&quot;,
    &quot;RunOnceActivity.ShowReadmeOnStart&quot;: &quot;true&quot;,
    &quot;git-widget-placeholder&quot;: &quot;main&quot;,
    &quot;last_opened_file_path&quot;: &quot;/home/;
  }
}</component>
  <component name="SharedIndexes">
    <attachedChunks>
      <set>
        <option value="bundled-python-sdk-50da183f06c8-d3b881c8e49f-com.jetbrains.pycharm.community.sharedIndexes.bundled-PC-233.13135.95" />
      </set>
    </attachedChunks>
  </component>
  <component name="SpellCheckerSettings" RuntimeDictionaries="0" Folders="0" CustomDictionaries="0" DefaultDictionary="application-level" UseSingleDictionary="true" transferred="true" />
  <component name="TaskManager">
    <task active="true" id="Default" summary="Default task">
      <changelist id="1877bac6-6b55-4372-a19d-a8b653462223" name="Changes" comment="" />
      <created>1689391613260</created>
      <option name="number" value="Default" />
      <option name="presentableId" value="Default" />
      <updated>1689391613260</updated>
    </task>
    <servers />
  </component>
  <component name="Vcs.Log.Tabs.Properties">
    <option name="TAB_STATES">
      <map>
        <entry key="MAIN">
          <value>
            <State />
          </value>
        </entry>
      </map>
    </option>
  </component>
</project>